Dataset,n,d,Method,Activation,Bin,Bin ID,Bin Rank,Target Coverage,Coverage (mean),Coverage (std),Avg Width (mean),Avg Width (std),Avg Width (orig),Median Width,Width Std,Worst-Bin Cov (mean),Worst-Bin Cov (std),Best-Bin Cov,Cov Range,Bin Count (mean),Winkler Score (mean),Winkler Score (std),Width-Error Corr (mean),Width-Error Corr (std),CCV (mean),CCV (std)
diabetes,442,10,Global CQR,RELU,Overall,,,90%,0.9218045112781954,0.03175746177735772,2.8670842170715334,0.2078508848487187,218.35085961895658,2.8282227516174316,0.6896297335624695,0.813105413105413,0.05857039897098055,0.9925925925925926,0.17948717948717946,,3.4290663242340087,0.26861320348288015,-0.08237674380652607,0.0825417538614693,0.006666341993977319,0.002200551688728967
diabetes,442,10,Global CQR,RELU,Bin 1,2,1,90%,0.8222222222222222,0.05443310539518174,2.4187507152557375,,,,,,,,,27.0,,,,,,
diabetes,442,10,Global CQR,RELU,Bin 2,1,2,90%,0.876923076923077,0.07457969011409736,2.5986504554748535,,,,,,,,,26.0,,,,,,
diabetes,442,10,Global CQR,RELU,Bin 3,3,3,90%,0.9461538461538461,0.04615384615384615,2.772592306137085,,,,,,,,,26.0,,,,,,
diabetes,442,10,Global CQR,RELU,Bin 4,4,4,90%,0.9777777777777776,0.018144368465060606,3.507080316543579,,,,,,,,,27.0,,,,,,
diabetes,442,10,Global CQR,RELU,Bin 5,0,5,90%,0.9851851851851852,0.018144368465060606,3.0249061584472656,,,,,,,,,27.0,,,,,,
diabetes,442,10,Local CQR (Silverman),RELU,Overall,,,90%,0.825563909774436,0.02300309555004266,2.4019420741261674,0.13455768300955487,182.85786395882556,2.3934025287628176,1.0278332944004203,0.7521367521367522,0.03654061349966001,0.9233618233618234,0.17122507122507122,,3.6133975136166505,0.2595574506453264,0.1792513742696121,0.09937277919805801,0.0100376782655985,0.003919717689964467
diabetes,442,10,Local CQR (Silverman),RELU,Bin 1,0,1,90%,0.8,0.03777051491550212,1.7550511270114153,,,,,,,,,27.0,,,,,,
diabetes,442,10,Local CQR (Silverman),RELU,Bin 2,2,2,90%,0.8,0.050239481356483456,2.5391535341739653,,,,,,,,,27.0,,,,,,
diabetes,442,10,Local CQR (Silverman),RELU,Bin 3,1,3,90%,0.8384615384615385,0.08904489925223252,2.615117940537636,,,,,,,,,26.0,,,,,,
diabetes,442,10,Local CQR (Silverman),RELU,Bin 4,4,4,90%,0.8444444444444444,0.08574694002066834,2.52610802727136,,,,,,,,,27.0,,,,,,
diabetes,442,10,Local CQR (Silverman),RELU,Bin 5,3,5,90%,0.8461538461538461,0.03440104580768905,2.5891071852488348,,,,,,,,,26.0,,,,,,
diabetes,442,10,Local CQR (Scott),RELU,Overall,,,90%,0.825563909774436,0.02300309555004266,2.4019420741261674,0.13455768300955487,182.85786395882556,2.3934025287628176,1.0278332944004203,0.7521367521367522,0.03654061349966001,0.9233618233618234,0.17122507122507122,,3.6133975136166505,0.2595574506453264,0.1792513742696121,0.09937277919805801,0.0100376782655985,0.003919717689964467
diabetes,442,10,Local CQR (Scott),RELU,Bin 1,0,1,90%,0.8,0.03777051491550212,1.7550511270114153,,,,,,,,,27.0,,,,,,
diabetes,442,10,Local CQR (Scott),RELU,Bin 2,2,2,90%,0.8,0.050239481356483456,2.5391535341739653,,,,,,,,,27.0,,,,,,
diabetes,442,10,Local CQR (Scott),RELU,Bin 3,1,3,90%,0.8384615384615385,0.08904489925223252,2.615117940537636,,,,,,,,,26.0,,,,,,
diabetes,442,10,Local CQR (Scott),RELU,Bin 4,4,4,90%,0.8444444444444444,0.08574694002066834,2.52610802727136,,,,,,,,,27.0,,,,,,
diabetes,442,10,Local CQR (Scott),RELU,Bin 5,3,5,90%,0.8461538461538461,0.03440104580768905,2.5891071852488348,,,,,,,,,26.0,,,,,,
diabetes,442,10,Local CQR (ISJ),RELU,Overall,,,90%,0.7699248120300752,0.04526290810012758,2.2613330156968985,0.14416339261318728,172.11808690684643,2.278098648786545,1.1159863154610181,0.6760683760683761,0.04976874467990347,0.8589743589743589,0.18290598290598292,,4.161878273407771,0.46753348726938854,0.0759397559742796,0.1343220843560491,0.02366167482406799,0.01303973790410498
diabetes,442,10,Local CQR (ISJ),RELU,Bin 1,2,1,90%,0.7407407407407407,0.03312693299999688,2.3044551240488267,,,,,,,,,27.0,,,,,,
diabetes,442,10,Local CQR (ISJ),RELU,Bin 2,3,2,90%,0.7461538461538461,0.05217176910096361,2.3121432898136285,,,,,,,,,26.0,,,,,,
diabetes,442,10,Local CQR (ISJ),RELU,Bin 3,1,3,90%,0.7615384615384615,0.13189560153447885,2.302236462237519,,,,,,,,,26.0,,,,,,
diabetes,442,10,Local CQR (ISJ),RELU,Bin 4,0,4,90%,0.7777777777777777,0.06625386599999376,1.7806792515104644,,,,,,,,,27.0,,,,,,
diabetes,442,10,Local CQR (ISJ),RELU,Bin 5,4,5,90%,0.8222222222222222,0.05925925925925926,2.610547755342843,,,,,,,,,27.0,,,,,,
diabetes,442,10,Local CQR (Fixed h=0.60),RELU,Overall,,,90%,0.8781954887218045,0.012030075187969924,2.614028350819774,0.1685571703975259,198.87023723027897,2.5979727506637573,0.7989086107867436,0.8028490028490027,0.029739004787919944,0.9544159544159545,0.1515669515669516,,3.265897062668678,0.21549484952801903,0.17555980036745816,0.050666301936627516,0.003992353958165926,0.0026356774890026412
diabetes,442,10,Local CQR (Fixed h=0.60),RELU,Bin 1,4,1,90%,0.8592592592592592,0.04319223625811335,2.6955572429157435,,,,,,,,,27.0,,,,,,
diabetes,442,10,Local CQR (Fixed h=0.60),RELU,Bin 2,0,2,90%,0.8592592592592592,0.04913518207933924,2.1153044829765957,,,,,,,,,27.0,,,,,,
diabetes,442,10,Local CQR (Fixed h=0.60),RELU,Bin 3,2,3,90%,0.874074074074074,0.01814436846506055,2.729207117248465,,,,,,,,,27.0,,,,,,
diabetes,442,10,Local CQR (Fixed h=0.60),RELU,Bin 4,1,4,90%,0.8923076923076924,0.0784464540552736,2.7576263315643863,,,,,,,,,26.0,,,,,,
diabetes,442,10,Local CQR (Fixed h=0.60),RELU,Bin 5,3,5,90%,0.9076923076923077,0.0713355268884285,2.7840625874443914,,,,,,,,,26.0,,,,,,
diabetes,442,10,Local CQR (Fixed h=0.80),RELU,Overall,,,90%,0.9037593984962407,0.009974811399565119,2.7309880695620876,0.20633763638583952,207.74945023555023,2.688496619462967,0.6809696857151043,0.8333333333333333,0.030432365112767132,0.9772079772079773,0.14387464387464388,,3.198798784837687,0.19100455181899367,0.13146394098460962,0.06315567220126511,0.0031815813183334552,0.002002872984360413
diabetes,442,10,Local CQR (Fixed h=0.80),RELU,Bin 1,2,1,90%,0.8814814814814813,0.014814814814814791,2.763404232705081,,,,,,,,,27.0,,,,,,
diabetes,442,10,Local CQR (Fixed h=0.80),RELU,Bin 2,0,2,90%,0.8814814814814815,0.04319223625811335,2.3383952455388175,,,,,,,,,27.0,,,,,,
diabetes,442,10,Local CQR (Fixed h=0.80),RELU,Bin 3,1,3,90%,0.9076923076923077,0.057563959796522186,2.811889218596312,,,,,,,,,26.0,,,,,,
diabetes,442,10,Local CQR (Fixed h=0.80),RELU,Bin 4,4,4,90%,0.9111111111111111,0.05543196128553988,2.8871754769925717,,,,,,,,,27.0,,,,,,
diabetes,442,10,Local CQR (Fixed h=0.80),RELU,Bin 5,3,5,90%,0.9384615384615385,0.07133552688842848,2.8619219144949546,,,,,,,,,26.0,,,,,,
diabetes,442,10,Local CQR (Fixed h=1.00),RELU,Overall,,,90%,0.9157894736842105,0.02443319820943145,2.8147299329813267,0.1876444569310012,214.17037542800682,2.7656004786491395,0.6345584714934578,0.8495726495726494,0.04738774795086877,0.9849002849002849,0.13532763532763534,,3.199571699329785,0.2720659796468247,0.09667862062971828,0.06352096688571787,0.004099528412918727,0.001849128704807539
diabetes,442,10,Local CQR (Fixed h=1.00),RELU,Bin 1,2,1,90%,0.8518518518518519,0.04684855792842045,2.745611277995286,,,,,,,,,27.0,,,,,,
diabetes,442,10,Local CQR (Fixed h=1.00),RELU,Bin 2,1,2,90%,0.9,0.05217176910096361,2.810918029684287,,,,,,,,,26.0,,,,,,
diabetes,442,10,Local CQR (Fixed h=1.00),RELU,Bin 3,0,3,90%,0.9259259259259259,0.04684855792842045,2.5068285479589747,,,,,,,,,27.0,,,,,,
diabetes,442,10,Local CQR (Fixed h=1.00),RELU,Bin 4,3,4,90%,0.9461538461538461,0.05756395979652218,2.921116884167378,,,,,,,,,26.0,,,,,,
diabetes,442,10,Local CQR (Fixed h=1.00),RELU,Bin 5,4,5,90%,0.9555555555555555,0.04319223625811335,3.0929740009484465,,,,,,,,,27.0,,,,,,
diabetes,442,10,Local CQR (Fixed h=1.20),RELU,Overall,,,90%,0.9353383458646617,0.024982327407272412,2.868993324153405,0.17188580406730578,218.35235340774838,2.821202313899994,0.6050092156480835,0.8495726495726494,0.04738774795086877,1.0,0.15042735042735045,,3.2232647297749843,0.23781757728386974,0.07879476042740155,0.07248342277640876,0.005697194016282334,0.002190998247284967
diabetes,442,10,Local CQR (Fixed h=1.20),RELU,Bin 1,2,1,90%,0.8518518518518519,0.04684855792842045,2.7472558716932935,,,,,,,,,27.0,,,,,,
diabetes,442,10,Local CQR (Fixed h=1.20),RELU,Bin 2,1,2,90%,0.9,0.06249260311258432,2.822387832632431,,,,,,,,,26.0,,,,,,
diabetes,442,10,Local CQR (Fixed h=1.20),RELU,Bin 3,3,3,90%,0.9692307692307693,0.03768445758127964,2.9448383439045687,,,,,,,,,26.0,,,,,,
diabetes,442,10,Local CQR (Fixed h=1.20),RELU,Bin 4,0,4,90%,0.9777777777777776,0.029629629629629634,2.650328682638981,,,,,,,,,27.0,,,,,,
diabetes,442,10,Local CQR (Fixed h=1.20),RELU,Bin 5,4,5,90%,0.9777777777777779,0.029629629629629634,3.18123883538776,,,,,,,,,27.0,,,,,,
diabetes,442,10,Local CQR (Fixed h=1.40),RELU,Overall,,,90%,0.9338345864661655,0.026646684431081737,2.8919401375646876,0.1547340502845897,220.1326045037851,2.8508734941482543,0.5821281524796923,0.8353276353276353,0.0523286676873794,1.0,0.16467236467236468,,3.259636585940992,0.23443214883273839,0.05011045857925106,0.06754351925064836,0.006259868020551779,0.0024763028814095115
diabetes,442,10,Local CQR (Fixed h=1.40),RELU,Bin 1,2,1,90%,0.8444444444444444,0.04319223625811336,2.716375784299992,,,,,,,,,27.0,,,,,,
diabetes,442,10,Local CQR (Fixed h=1.40),RELU,Bin 2,1,2,90%,0.8923076923076924,0.07457969011409736,2.807959945156024,,,,,,,,,26.0,,,,,,
diabetes,442,10,Local CQR (Fixed h=1.40),RELU,Bin 3,3,3,90%,0.9692307692307693,0.03768445758127964,2.953426613945227,,,,,,,,,26.0,,,,,,
diabetes,442,10,Local CQR (Fixed h=1.40),RELU,Bin 4,0,4,90%,0.9777777777777776,0.029629629629629634,2.772449233465725,,,,,,,,,27.0,,,,,,
diabetes,442,10,Local CQR (Fixed h=1.40),RELU,Bin 5,4,5,90%,0.9851851851851852,0.018144368465060606,3.208656010362837,,,,,,,,,27.0,,,,,,
diabetes,442,10,Local CQR (Fixed h=1.60),RELU,Overall,,,90%,0.9353383458646617,0.025430878985395148,2.91607046160931,0.1628451605416189,221.98818468851195,2.883639520406723,0.5812033817566472,0.8353276353276353,0.0523286676873794,1.0,0.16467236467236468,,3.303206054227693,0.24183795763954063,0.011485136549058687,0.06511360814314122,0.006062337156354248,0.0022233293761694723
diabetes,442,10,Local CQR (Fixed h=1.60),RELU,Bin 1,2,1,90%,0.8518518518518519,0.04057204129667899,2.68022601891447,,,,,,,,,27.0,,,,,,
diabetes,442,10,Local CQR (Fixed h=1.60),RELU,Bin 2,1,2,90%,0.8923076923076924,0.07457969011409736,2.791086524954209,,,,,,,,,26.0,,,,,,
diabetes,442,10,Local CQR (Fixed h=1.60),RELU,Bin 3,3,3,90%,0.9692307692307693,0.03768445758127964,2.9512592317966315,,,,,,,,,26.0,,,,,,
diabetes,442,10,Local CQR (Fixed h=1.60),RELU,Bin 4,0,4,90%,0.9777777777777776,0.029629629629629634,2.8725129208079094,,,,,,,,,27.0,,,,,,
diabetes,442,10,Local CQR (Fixed h=1.60),RELU,Bin 5,4,5,90%,0.9851851851851852,0.018144368465060606,3.2819418646671155,,,,,,,,,27.0,,,,,,
diabetes,442,10,Local CQR (Fixed h=1.80),RELU,Overall,,,90%,0.9353383458646617,0.025871654938474067,2.9337509810252294,0.1667531836502085,223.34214283674154,2.9027122616767884,0.596237131115617,0.8356125356125356,0.045240873484397065,1.0,0.1643874643874644,,3.3383489813795664,0.24883113924470393,-0.009450064008246873,0.07082122793535141,0.00591667275427959,0.0016136099320352357
diabetes,442,10,Local CQR (Fixed h=1.80),RELU,Bin 1,2,1,90%,0.8444444444444444,0.04319223625811336,2.632560901067875,,,,,,,,,27.0,,,,,,
diabetes,442,10,Local CQR (Fixed h=1.80),RELU,Bin 2,1,2,90%,0.9,0.06249260311258432,2.783139875072699,,,,,,,,,26.0,,,,,,
diabetes,442,10,Local CQR (Fixed h=1.80),RELU,Bin 3,3,3,90%,0.9692307692307693,0.03768445758127964,2.9432054540285697,,,,,,,,,26.0,,,,,,
diabetes,442,10,Local CQR (Fixed h=1.80),RELU,Bin 4,0,4,90%,0.9777777777777776,0.029629629629629634,2.950850333659737,,,,,,,,,27.0,,,,,,
diabetes,442,10,Local CQR (Fixed h=1.80),RELU,Bin 5,4,5,90%,0.9851851851851852,0.018144368465060606,3.3537703178547047,,,,,,,,,27.0,,,,,,
diabetes,442,10,Local CQR (Fixed h=2.00),RELU,Overall,,,90%,0.9353383458646617,0.025871654938474067,2.9560856877188932,0.16918814452814207,225.06305163262647,2.925862669944763,0.6136553190955926,0.8356125356125356,0.045240873484397065,1.0,0.1643874643874644,,3.3754078512577186,0.2422663733226146,-0.04601290029709325,0.07125090968621754,0.006036525677551316,0.001462646249973462
diabetes,442,10,Local CQR (Fixed h=2.00),RELU,Bin 1,2,1,90%,0.8444444444444444,0.04319223625811336,2.6122036066320207,,,,,,,,,27.0,,,,,,
diabetes,442,10,Local CQR (Fixed h=2.00),RELU,Bin 2,1,2,90%,0.9,0.06249260311258432,2.7675882149201176,,,,,,,,,26.0,,,,,,
diabetes,442,10,Local CQR (Fixed h=2.00),RELU,Bin 3,3,3,90%,0.9615384615384617,0.04865042554105199,2.932004250700657,,,,,,,,,26.0,,,,,,
diabetes,442,10,Local CQR (Fixed h=2.00),RELU,Bin 4,0,4,90%,0.9851851851851852,0.018144368465060606,3.0350667287906012,,,,,,,,,27.0,,,,,,
diabetes,442,10,Local CQR (Fixed h=2.00),RELU,Bin 5,4,5,90%,0.9851851851851852,0.018144368465060606,3.425692344594885,,,,,,,,,27.0,,,,,,
diabetes,442,10,Local CQR (Fixed h=2.20),RELU,Overall,,,90%,0.9338345864661655,0.026646684431081737,2.9501246626888,0.17870149757285372,224.63505745030247,2.9391641139984133,0.6383320700278595,0.8207977207977208,0.0547008547008547,1.0,0.1792022792022792,,3.405722079487672,0.25203050775513536,-0.06240902379828439,0.07783595830595218,0.006892492755740618,0.0015081737805031404
diabetes,442,10,Local CQR (Fixed h=2.20),RELU,Bin 1,2,1,90%,0.8296296296296296,0.05543196128553987,2.553085781689043,,,,,,,,,27.0,,,,,,
diabetes,442,10,Local CQR (Fixed h=2.20),RELU,Bin 2,1,2,90%,0.9,0.06249260311258432,2.728080334342443,,,,,,,,,26.0,,,,,,
diabetes,442,10,Local CQR (Fixed h=2.20),RELU,Bin 3,3,3,90%,0.9615384615384617,0.04865042554105199,2.914578114793851,,,,,,,,,26.0,,,,,,
diabetes,442,10,Local CQR (Fixed h=2.20),RELU,Bin 4,4,4,90%,0.9851851851851852,0.018144368465060606,3.4746796550574124,,,,,,,,,27.0,,,,,,
diabetes,442,10,Local CQR (Fixed h=2.20),RELU,Bin 5,0,5,90%,0.9925925925925926,0.014814814814814836,3.070659024737499,,,,,,,,,27.0,,,,,,
california_housing,20640,8,Global CQR,RELU,Overall,,,90%,0.9006054734802615,0.0065679334055707035,1.5475412130355835,0.04209104723033984,1.7852699910699108,1.4774009227752685,1.47426016330719,0.8759938366718029,0.012231041704973302,0.9217559615525717,0.04576212488076894,,2.0844107627868653,0.06877894881949831,0.5568055391311646,0.21238538263416218,0.00034569581795315565,0.00016615568742824012
california_housing,20640,8,Global CQR,RELU,Bin 1,0,1,90%,0.8883777239709444,0.0110799624103124,1.7926323652267455,,,,,,,,,826.0,,,,,,
california_housing,20640,8,Global CQR,RELU,Bin 2,3,2,90%,0.8983050847457628,0.012766514601902229,1.3872363090515136,,,,,,,,,826.0,,,,,,
california_housing,20640,8,Global CQR,RELU,Bin 3,4,3,90%,0.8997578692493947,0.017382896945082375,1.3744875192642212,,,,,,,,,826.0,,,,,,
california_housing,20640,8,Global CQR,RELU,Bin 4,2,4,90%,0.8998787878787878,0.026618137660723993,1.5897444009780883,,,,,,,,,825.0,,,,,,
california_housing,20640,8,Global CQR,RELU,Bin 5,1,5,90%,0.9167070217917676,0.0038589291647722506,1.593656635284424,,,,,,,,,826.0,,,,,,
california_housing,20640,8,Local CQR (Silverman),RELU,Overall,,,90%,0.7845967546621458,0.00535583647378653,1.3482211978542942,0.033115467717726985,1.555349903861022,1.2415927024774254,1.5925792772930951,0.7434640839386601,0.010452563254748611,0.8171912832929783,0.07372719935431801,,2.6068159373806052,0.1097552770927877,0.49700059054634116,0.24316795170306918,0.014078777051181495,0.0009626631874173735
california_housing,20640,8,Local CQR (Silverman),RELU,Bin 1,4,1,90%,0.7694915254237288,0.03224614395077289,1.2037840731117995,,,,,,,,,826.0,,,,,,
california_housing,20640,8,Local CQR (Silverman),RELU,Bin 2,2,2,90%,0.7813333333333332,0.023598726833722116,1.3809852257598059,,,,,,,,,825.0,,,,,,
california_housing,20640,8,Local CQR (Silverman),RELU,Bin 3,3,3,90%,0.7828087167070218,0.019105328372473494,1.2088261268997387,,,,,,,,,826.0,,,,,,
california_housing,20640,8,Local CQR (Silverman),RELU,Bin 4,0,4,90%,0.7874092009685232,0.017720265824244078,1.5788761901551067,,,,,,,,,826.0,,,,,,
california_housing,20640,8,Local CQR (Silverman),RELU,Bin 5,1,5,90%,0.8019370460048426,0.03125832030480936,1.3686740392383685,,,,,,,,,826.0,,,,,,
california_housing,20640,8,Local CQR (Scott),RELU,Overall,,,90%,0.776749818357956,0.009365435922388544,1.3398821854732559,0.026158327805973127,1.5457253965997775,1.2268125154846963,1.5998866313112903,0.7394673123486684,0.010973626337651029,0.8084246826619708,0.06895737031330254,,2.6400641378091843,0.10442657403641846,0.4942914459142479,0.2435067140857076,0.015985676201140015,0.0021866417056977793
california_housing,20640,8,Local CQR (Scott),RELU,Bin 1,4,1,90%,0.7615012106537529,0.026667379955948436,1.197334565043399,,,,,,,,,826.0,,,,,,
california_housing,20640,8,Local CQR (Scott),RELU,Bin 2,3,2,90%,0.772639225181598,0.025674994947819017,1.1936211530633165,,,,,,,,,826.0,,,,,,
california_housing,20640,8,Local CQR (Scott),RELU,Bin 3,2,3,90%,0.7767272727272727,0.021415818497316642,1.376348706261801,,,,,,,,,825.0,,,,,,
california_housing,20640,8,Local CQR (Scott),RELU,Bin 4,0,4,90%,0.7801452784503632,0.025355610346873378,1.5707492858835495,,,,,,,,,826.0,,,,,,
california_housing,20640,8,Local CQR (Scott),RELU,Bin 5,1,5,90%,0.7927360774818403,0.03141547349226745,1.3614013654444659,,,,,,,,,826.0,,,,,,
california_housing,20640,8,Local CQR (ISJ),RELU,Overall,,,90%,0.8781787357713732,0.005862784420881668,1.5018420837441528,0.05091367867905713,1.7325662328908575,1.427879904420677,1.4987795621220943,0.851044977621249,0.019421189752018005,0.9016447281532027,0.05059975053195394,,2.188219261169682,0.07041500305894939,0.5411901634987112,0.2207401775780735,0.00094219674354041,0.0006949529213966589
california_housing,20640,8,Local CQR (ISJ),RELU,Bin 1,0,1,90%,0.8675544794188861,0.01439812953735447,1.7344265387234963,,,,,,,,,826.0,,,,,,
california_housing,20640,8,Local CQR (ISJ),RELU,Bin 2,2,2,90%,0.8736969696969699,0.030331138479003827,1.5411869478440807,,,,,,,,,825.0,,,,,,
california_housing,20640,8,Local CQR (ISJ),RELU,Bin 3,3,3,90%,0.8774818401937047,0.011444360579270223,1.3540359362105252,,,,,,,,,826.0,,,,,,
california_housing,20640,8,Local CQR (ISJ),RELU,Bin 4,4,4,90%,0.8784503631961258,0.019560208647574562,1.3382517652002712,,,,,,,,,826.0,,,,,,
california_housing,20640,8,Local CQR (ISJ),RELU,Bin 5,1,5,90%,0.8937046004842616,0.017733494841259606,1.541356863749777,,,,,,,,,826.0,,,,,,
california_housing,20640,8,Local CQR (Fixed h=0.60),RELU,Overall,,,90%,0.893242915960281,0.009697742303977262,1.5262994225055888,0.04283748769086067,1.760739208139391,1.4344750046730042,1.4899914422003917,0.8694351749944971,0.013927432023124237,0.9150121065375304,0.04557693154303324,,2.0782308712779987,0.06922546117543961,0.5568401114191918,0.21222120426174934,0.0004480961949423097,0.0002898600250067457
california_housing,20640,8,Local CQR (Fixed h=0.60),RELU,Bin 1,4,1,90%,0.8799031476997579,0.017750017247565364,1.327534424507143,,,,,,,,,826.0,,,,,,
california_housing,20640,8,Local CQR (Fixed h=0.60),RELU,Bin 2,0,2,90%,0.888135593220339,0.010844646816735446,1.7976793036331145,,,,,,,,,826.0,,,,,,
california_housing,20640,8,Local CQR (Fixed h=0.60),RELU,Bin 3,3,3,90%,0.8907990314769976,0.01976593862659421,1.3612564290898792,,,,,,,,,826.0,,,,,,
california_housing,20640,8,Local CQR (Fixed h=0.60),RELU,Bin 4,2,4,90%,0.8943030303030304,0.02205128008003265,1.5729998881178484,,,,,,,,,825.0,,,,,,
california_housing,20640,8,Local CQR (Fixed h=0.60),RELU,Bin 5,1,5,90%,0.9130750605326877,0.00990666951354907,1.5720836052739207,,,,,,,,,826.0,,,,,,
california_housing,20640,8,Local CQR (Fixed h=0.80),RELU,Overall,,,90%,0.8953741826108017,0.008797844275429727,1.530283540540249,0.0413410718653677,1.7653418929569313,1.4443899109959601,1.4812303071056412,0.8718553085332745,0.012128422783092827,0.9149930295693007,0.04313772103602613,,2.07625645012415,0.06797990663040876,0.5584864894829387,0.21180706297697463,0.0003739613229615881,0.00018284449494208752
california_housing,20640,8,Local CQR (Fixed h=0.80),RELU,Bin 1,4,1,90%,0.8852300242130748,0.017366025256214137,1.3349291616006667,,,,,,,,,826.0,,,,,,
california_housing,20640,8,Local CQR (Fixed h=0.80),RELU,Bin 2,0,2,90%,0.8915254237288135,0.009642764044426065,1.8002610485765533,,,,,,,,,826.0,,,,,,
california_housing,20640,8,Local CQR (Fixed h=0.80),RELU,Bin 3,3,3,90%,0.8924939467312349,0.015302203689418849,1.366863354775281,,,,,,,,,826.0,,,,,,
california_housing,20640,8,Local CQR (Fixed h=0.80),RELU,Bin 4,2,4,90%,0.8943030303030304,0.023868633435437787,1.5736638206738065,,,,,,,,,825.0,,,,,,
california_housing,20640,8,Local CQR (Fixed h=0.80),RELU,Bin 5,1,5,90%,0.913317191283293,0.010735980279610344,1.575752835573889,,,,,,,,,826.0,,,,,,
california_housing,20640,8,Local CQR (Fixed h=1.00),RELU,Overall,,,90%,0.897069508355534,0.008524240916442499,1.535410551138205,0.04166261864938167,1.7712617961885933,1.4534098863601685,1.476813534882951,0.873543179983858,0.012060777996191978,0.9154775845623304,0.04193440457847233,,2.0803277557092414,0.06814324465265152,0.5575467565923733,0.212276480016967,0.0003492919006610622,0.00015912641973751872
california_housing,20640,8,Local CQR (Fixed h=1.00),RELU,Bin 1,4,1,90%,0.8878934624697337,0.017028523944326614,1.3465369287835176,,,,,,,,,826.0,,,,,,
california_housing,20640,8,Local CQR (Fixed h=1.00),RELU,Bin 2,0,2,90%,0.8934624697336562,0.01112221218194271,1.8010744724796055,,,,,,,,,826.0,,,,,,
california_housing,20640,8,Local CQR (Fixed h=1.00),RELU,Bin 3,3,3,90%,0.8941888619854721,0.013837512893200557,1.3713199707026775,,,,,,,,,826.0,,,,,,
california_housing,20640,8,Local CQR (Fixed h=1.00),RELU,Bin 4,2,4,90%,0.8972121212121212,0.025865655599222537,1.5774269777313772,,,,,,,,,825.0,,,,,,
california_housing,20640,8,Local CQR (Fixed h=1.00),RELU,Bin 5,1,5,90%,0.912590799031477,0.009104888947681937,1.58074527333839,,,,,,,,,826.0,,,,,,
california_housing,20640,8,Local CQR (Fixed h=1.20),RELU,Overall,,,90%,0.89842576895132,0.009338089328015374,1.5379517671508238,0.04199519215224918,1.7741954158860356,1.4600305706262589,1.4741366499844741,0.877417565485362,0.012242074320565718,0.9159430625871303,0.038525497101768266,,2.0811307004990445,0.06751974540434498,0.5576717320370433,0.21218865364092615,0.0003113695513629551,0.00013042353321220598
california_housing,20640,8,Local CQR (Fixed h=1.20),RELU,Bin 1,4,1,90%,0.8924939467312349,0.015321348202960173,1.3525754573687334,,,,,,,,,826.0,,,,,,
california_housing,20640,8,Local CQR (Fixed h=1.20),RELU,Bin 2,0,2,90%,0.8937046004842616,0.012308246999650201,1.7998599162540772,,,,,,,,,826.0,,,,,,
california_housing,20640,8,Local CQR (Fixed h=1.20),RELU,Bin 3,3,3,90%,0.8951573849878933,0.012688205817505002,1.3741817850079667,,,,,,,,,826.0,,,,,,
california_housing,20640,8,Local CQR (Fixed h=1.20),RELU,Bin 4,2,4,90%,0.8974545454545455,0.025328403174029512,1.578656100865882,,,,,,,,,825.0,,,,,,
california_housing,20640,8,Local CQR (Fixed h=1.20),RELU,Bin 5,1,5,90%,0.9133171912832928,0.008052440265528297,1.5845348551118368,,,,,,,,,826.0,,,,,,
california_housing,20640,8,Local CQR (Fixed h=1.40),RELU,Overall,,,90%,0.8991523371276339,0.008579933088102516,1.5398591409637234,0.04179890060340467,1.7764015229101688,1.467275822162628,1.4734193050836684,0.8784171986205884,0.012425184826904419,0.9169297820823245,0.03851258346173601,,2.0806487802849354,0.06760882806483351,0.5569781383095566,0.2126191531768614,0.00030365951029751915,0.00013006886844889123
california_housing,20640,8,Local CQR (Fixed h=1.40),RELU,Bin 1,0,1,90%,0.8924939467312349,0.012092000958047234,1.798413328203494,,,,,,,,,826.0,,,,,,
california_housing,20640,8,Local CQR (Fixed h=1.40),RELU,Bin 2,4,2,90%,0.8951573849878935,0.015998962263130075,1.3569424049320022,,,,,,,,,826.0,,,,,,
california_housing,20640,8,Local CQR (Fixed h=1.40),RELU,Bin 3,3,3,90%,0.8963680387409202,0.012962478270531897,1.3769914619337291,,,,,,,,,826.0,,,,,,
california_housing,20640,8,Local CQR (Fixed h=1.40),RELU,Bin 4,2,4,90%,0.8974545454545455,0.024079452202354454,1.5801811039006197,,,,,,,,,825.0,,,,,,
california_housing,20640,8,Local CQR (Fixed h=1.40),RELU,Bin 5,1,5,90%,0.9142857142857143,0.008045156283697895,1.586816221784532,,,,,,,,,826.0,,,,,,
california_housing,20640,8,Local CQR (Fixed h=1.60),RELU,Overall,,,90%,0.8996851537902641,0.007679198930151618,1.5412964627421935,0.04192071516274978,1.7780639539777596,1.4707427978515626,1.4732188357561904,0.8791438843642233,0.011937404885155059,0.9181222393425783,0.03897835497835498,,2.0798740062480965,0.06643342270973283,0.5572498800539119,0.21228208395883136,0.00029509252936860293,0.0001373142841926689
california_housing,20640,8,Local CQR (Fixed h=1.60),RELU,Bin 1,0,1,90%,0.8920096852300242,0.010812161531121585,1.7968022916975563,,,,,,,,,826.0,,,,,,
california_housing,20640,8,Local CQR (Fixed h=1.60),RELU,Bin 2,3,2,90%,0.8966101694915254,0.012688205817504995,1.3782940414048626,,,,,,,,,826.0,,,,,,
california_housing,20640,8,Local CQR (Fixed h=1.60),RELU,Bin 3,4,3,90%,0.8973365617433414,0.015976960471015603,1.3610778369173535,,,,,,,,,826.0,,,,,,
california_housing,20640,8,Local CQR (Fixed h=1.60),RELU,Bin 4,2,4,90%,0.8976969696969699,0.023784771076675947,1.581861150012868,,,,,,,,,825.0,,,,,,
california_housing,20640,8,Local CQR (Fixed h=1.60),RELU,Bin 5,1,5,90%,0.9147699757869248,0.008408598234472325,1.5884961034692122,,,,,,,,,826.0,,,,,,
california_housing,20640,8,Local CQR (Fixed h=1.80),RELU,Overall,,,90%,0.8997335916686848,0.006975727208484262,1.5426903774696161,0.04203736770521953,1.7796748294330205,1.4724235117435456,1.473109257007867,0.8796278523736152,0.011674376064609351,0.9178985985765646,0.03827074620294957,,2.080131193947114,0.06657490037177509,0.5572961460667164,0.21234171885838266,0.0002758731421720482,0.00012665843752792029
california_housing,20640,8,Local CQR (Fixed h=1.80),RELU,Bin 1,0,1,90%,0.8915254237288135,0.00958177188252269,1.7972233344054291,,,,,,,,,826.0,,,,,,
california_housing,20640,8,Local CQR (Fixed h=1.80),RELU,Bin 2,3,2,90%,0.8973365617433415,0.011185287614964732,1.3791100386379038,,,,,,,,,826.0,,,,,,
california_housing,20640,8,Local CQR (Fixed h=1.80),RELU,Bin 3,2,3,90%,0.8974545454545456,0.023184174964373777,1.5828573711831493,,,,,,,,,825.0,,,,,,
california_housing,20640,8,Local CQR (Fixed h=1.80),RELU,Bin 4,4,4,90%,0.8978208232445521,0.016072084043850927,1.364380119011407,,,,,,,,,826.0,,,,,,
california_housing,20640,8,Local CQR (Fixed h=1.80),RELU,Bin 5,1,5,90%,0.9145278450363195,0.008088761786193738,1.5899296524318782,,,,,,,,,826.0,,,,,,
california_housing,20640,8,Local CQR (Fixed h=2.00),RELU,Overall,,,90%,0.8999273431823687,0.006479460240759123,1.5437042523018083,0.042123928063653046,1.7808464721883912,1.4745822072029113,1.473263277596557,0.878901460121799,0.011273731265906431,0.9186065008437889,0.03970504072198986,,2.080920920695187,0.06686015207460055,0.5570759146581068,0.2124357892146407,0.00027942680985316125,0.0001261457833487899
california_housing,20640,8,Local CQR (Fixed h=2.00),RELU,Bin 1,0,1,90%,0.8912832929782082,0.009390178900564303,1.7971334199283482,,,,,,,,,826.0,,,,,,
california_housing,20640,8,Local CQR (Fixed h=2.00),RELU,Bin 2,3,2,90%,0.8973365617433414,0.010453769077444532,1.380453953189551,,,,,,,,,826.0,,,,,,
california_housing,20640,8,Local CQR (Fixed h=2.00),RELU,Bin 3,2,3,90%,0.8976969696969697,0.023247461032216924,1.5837680155834495,,,,,,,,,825.0,,,,,,
california_housing,20640,8,Local CQR (Fixed h=2.00),RELU,Bin 4,4,4,90%,0.8987893462469734,0.017369400905046933,1.3664881383438108,,,,,,,,,826.0,,,,,,
california_housing,20640,8,Local CQR (Fixed h=2.00),RELU,Bin 5,1,5,90%,0.9145278450363195,0.007525554609162251,1.5907262378092595,,,,,,,,,826.0,,,,,,
california_housing,20640,8,Local CQR (Fixed h=2.20),RELU,Overall,,,90%,0.8999273431823687,0.006023460036506574,1.5441035079574905,0.042021167781817456,1.7813077579981467,1.4743995189666748,1.4733347520851343,0.8791435908724046,0.011232766363491848,0.9195753173380291,0.04043172646562474,,2.0821536891920807,0.066952717530312,0.5569007097046286,0.21250057772525918,0.0002773056392825003,0.0001122490014028116
california_housing,20640,8,Local CQR (Fixed h=2.20),RELU,Bin 1,0,1,90%,0.8917675544794189,0.00914344193147663,1.7964030299150735,,,,,,,,,826.0,,,,,,
california_housing,20640,8,Local CQR (Fixed h=2.20),RELU,Bin 2,3,2,90%,0.89636803874092,0.009853263898002833,1.381314861463474,,,,,,,,,826.0,,,,,,
california_housing,20640,8,Local CQR (Fixed h=2.20),RELU,Bin 3,2,3,90%,0.897939393939394,0.023320657714067827,1.5842986695090056,,,,,,,,,825.0,,,,,,
california_housing,20640,8,Local CQR (Fixed h=2.20),RELU,Bin 4,4,4,90%,0.8987893462469734,0.017934028268417612,1.3673757435391214,,,,,,,,,826.0,,,,,,
california_housing,20640,8,Local CQR (Fixed h=2.20),RELU,Bin 5,1,5,90%,0.914769975786925,0.005960548970988444,1.5911738977839653,,,,,,,,,826.0,,,,,,
concrete,1030,8,Global CQR,RELU,Overall,,,90%,0.8873786407766989,0.020199982568708388,2.059525561332703,0.07405034989346247,34.02761653248484,1.9587985038757325,0.5893555045127868,0.8129032258064516,0.04740947889257764,0.935113696456901,0.12221047065044946,,2.525146007537842,0.06960357839621138,0.30581832528114317,0.05321502030707028,0.002781472873398191,0.0017281327119441719
concrete,1030,8,Global CQR,RELU,Bin 1,0,1,90%,0.867741935483871,0.04493028476511002,2.2090901136398315,,,,,,,,,62.0,,,,,,
concrete,1030,8,Global CQR,RELU,Bin 2,3,2,90%,0.8774193548387096,0.06000346850883312,1.8915936470031738,,,,,,,,,62.0,,,,,,
concrete,1030,8,Global CQR,RELU,Bin 3,1,3,90%,0.8838709677419354,0.07169713151900924,1.9450323343276978,,,,,,,,,62.0,,,,,,
concrete,1030,8,Global CQR,RELU,Bin 4,4,4,90%,0.896774193548387,0.01644845004384768,2.3298476457595827,,,,,,,,,62.0,,,,,,
concrete,1030,8,Global CQR,RELU,Bin 5,2,5,90%,0.9114754098360655,0.03040530654260887,1.919810175895691,,,,,,,,,61.0,,,,,,
concrete,1030,8,Local CQR (Silverman),RELU,Overall,,,90%,0.8362459546925567,0.02840531813267534,1.868605494906019,0.07719589421066395,30.87639985359099,1.810857376369458,0.6794550229773981,0.7451612903225806,0.057161435956997915,0.9153358011634056,0.17017451084082494,,2.8448359959230136,0.11202171447927062,0.24132532079398902,0.05690279635178232,0.009024332185550921,0.0054580195000201075
concrete,1030,8,Local CQR (Silverman),RELU,Bin 1,0,1,90%,0.7580645161290323,0.06993381738283484,1.890290009633005,,,,,,,,,62.0,,,,,,
concrete,1030,8,Local CQR (Silverman),RELU,Bin 2,4,2,90%,0.8,0.04156160879588752,1.8350397801349299,,,,,,,,,62.0,,,,,,
concrete,1030,8,Local CQR (Silverman),RELU,Bin 3,3,3,90%,0.8612903225806452,0.03474299875570648,1.813729323506836,,,,,,,,,62.0,,,,,,
concrete,1030,8,Local CQR (Silverman),RELU,Bin 4,1,4,90%,0.8774193548387096,0.050594797230187484,1.9321277352349207,,,,,,,,,62.0,,,,,,
concrete,1030,8,Local CQR (Silverman),RELU,Bin 5,2,5,90%,0.8852459016393442,0.04863080975144696,1.8718936609567045,,,,,,,,,61.0,,,,,,
concrete,1030,8,Local CQR (Scott),RELU,Overall,,,90%,0.8362459546925567,0.02840531813267534,1.868605494906019,0.07719589421066395,30.87639985359099,1.810857376369458,0.6794550229773981,0.7451612903225806,0.057161435956997915,0.9153358011634056,0.17017451084082494,,2.8448359959230136,0.11202171447927062,0.24132532079398902,0.05690279635178232,0.009024332185550921,0.0054580195000201075
concrete,1030,8,Local CQR (Scott),RELU,Bin 1,0,1,90%,0.7580645161290323,0.06993381738283484,1.890290009633005,,,,,,,,,62.0,,,,,,
concrete,1030,8,Local CQR (Scott),RELU,Bin 2,4,2,90%,0.8,0.04156160879588752,1.8350397801349299,,,,,,,,,62.0,,,,,,
concrete,1030,8,Local CQR (Scott),RELU,Bin 3,3,3,90%,0.8612903225806452,0.03474299875570648,1.813729323506836,,,,,,,,,62.0,,,,,,
concrete,1030,8,Local CQR (Scott),RELU,Bin 4,1,4,90%,0.8774193548387096,0.050594797230187484,1.9321277352349207,,,,,,,,,62.0,,,,,,
concrete,1030,8,Local CQR (Scott),RELU,Bin 5,2,5,90%,0.8852459016393442,0.04863080975144696,1.8718936609567045,,,,,,,,,61.0,,,,,,
concrete,1030,8,Local CQR (ISJ),RELU,Overall,,,90%,0.8,0.028019237309920224,1.7622545091399437,0.09901308157659958,29.112293747519583,1.7237048745155334,0.7181256494435176,0.7129032258064516,0.03592106040535499,0.8898995240613432,0.17699629825489158,,2.9996946655308405,0.15368501521955238,0.24164302629987602,0.029846812941486354,0.01476461437055652,0.005861965750477613
concrete,1030,8,Local CQR (ISJ),RELU,Bin 1,0,1,90%,0.7225806451612904,0.04003120530964794,1.808721293930537,,,,,,,,,62.0,,,,,,
concrete,1030,8,Local CQR (ISJ),RELU,Bin 2,4,2,90%,0.770967741935484,0.04375696763306624,1.734470034425689,,,,,,,,,62.0,,,,,,
concrete,1030,8,Local CQR (ISJ),RELU,Bin 3,3,3,90%,0.832258064516129,0.0389775676567567,1.7160346365994912,,,,,,,,,62.0,,,,,,
concrete,1030,8,Local CQR (ISJ),RELU,Bin 4,2,4,90%,0.8360655737704918,0.058650963344256755,1.7298116198474531,,,,,,,,,61.0,,,,,,
concrete,1030,8,Local CQR (ISJ),RELU,Bin 5,1,5,90%,0.8387096774193548,0.0691858406113781,1.8217116884886049,,,,,,,,,62.0,,,,,,
concrete,1030,8,Local CQR (Fixed h=0.60),RELU,Overall,,,90%,0.8699029126213592,0.02816835617733196,1.9919961812371962,0.11466686105875806,32.90915907353558,1.9151869654655456,0.6191649043258742,0.7903225806451613,0.03950789907714804,0.9382337387625596,0.1479111581173982,,2.572387621155872,0.150976735851831,0.30058367442359246,0.06337373411508115,0.004536651527273979,0.0028385223190163984
concrete,1030,8,Local CQR (Fixed h=0.60),RELU,Bin 1,4,1,90%,0.8258064516129032,0.06403042981057809,1.9946837035125324,,,,,,,,,62.0,,,,,,
concrete,1030,8,Local CQR (Fixed h=0.60),RELU,Bin 2,0,2,90%,0.829032258064516,0.043994134506406,2.103710992574211,,,,,,,,,62.0,,,,,,
concrete,1030,8,Local CQR (Fixed h=0.60),RELU,Bin 3,3,3,90%,0.8806451612903226,0.021878483816533106,1.8855932082019506,,,,,,,,,62.0,,,,,,
concrete,1030,8,Local CQR (Fixed h=0.60),RELU,Bin 4,1,4,90%,0.896774193548387,0.052611311065484175,1.9826741518392677,,,,,,,,,62.0,,,,,,
concrete,1030,8,Local CQR (Fixed h=0.60),RELU,Bin 5,2,5,90%,0.918032786885246,0.0463676577827244,1.9933405331534437,,,,,,,,,61.0,,,,,,
concrete,1030,8,Local CQR (Fixed h=0.80),RELU,Overall,,,90%,0.8828478964401295,0.026163602500204195,2.018593708736804,0.11146463355821261,33.34644470997111,1.9283116891980172,0.585044251416012,0.8193548387096774,0.03734140936383945,0.9415124272871497,0.12215758857747219,,2.5546123986684006,0.14062963004325485,0.30654748317730945,0.06194266254055699,0.003032123831861295,0.0021166598099308692
concrete,1030,8,Local CQR (Fixed h=0.80),RELU,Bin 1,0,1,90%,0.8483870967741935,0.041561608795887495,2.1468849716047127,,,,,,,,,62.0,,,,,,
concrete,1030,8,Local CQR (Fixed h=0.80),RELU,Bin 2,4,2,90%,0.8483870967741935,0.0582434518879606,2.053957305584223,,,,,,,,,62.0,,,,,,
concrete,1030,8,Local CQR (Fixed h=0.80),RELU,Bin 3,3,3,90%,0.8935483870967742,0.026206575498825654,1.897251907003022,,,,,,,,,62.0,,,,,,
concrete,1030,8,Local CQR (Fixed h=0.80),RELU,Bin 4,1,4,90%,0.9,0.042551309542815836,1.974575984898594,,,,,,,,,62.0,,,,,,
concrete,1030,8,Local CQR (Fixed h=0.80),RELU,Bin 5,2,5,90%,0.9245901639344261,0.0396165441757199,2.0203263199353807,,,,,,,,,61.0,,,,,,
concrete,1030,8,Local CQR (Fixed h=1.00),RELU,Overall,,,90%,0.8860841423948219,0.02364010662491868,2.033636429245225,0.10453793090503949,33.595710114856516,1.9392743021249772,0.5638946739546952,0.8387096774193548,0.03060268703388755,0.9382337387625596,0.0995240613432046,,2.5385495312970052,0.1490965804151543,0.3073859968535994,0.06673596999719104,0.0022066237662830496,0.001438767923795314
concrete,1030,8,Local CQR (Fixed h=1.00),RELU,Bin 1,4,1,90%,0.8548387096774194,0.044464673393839416,2.1057673266578107,,,,,,,,,62.0,,,,,,
concrete,1030,8,Local CQR (Fixed h=1.00),RELU,Bin 2,0,2,90%,0.8612903225806452,0.03474299875570648,2.182723877687127,,,,,,,,,62.0,,,,,,
concrete,1030,8,Local CQR (Fixed h=1.00),RELU,Bin 3,1,3,90%,0.8935483870967742,0.04156160879588747,1.974207770235596,,,,,,,,,62.0,,,,,,
concrete,1030,8,Local CQR (Fixed h=1.00),RELU,Bin 4,3,4,90%,0.896774193548387,0.02991489837256676,1.9000258056506998,,,,,,,,,62.0,,,,,,
concrete,1030,8,Local CQR (Fixed h=1.00),RELU,Bin 5,2,5,90%,0.9245901639344263,0.032124455643058054,2.004995414138329,,,,,,,,,61.0,,,,,,
concrete,1030,8,Local CQR (Fixed h=1.20),RELU,Overall,,,90%,0.8860841423948219,0.017051054850899028,2.0379342549778885,0.0898571461497099,33.66860365200941,1.9448938488960266,0.5412874112104364,0.8419354838709678,0.012069862537980446,0.9284505552617663,0.08651507139079848,,2.514228297008087,0.10080698863277034,0.3134070800298919,0.05052657200803445,0.0016036708156675224,0.0007999095321303063
concrete,1030,8,Local CQR (Fixed h=1.20),RELU,Bin 1,0,1,90%,0.864516129032258,0.02991489837256676,2.1823616498300145,,,,,,,,,62.0,,,,,,
concrete,1030,8,Local CQR (Fixed h=1.20),RELU,Bin 2,4,2,90%,0.864516129032258,0.034742998755706446,2.1433729034518043,,,,,,,,,62.0,,,,,,
concrete,1030,8,Local CQR (Fixed h=1.20),RELU,Bin 3,3,3,90%,0.8870967741935484,0.022809896167307966,1.8948562086710043,,,,,,,,,62.0,,,,,,
concrete,1030,8,Local CQR (Fixed h=1.20),RELU,Bin 4,1,4,90%,0.896774193548387,0.0402903096670864,1.97892456019838,,,,,,,,,62.0,,,,,,
concrete,1030,8,Local CQR (Fixed h=1.20),RELU,Bin 5,2,5,90%,0.9180327868852458,0.02743147627980576,1.9893727018818503,,,,,,,,,61.0,,,,,,
concrete,1030,8,Local CQR (Fixed h=1.40),RELU,Overall,,,90%,0.8867313915857606,0.012108923581792707,2.0352013766331583,0.0773529508423049,33.62578740706378,1.9499990344047546,0.5210074258108801,0.8290322580645162,0.012903225806451639,0.9381279746166049,0.1090957165520888,,2.5093767985701563,0.07900554105411187,0.31551314976879646,0.05202218532015654,0.0018085881493259976,0.0006676232894904457
concrete,1030,8,Local CQR (Fixed h=1.40),RELU,Bin 1,0,1,90%,0.8612903225806452,0.03620958761394134,2.188710651991348,,,,,,,,,62.0,,,,,,
concrete,1030,8,Local CQR (Fixed h=1.40),RELU,Bin 2,4,2,90%,0.8709677419354838,0.026989033114002414,2.1589783292383915,,,,,,,,,62.0,,,,,,
concrete,1030,8,Local CQR (Fixed h=1.40),RELU,Bin 3,3,3,90%,0.8838709677419354,0.02774943634529877,1.8883322001585074,,,,,,,,,62.0,,,,,,
concrete,1030,8,Local CQR (Fixed h=1.40),RELU,Bin 4,1,4,90%,0.9032258064516128,0.0489217770583971,1.9758722745482964,,,,,,,,,62.0,,,,,,
concrete,1030,8,Local CQR (Fixed h=1.40),RELU,Bin 5,2,5,90%,0.9147540983606557,0.03178806463879561,1.9629480510095103,,,,,,,,,61.0,,,,,,
concrete,1030,8,Local CQR (Fixed h=1.60),RELU,Overall,,,90%,0.887378640776699,0.015234436629048312,2.0395314938765514,0.07043056237193925,33.69876573400986,1.9534505784511567,0.5202272715756249,0.8225806451612904,0.017668469596940867,0.9381279746166049,0.11554732945531461,,2.514888106267236,0.0817941483576405,0.30872322219968573,0.04423889622935675,0.0020520845072864555,0.0008465580177261932
concrete,1030,8,Local CQR (Fixed h=1.60),RELU,Bin 1,0,1,90%,0.864516129032258,0.04156160879588747,2.1940071833590347,,,,,,,,,62.0,,,,,,
concrete,1030,8,Local CQR (Fixed h=1.60),RELU,Bin 2,3,2,90%,0.8774193548387096,0.03897756765675665,1.885679145890378,,,,,,,,,62.0,,,,,,
concrete,1030,8,Local CQR (Fixed h=1.60),RELU,Bin 3,4,3,90%,0.8806451612903226,0.02413972507596089,2.1872657358886736,,,,,,,,,62.0,,,,,,
concrete,1030,8,Local CQR (Fixed h=1.60),RELU,Bin 4,1,4,90%,0.9,0.055311058708007246,1.9778432408527984,,,,,,,,,62.0,,,,,,
concrete,1030,8,Local CQR (Fixed h=1.60),RELU,Bin 5,2,5,90%,0.9147540983606557,0.03178806463879561,1.9514413546954024,,,,,,,,,61.0,,,,,,
concrete,1030,8,Local CQR (Fixed h=1.80),RELU,Overall,,,90%,0.8880258899676375,0.013972189737814188,2.044868992606606,0.06410175740122083,33.78767948322272,1.9600326776504517,0.52426213118972,0.8258064516129032,0.01880952224143648,0.9318350079323109,0.10602855631940769,,2.5121679370119736,0.07430425985315976,0.30645057966552836,0.04503334500653846,0.0018172053264636043,0.0009046411407756777
concrete,1030,8,Local CQR (Fixed h=1.80),RELU,Bin 1,0,1,90%,0.8612903225806452,0.03620958761394134,2.2022097790313344,,,,,,,,,62.0,,,,,,
concrete,1030,8,Local CQR (Fixed h=1.80),RELU,Bin 2,4,2,90%,0.8838709677419354,0.018809522241436435,2.206713259148021,,,,,,,,,62.0,,,,,,
concrete,1030,8,Local CQR (Fixed h=1.80),RELU,Bin 3,3,3,90%,0.8870967741935484,0.04080358271185003,1.8879030028778696,,,,,,,,,62.0,,,,,,
concrete,1030,8,Local CQR (Fixed h=1.80),RELU,Bin 4,1,4,90%,0.896774193548387,0.053591121696245636,1.9801916548681837,,,,,,,,,62.0,,,,,,
concrete,1030,8,Local CQR (Fixed h=1.80),RELU,Bin 5,2,5,90%,0.9114754098360656,0.02858294389207002,1.9457282224273094,,,,,,,,,61.0,,,,,,
concrete,1030,8,Local CQR (Fixed h=2.00),RELU,Overall,,,90%,0.8893203883495145,0.017173461697633136,2.0529582921403513,0.0634181288951565,33.92165828023945,1.9685098841786384,0.5371479926026369,0.8290322580645162,0.03620958761394137,0.928609201480698,0.09957694341618188,,2.5032912354301478,0.06852838996700276,0.3094374278597571,0.04995630690295962,0.0018681337550103029,0.0010997371903589584
concrete,1030,8,Local CQR (Fixed h=2.00),RELU,Bin 1,0,1,90%,0.8709677419354838,0.04327873504838299,2.2186373424025314,,,,,,,,,62.0,,,,,,
concrete,1030,8,Local CQR (Fixed h=2.00),RELU,Bin 2,3,2,90%,0.8838709677419354,0.0373414093638394,1.8884841037493558,,,,,,,,,62.0,,,,,,
concrete,1030,8,Local CQR (Fixed h=2.00),RELU,Bin 3,4,3,90%,0.8903225806451612,0.021397579292615463,2.2345886979612612,,,,,,,,,62.0,,,,,,
concrete,1030,8,Local CQR (Fixed h=2.00),RELU,Bin 4,1,4,90%,0.8935483870967742,0.06000346850883313,1.9790932435542345,,,,,,,,,62.0,,,,,,
concrete,1030,8,Local CQR (Fixed h=2.00),RELU,Bin 5,2,5,90%,0.9081967213114753,0.026636191490609737,1.9422016759998484,,,,,,,,,61.0,,,,,,
concrete,1030,8,Local CQR (Fixed h=2.20),RELU,Overall,,,90%,0.8880258899676375,0.018825941193849813,2.0568054263211764,0.06289857674472052,33.98610570940458,1.9632349967956544,0.5566377564084372,0.8225806451612903,0.03677985242255284,0.9253833950290851,0.10280274986779481,,2.503877534473791,0.06701635619501989,0.31058679288812596,0.049179926895294566,0.0020679256384650386,0.001109571811897858
concrete,1030,8,Local CQR (Fixed h=2.20),RELU,Bin 1,0,1,90%,0.867741935483871,0.047189480123638036,2.2265795863804314,,,,,,,,,62.0,,,,,,
concrete,1030,8,Local CQR (Fixed h=2.20),RELU,Bin 2,3,2,90%,0.8806451612903226,0.04156160879588747,1.8852669487196594,,,,,,,,,62.0,,,,,,
concrete,1030,8,Local CQR (Fixed h=2.20),RELU,Bin 3,1,3,90%,0.8903225806451612,0.0589537641370873,1.972333422723797,,,,,,,,,62.0,,,,,,
concrete,1030,8,Local CQR (Fixed h=2.20),RELU,Bin 4,4,4,90%,0.8935483870967742,0.024139725075960888,2.2624454395665277,,,,,,,,,62.0,,,,,,
concrete,1030,8,Local CQR (Fixed h=2.20),RELU,Bin 5,2,5,90%,0.9081967213114753,0.026636191490609737,1.9354442966399623,,,,,,,,,61.0,,,,,,
energy,768,8,Global CQR,RELU,Overall,,,90%,0.9056277056277056,0.0253015397336839,0.8801308751106263,0.045211408484503716,8.885837530666038,0.902455997467041,0.4826500713825226,0.826086956521739,0.04762804847871007,0.9740980573543017,0.14801110083256244,,1.0141901135444642,0.0857094347644451,0.6539340019226074,0.06607789241561535,0.004149869797126551,0.0019385726190137252
energy,768,8,Global CQR,RELU,Bin 1,2,1,90%,0.8391304347826086,0.04259982161362046,0.8709332585334778,,,,,,,,,46.0,,,,,,
energy,768,8,Global CQR,RELU,Bin 2,1,2,90%,0.8826086956521738,0.03532190610711288,1.1305634558200837,,,,,,,,,46.0,,,,,,
energy,768,8,Global CQR,RELU,Bin 3,3,3,90%,0.9130434782608695,0.06874516652539954,0.5757197678089142,,,,,,,,,46.0,,,,,,
energy,768,8,Global CQR,RELU,Bin 4,0,4,90%,0.9434782608695652,0.05253498249388945,1.1183321952819825,,,,,,,,,46.0,,,,,,
energy,768,8,Global CQR,RELU,Bin 5,4,5,90%,0.948936170212766,0.04169344243035194,0.7088298439979553,,,,,,,,,47.0,,,,,,
energy,768,8,Local CQR (Silverman),RELU,Overall,,,90%,0.8874458874458874,0.013960619477573242,0.76620382683901,0.06387792883318584,7.738880722771188,0.578695897758007,0.48918614388990916,0.8,0.04215373789057679,0.9610545790934321,0.16105457909343204,,0.8782374158466005,0.07287631778252257,0.818261301517561,0.032629400403898404,0.003936196741120062,0.002103092838932903
energy,768,8,Local CQR (Silverman),RELU,Bin 1,2,1,90%,0.8565217391304347,0.07850204384899039,0.8537581336401079,,,,,,,,,46.0,,,,,,
energy,768,8,Local CQR (Silverman),RELU,Bin 2,3,2,90%,0.8695652173913043,0.04124709991523974,0.5138858626070231,,,,,,,,,46.0,,,,,,
energy,768,8,Local CQR (Silverman),RELU,Bin 3,4,3,90%,0.897872340425532,0.03660563943422395,0.5946939476944031,,,,,,,,,47.0,,,,,,
energy,768,8,Local CQR (Silverman),RELU,Bin 4,0,4,90%,0.9043478260869564,0.07605589428059087,0.7823016557466443,,,,,,,,,46.0,,,,,,
energy,768,8,Local CQR (Silverman),RELU,Bin 5,1,5,90%,0.9086956521739131,0.042153737890576796,1.0901080101404501,,,,,,,,,46.0,,,,,,
energy,768,8,Local CQR (Scott),RELU,Overall,,,90%,0.8874458874458874,0.013960619477573242,0.76620382683901,0.06387792883318584,7.738880722771188,0.578695897758007,0.48918614388990916,0.8,0.04215373789057679,0.9610545790934321,0.16105457909343204,,0.8782374158466005,0.07287631778252257,0.818261301517561,0.032629400403898404,0.003936196741120062,0.002103092838932903
energy,768,8,Local CQR (Scott),RELU,Bin 1,2,1,90%,0.8565217391304347,0.07850204384899039,0.8537581336401079,,,,,,,,,46.0,,,,,,
energy,768,8,Local CQR (Scott),RELU,Bin 2,3,2,90%,0.8695652173913043,0.04124709991523974,0.5138858626070231,,,,,,,,,46.0,,,,,,
energy,768,8,Local CQR (Scott),RELU,Bin 3,4,3,90%,0.897872340425532,0.03660563943422395,0.5946939476944031,,,,,,,,,47.0,,,,,,
energy,768,8,Local CQR (Scott),RELU,Bin 4,0,4,90%,0.9043478260869564,0.07605589428059087,0.7823016557466443,,,,,,,,,46.0,,,,,,
energy,768,8,Local CQR (Scott),RELU,Bin 5,1,5,90%,0.9086956521739131,0.042153737890576796,1.0901080101404501,,,,,,,,,46.0,,,,,,
energy,768,8,Local CQR (ISJ),RELU,Overall,,,90%,0.864069264069264,0.021662330741466302,0.7253043478676016,0.046911121821067166,7.324278679376057,0.5293698906898499,0.4876024607529278,0.773913043478261,0.05070392952039393,0.9395929694727103,0.16567992599444958,,0.8861305107078141,0.08145021068205514,0.832489008306853,0.02637081780423379,0.0057561958682516385,0.0029968999713888243
energy,768,8,Local CQR (ISJ),RELU,Bin 1,2,1,90%,0.8304347826086955,0.09857203520656203,0.8217237664798596,,,,,,,,,46.0,,,,,,
energy,768,8,Local CQR (ISJ),RELU,Bin 2,1,2,90%,0.8565217391304347,0.05253498249388944,0.9897766166083191,,,,,,,,,46.0,,,,,,
energy,768,8,Local CQR (ISJ),RELU,Bin 3,0,3,90%,0.8608695652173914,0.0488042267840079,0.7388160786634075,,,,,,,,,46.0,,,,,,
energy,768,8,Local CQR (ISJ),RELU,Bin 4,3,4,90%,0.8695652173913043,0.04762804847871009,0.5017997005063555,,,,,,,,,46.0,,,,,,
energy,768,8,Local CQR (ISJ),RELU,Bin 5,4,5,90%,0.902127659574468,0.0496251225093217,0.5776161892244818,,,,,,,,,47.0,,,,,,
energy,768,8,Local CQR (Fixed h=0.60),RELU,Overall,,,90%,0.9160173160173158,0.011486146460105292,0.8295195114593227,0.06038703368105876,8.376896703576154,0.6994175061583519,0.49272926104479386,0.8217391304347826,0.055679341195068247,0.9870490286771508,0.1653098982423682,,0.9089003726807766,0.07154684536026723,0.7733832306375257,0.03614314614662783,0.0044212445905690845,0.0028390146147099843
energy,768,8,Local CQR (Fixed h=0.60),RELU,Bin 1,3,1,90%,0.8782608695652174,0.0760558942805909,0.5267726786110712,,,,,,,,,46.0,,,,,,
energy,768,8,Local CQR (Fixed h=0.60),RELU,Bin 2,2,2,90%,0.9,0.06086956521739129,0.8896677699102009,,,,,,,,,46.0,,,,,,
energy,768,8,Local CQR (Fixed h=0.60),RELU,Bin 3,1,3,90%,0.9217391304347826,0.04032008041519873,1.150881887616023,,,,,,,,,46.0,,,,,,
energy,768,8,Local CQR (Fixed h=0.60),RELU,Bin 4,4,4,90%,0.9361702127659575,0.040369502044702694,0.6587072093119013,,,,,,,,,47.0,,,,,,
energy,768,8,Local CQR (Fixed h=0.60),RELU,Bin 5,0,5,90%,0.9434782608695652,0.07223151185146152,0.9252813227636659,,,,,,,,,46.0,,,,,,
energy,768,8,Local CQR (Fixed h=0.80),RELU,Overall,,,90%,0.9177489177489176,0.0189687465802655,0.8560321164563363,0.059124895185386384,8.644480370170163,0.7851346604526043,0.5000911978829773,0.8347826086956521,0.062403043888727486,0.9740980573543017,0.13931544865864942,,0.9287608271005091,0.06303352026433848,0.7354133783831335,0.03144300314129882,0.004052883846029433,0.0025244849887067155
energy,768,8,Local CQR (Fixed h=0.80),RELU,Bin 1,3,1,90%,0.8869565217391304,0.07704367455073632,0.5321872115783071,,,,,,,,,46.0,,,,,,
energy,768,8,Local CQR (Fixed h=0.80),RELU,Bin 2,2,2,90%,0.8956521739130435,0.04642207935665786,0.8980277358513812,,,,,,,,,46.0,,,,,,
energy,768,8,Local CQR (Fixed h=0.80),RELU,Bin 3,1,3,90%,0.9260869565217391,0.05253498249388945,1.1675509390299736,,,,,,,,,46.0,,,,,,
energy,768,8,Local CQR (Fixed h=0.80),RELU,Bin 4,0,4,90%,0.9347826086956521,0.06148754619013457,1.0151422283733669,,,,,,,,,46.0,,,,,,
energy,768,8,Local CQR (Fixed h=0.80),RELU,Bin 5,4,5,90%,0.9446808510638298,0.03946220636381148,0.6712690557254122,,,,,,,,,47.0,,,,,,
energy,768,8,Local CQR (Fixed h=1.00),RELU,Overall,,,90%,0.9203463203463202,0.025916241639992645,0.8737413690881037,0.06075133465427803,8.821292253329823,0.8104014784097672,0.5126034590815205,0.843478260869565,0.06650895017729719,0.9740980573543017,0.13061979648473637,,0.9514393579295446,0.047986367160955896,0.7118518357066185,0.03767024457418396,0.004177647551133402,0.0025044057324204363
energy,768,8,Local CQR (Fixed h=1.00),RELU,Bin 1,3,1,90%,0.8913043478260869,0.07777627747825358,0.5335245208247847,,,,,,,,,46.0,,,,,,
energy,768,8,Local CQR (Fixed h=1.00),RELU,Bin 2,2,2,90%,0.9,0.05929644216080807,0.9291747255493765,,,,,,,,,46.0,,,,,,
energy,768,8,Local CQR (Fixed h=1.00),RELU,Bin 3,1,3,90%,0.9217391304347826,0.05070392952039393,1.1805053014794122,,,,,,,,,46.0,,,,,,
energy,768,8,Local CQR (Fixed h=1.00),RELU,Bin 4,0,4,90%,0.9434782608695652,0.05253498249388945,1.0501868006165909,,,,,,,,,46.0,,,,,,
energy,768,8,Local CQR (Fixed h=1.00),RELU,Bin 5,4,5,90%,0.9446808510638298,0.03946220636381148,0.6795373240366894,,,,,,,,,47.0,,,,,,
energy,768,8,Local CQR (Fixed h=1.20),RELU,Overall,,,90%,0.9186147186147184,0.02074311437352542,0.8917602166339949,0.07174175318204902,9.000748193052772,0.8182110086083412,0.5286941805732811,0.8565217391304347,0.0488042267840079,0.9740980573543017,0.1175763182238668,,0.9736465695487473,0.04988813896190991,0.6936676134627722,0.046136999296285695,0.0033721149345220316,0.0013605725733665077
energy,768,8,Local CQR (Fixed h=1.20),RELU,Bin 1,2,1,90%,0.8869565217391304,0.05567934119506826,0.951649932919637,,,,,,,,,46.0,,,,,,
energy,768,8,Local CQR (Fixed h=1.20),RELU,Bin 2,3,2,90%,0.9043478260869564,0.052534982493889444,0.5403291406190913,,,,,,,,,46.0,,,,,,
energy,768,8,Local CQR (Fixed h=1.20),RELU,Bin 3,1,3,90%,0.9304347826086957,0.053955102808655904,1.2087171462890893,,,,,,,,,46.0,,,,,,
energy,768,8,Local CQR (Fixed h=1.20),RELU,Bin 4,4,4,90%,0.9319148936170212,0.04125684985035171,0.6829643351917571,,,,,,,,,47.0,,,,,,
energy,768,8,Local CQR (Fixed h=1.20),RELU,Bin 5,0,5,90%,0.9391304347826088,0.052173913043478265,1.0796795690513175,,,,,,,,,46.0,,,,,,
energy,768,8,Local CQR (Fixed h=1.40),RELU,Overall,,,90%,0.9142857142857144,0.025887301104287514,0.904228222560444,0.07902158219394702,9.125076639968935,0.8240681618452073,0.5396652273747905,0.8521739130434781,0.05395510280865586,0.9740980573543017,0.12192414431082332,,0.993738100626123,0.06550704756595654,0.6768164745251595,0.059883458840240905,0.0033154041594747725,0.0014379655724552519
energy,768,8,Local CQR (Fixed h=1.40),RELU,Bin 1,2,1,90%,0.8739130434782607,0.046422079356657875,0.9570609867896722,,,,,,,,,46.0,,,,,,
energy,768,8,Local CQR (Fixed h=1.40),RELU,Bin 2,3,2,90%,0.9043478260869564,0.06240304388872749,0.5542276266476384,,,,,,,,,46.0,,,,,,
energy,768,8,Local CQR (Fixed h=1.40),RELU,Bin 3,1,3,90%,0.9260869565217392,0.05253498249388945,1.2289258514085541,,,,,,,,,46.0,,,,,,
energy,768,8,Local CQR (Fixed h=1.40),RELU,Bin 4,4,4,90%,0.9319148936170212,0.04125684985035171,0.685227918466355,,,,,,,,,47.0,,,,,,
energy,768,8,Local CQR (Fixed h=1.40),RELU,Bin 5,0,5,90%,0.9347826086956521,0.04957284456952774,1.1004596056659586,,,,,,,,,46.0,,,,,,
energy,768,8,Local CQR (Fixed h=1.60),RELU,Overall,,,90%,0.9142857142857143,0.02214149238535833,0.9085559957761526,0.07733834862656855,9.168263835463966,0.8353673785924911,0.5400786013124163,0.8478260869565217,0.054996133220319605,0.9740980573543017,0.12627197039777985,,1.0073048551651564,0.07132688650442194,0.6641328541258197,0.06195058065498755,0.0035800544430286477,0.0018949004565829656
energy,768,8,Local CQR (Fixed h=1.60),RELU,Bin 1,2,1,90%,0.8608695652173912,0.0447636093086391,0.949721500293716,,,,,,,,,46.0,,,,,,
energy,768,8,Local CQR (Fixed h=1.60),RELU,Bin 2,3,2,90%,0.9043478260869564,0.06240304388872749,0.5635989073178043,,,,,,,,,46.0,,,,,,
energy,768,8,Local CQR (Fixed h=1.60),RELU,Bin 3,1,3,90%,0.9260869565217392,0.05253498249388945,1.2266937161593334,,,,,,,,,46.0,,,,,,
energy,768,8,Local CQR (Fixed h=1.60),RELU,Bin 4,4,4,90%,0.9319148936170212,0.04125684985035171,0.6874627759799044,,,,,,,,,47.0,,,,,,
energy,768,8,Local CQR (Fixed h=1.60),RELU,Bin 5,0,5,90%,0.9478260869565217,0.04476360930863914,1.1201094534734022,,,,,,,,,46.0,,,,,,
energy,768,8,Local CQR (Fixed h=1.80),RELU,Overall,,,90%,0.9177489177489176,0.023710933225331885,0.9103112839291365,0.07488911248009551,9.18589152154563,0.8706111371517181,0.5365849080105262,0.8521739130434781,0.0503297256643053,0.9740980573543017,0.12192414431082332,,1.0107163097209486,0.08380031808279953,0.6606574615466576,0.06406329910632105,0.0035147878459062037,0.0019083073713495732
energy,768,8,Local CQR (Fixed h=1.80),RELU,Bin 1,2,1,90%,0.8652173913043477,0.037401414204533134,0.9397383541840574,,,,,,,,,46.0,,,,,,
energy,768,8,Local CQR (Fixed h=1.80),RELU,Bin 2,3,2,90%,0.9043478260869564,0.06240304388872749,0.5660977120632711,,,,,,,,,46.0,,,,,,
energy,768,8,Local CQR (Fixed h=1.80),RELU,Bin 3,1,3,90%,0.9260869565217392,0.05253498249388945,1.2188255182102972,,,,,,,,,46.0,,,,,,
energy,768,8,Local CQR (Fixed h=1.80),RELU,Bin 4,4,4,90%,0.9319148936170212,0.04738522861982995,0.6904355383616811,,,,,,,,,47.0,,,,,,
energy,768,8,Local CQR (Fixed h=1.80),RELU,Bin 5,0,5,90%,0.9608695652173914,0.02535196476019694,1.1412392043387112,,,,,,,,,46.0,,,,,,
energy,768,8,Local CQR (Fixed h=2.00),RELU,Overall,,,90%,0.9168831168831169,0.026460098337551745,0.9074322220502478,0.07109986590273733,9.157132657008608,0.8982982844114303,0.5262059127370986,0.8478260869565217,0.04762804847871007,0.9740980573543017,0.12627197039777985,,1.0162535447320897,0.09242453945766005,0.6555231707143462,0.06464855684333673,0.003775936386718365,0.001979258686896936
energy,768,8,Local CQR (Fixed h=2.00),RELU,Bin 1,2,1,90%,0.8565217391304347,0.0379034690742667,0.9257413455163654,,,,,,,,,46.0,,,,,,
energy,768,8,Local CQR (Fixed h=2.00),RELU,Bin 2,3,2,90%,0.9043478260869564,0.06240304388872749,0.568760687695897,,,,,,,,,46.0,,,,,,
energy,768,8,Local CQR (Fixed h=2.00),RELU,Bin 3,1,3,90%,0.9217391304347826,0.04880422678400794,1.2037916992345583,,,,,,,,,46.0,,,,,,
energy,768,8,Local CQR (Fixed h=2.00),RELU,Bin 4,4,4,90%,0.9361702127659575,0.04851810319570799,0.6952222494051811,,,,,,,,,47.0,,,,,,
energy,768,8,Local CQR (Fixed h=2.00),RELU,Bin 5,0,5,90%,0.9652173913043478,0.029488391230979447,1.1482583886741295,,,,,,,,,46.0,,,,,,
energy,768,8,Local CQR (Fixed h=2.20),RELU,Overall,,,90%,0.9160173160173161,0.02591624163999266,0.9017340841070141,0.06282944055257435,9.100694190381533,0.9051441013813019,0.5150638161331877,0.8391304347826086,0.04682752006203913,0.9740980573543017,0.13496762257169287,,1.0157655615472432,0.08823409545999553,0.6529490696583744,0.06505368771860175,0.004075171086490135,0.001729614945443619
energy,768,8,Local CQR (Fixed h=2.20),RELU,Bin 1,2,1,90%,0.8521739130434781,0.037401414204533134,0.9096410126951724,,,,,,,,,46.0,,,,,,
energy,768,8,Local CQR (Fixed h=2.20),RELU,Bin 2,1,2,90%,0.9086956521739131,0.05217391304347828,1.181733806123552,,,,,,,,,46.0,,,,,,
energy,768,8,Local CQR (Fixed h=2.20),RELU,Bin 3,3,3,90%,0.9086956521739131,0.06507230237867724,0.5708575161254925,,,,,,,,,46.0,,,,,,
energy,768,8,Local CQR (Fixed h=2.20),RELU,Bin 4,4,4,90%,0.9446808510638298,0.04962512250932169,0.6989618742402565,,,,,,,,,47.0,,,,,,
energy,768,8,Local CQR (Fixed h=2.20),RELU,Bin 5,0,5,90%,0.9652173913043478,0.029488391230979447,1.1518843028694392,,,,,,,,,46.0,,,,,,
bio,45730,9,Global CQR,RELU,Overall,,,90%,0.9003389089318903,0.006014132674350899,2.3115891933441164,0.03227939066183337,14.158400791537137,2.3965246200561525,0.48560712337493894,0.8638773016399417,0.014604152138383222,0.9276424454821679,0.06376514384222616,,2.658523988723755,0.016292339206813774,0.38442068696022036,0.026736776285835248,0.0006087989725990453,0.00034783493128462027
bio,45730,9,Global CQR,RELU,Bin 1,1,1,90%,0.8735921268452707,0.012930996609377339,2.3951199531555174,,,,,,,,,1829.0,,,,,,
bio,45730,9,Global CQR,RELU,Bin 2,4,2,90%,0.8866666666666667,0.02702482758687852,2.1585230350494387,,,,,,,,,1830.0,,,,,,
bio,45730,9,Global CQR,RELU,Bin 3,3,3,90%,0.9072717331875342,0.008853923446690936,2.3748828887939455,,,,,,,,,1829.0,,,,,,
bio,45730,9,Global CQR,RELU,Bin 4,2,4,90%,0.9163477310005467,0.0078014473402895305,2.480398750305176,,,,,,,,,1829.0,,,,,,
bio,45730,9,Global CQR,RELU,Bin 5,0,5,90%,0.9178142076502732,0.0222387588147762,2.1491931915283202,,,,,,,,,1830.0,,,,,,
bio,45730,9,Local CQR (Silverman),RELU,Overall,,,90%,0.7969170219744178,0.009100870290539222,2.105230205584982,0.021764556511772733,12.894600471934973,2.2385434376517734,0.6752731044810927,0.7472110233726812,0.011949385978509667,0.854207650273224,0.10699662690054287,,3.0167487897679663,0.04509142939157583,0.37182133504435233,0.019902851372343506,0.012833479905940023,0.0011787900493158401
bio,45730,9,Local CQR (Silverman),RELU,Bin 1,1,1,90%,0.7507927829414981,0.01636372329528297,2.1339240073095658,,,,,,,,,1829.0,,,,,,
bio,45730,9,Local CQR (Silverman),RELU,Bin 2,0,2,90%,0.7527868852459016,0.013748790255133363,1.824739147440629,,,,,,,,,1830.0,,,,,,
bio,45730,9,Local CQR (Silverman),RELU,Bin 3,2,3,90%,0.7878622197922363,0.019927404109551572,2.220514244290248,,,,,,,,,1829.0,,,,,,
bio,45730,9,Local CQR (Silverman),RELU,Bin 4,3,4,90%,0.8389283761618371,0.021827734141328152,2.2621896696055157,,,,,,,,,1829.0,,,,,,
bio,45730,9,Local CQR (Silverman),RELU,Bin 5,4,5,90%,0.854207650273224,0.022382769807277502,2.084948405893407,,,,,,,,,1830.0,,,,,,
bio,45730,9,Local CQR (Scott),RELU,Overall,,,90%,0.7933530119164753,0.0059925513128534,2.1017043266990094,0.022183422283875008,12.87301095741833,2.2271415794183524,0.6757840504182024,0.7468830947664674,0.010957990506923998,0.8478688524590163,0.10098575769254899,,3.026094886124009,0.04355813548772301,0.3671459714746324,0.019961782462329075,0.013226377984756196,0.0008041345307165251
bio,45730,9,Local CQR (Scott),RELU,Bin 1,1,1,90%,0.7537452159650082,0.01993520313302916,2.1442435821608443,,,,,,,,,1829.0,,,,,,
bio,45730,9,Local CQR (Scott),RELU,Bin 2,0,2,90%,0.7556284153005464,0.016572429090335364,1.834702325038732,,,,,,,,,1830.0,,,,,,
bio,45730,9,Local CQR (Scott),RELU,Bin 3,2,3,90%,0.7797703663203938,0.014145430606259507,2.206350780014376,,,,,,,,,1829.0,,,,,,
bio,45730,9,Local CQR (Scott),RELU,Bin 4,3,4,90%,0.8297430289775833,0.02174265897716623,2.2465936161673765,,,,,,,,,1829.0,,,,,,
bio,45730,9,Local CQR (Scott),RELU,Bin 5,4,5,90%,0.8478688524590163,0.021083550691650275,2.0767909339378967,,,,,,,,,1830.0,,,,,,
bio,45730,9,Local CQR (ISJ),RELU,Overall,,,90%,0.8749535366786925,0.009484864368769549,2.245249082859039,0.031333500977349604,13.752151557664126,2.3689208709855776,0.5655959097297205,0.844100302652768,0.011224160837521903,0.8976600429629495,0.05355974031018176,,2.6665788644615644,0.03267570726076384,0.39835544668191714,0.023699968892677142,0.0011657722888057962,0.00041891415468443366
bio,45730,9,Local CQR (ISJ),RELU,Bin 1,1,1,90%,0.8477856752323675,0.014142048958923072,2.3213397820635833,,,,,,,,,1829.0,,,,,,
bio,45730,9,Local CQR (ISJ),RELU,Bin 2,0,2,90%,0.8615300546448088,0.007755713660856909,2.0305402774662626,,,,,,,,,1830.0,,,,,,
bio,45730,9,Local CQR (ISJ),RELU,Bin 3,4,3,90%,0.8760655737704918,0.022621630858248323,2.1182434714605547,,,,,,,,,1830.0,,,,,,
bio,45730,9,Local CQR (ISJ),RELU,Bin 4,3,4,90%,0.8918534718425368,0.011244391112595115,2.3316424355288765,,,,,,,,,1829.0,,,,,,
bio,45730,9,Local CQR (ISJ),RELU,Bin 5,2,5,90%,0.8975396391470749,0.008887621990690452,2.424666279059017,,,,,,,,,1829.0,,,,,,
bio,45730,9,Local CQR (Fixed h=0.60),RELU,Overall,,,90%,0.9014321635508911,0.003661081039195579,2.296565065290046,0.027478080312973094,14.066458636324986,2.389128863811493,0.5009521076058386,0.8790595954073265,0.004682911559401601,0.916465565404966,0.037405969997639746,,2.6373983936718006,0.015092817615806246,0.3970021281526438,0.020175257767961512,0.0002129523304883364,7.159909311558857e-05
bio,45730,9,Local CQR (Fixed h=0.60),RELU,Bin 1,1,1,90%,0.8790595954073265,0.004682911559401601,2.3998175057705273,,,,,,,,,1829.0,,,,,,
bio,45730,9,Local CQR (Fixed h=0.60),RELU,Bin 2,3,2,90%,0.8965554948059049,0.006445122811718461,2.352629188774689,,,,,,,,,1829.0,,,,,,
bio,45730,9,Local CQR (Fixed h=0.60),RELU,Bin 3,4,3,90%,0.9057923497267758,0.007968404867129257,2.1405371597827494,,,,,,,,,1830.0,,,,,,
bio,45730,9,Local CQR (Fixed h=0.60),RELU,Bin 4,2,4,90%,0.9118644067796611,0.008016136821481138,2.4670522469112686,,,,,,,,,1829.0,,,,,,
bio,45730,9,Local CQR (Fixed h=0.60),RELU,Bin 5,0,5,90%,0.9138797814207649,0.007497299622357368,2.1229694458369996,,,,,,,,,1830.0,,,,,,
bio,45730,9,Local CQR (Fixed h=0.80),RELU,Overall,,,90%,0.9010385918880507,0.00492979044667844,2.3031920788302673,0.02824283124392341,14.107048328539355,2.3905590176582336,0.49530474833071664,0.8755604155276107,0.005709252042517909,0.9165750940374716,0.04101467850986087,,2.6431918095047,0.01500953004252832,0.39226863338874574,0.02151634779006679,0.000249600376889681,7.973165819312401e-05
bio,45730,9,Local CQR (Fixed h=0.80),RELU,Bin 1,1,1,90%,0.8755604155276107,0.005709252042517909,2.3944456442318827,,,,,,,,,1829.0,,,,,,
bio,45730,9,Local CQR (Fixed h=0.80),RELU,Bin 2,3,2,90%,0.8991798797156918,0.006647866223541018,2.35777331880466,,,,,,,,,1829.0,,,,,,
bio,45730,9,Local CQR (Fixed h=0.80),RELU,Bin 3,4,3,90%,0.9036065573770491,0.009882102343569222,2.158549058380496,,,,,,,,,1830.0,,,,,,
bio,45730,9,Local CQR (Fixed h=0.80),RELU,Bin 4,2,4,90%,0.9132859486057956,0.0067902349682931054,2.4742504441474162,,,,,,,,,1829.0,,,,,,
bio,45730,9,Local CQR (Fixed h=0.80),RELU,Bin 5,0,5,90%,0.913551912568306,0.007503669461758203,2.131115094253926,,,,,,,,,1830.0,,,,,,
bio,45730,9,Local CQR (Fixed h=1.00),RELU,Overall,,,90%,0.9006231551328303,0.005413984083285332,2.306336065276953,0.028761607472400863,14.12629842409864,2.3903563380241395,0.49189454624088025,0.8737014762165117,0.0065791619273881845,0.9175587603486033,0.043857284132091647,,2.646583549623089,0.013888671345342019,0.3894005187057119,0.02159774788673975,0.0002721130298369862,6.972586530242494e-05
bio,45730,9,Local CQR (Fixed h=1.00),RELU,Bin 1,1,1,90%,0.8737014762165117,0.0065791619273881845,2.3920628549558596,,,,,,,,,1829.0,,,,,,
bio,45730,9,Local CQR (Fixed h=1.00),RELU,Bin 2,3,2,90%,0.9013668671405141,0.00725011895210532,2.362530028821028,,,,,,,,,1829.0,,,,,,
bio,45730,9,Local CQR (Fixed h=1.00),RELU,Bin 3,4,3,90%,0.901967213114754,0.00987605713449823,2.1682092619772,,,,,,,,,1830.0,,,,,,
bio,45730,9,Local CQR (Fixed h=1.00),RELU,Bin 4,0,4,90%,0.9128961748633879,0.008623497942985297,2.1336402421766296,,,,,,,,,1830.0,,,,,,
bio,45730,9,Local CQR (Fixed h=1.00),RELU,Bin 5,2,5,90%,0.9131765992345544,0.0074518206833901765,2.4754078797478702,,,,,,,,,1829.0,,,,,,
bio,45730,9,Local CQR (Fixed h=1.20),RELU,Overall,,,90%,0.9009948617032906,0.005371252400587072,2.3078644950005076,0.029096754743300757,14.135654756209433,2.3907773017883303,0.49025473787439233,0.8731547293603062,0.006837615396769134,0.9196355618496177,0.04648083248931152,,2.6493961302150018,0.013496948351202229,0.3881435058149647,0.021609902903925875,0.00030488634759731555,8.951833835847872e-05
bio,45730,9,Local CQR (Fixed h=1.20),RELU,Bin 1,1,1,90%,0.8731547293603062,0.006837615396769134,2.3907377325882346,,,,,,,,,1829.0,,,,,,
bio,45730,9,Local CQR (Fixed h=1.20),RELU,Bin 2,4,2,90%,0.8990163934426227,0.011706749587559306,2.1711474634095973,,,,,,,,,1830.0,,,,,,
bio,45730,9,Local CQR (Fixed h=1.20),RELU,Bin 3,3,3,90%,0.9043193001640241,0.005660876590724899,2.3666500283353242,,,,,,,,,1829.0,,,,,,
bio,45730,9,Local CQR (Fixed h=1.20),RELU,Bin 4,2,4,90%,0.9140513942044833,0.007081585504075286,2.475321412218471,,,,,,,,,1829.0,,,,,,
bio,45730,9,Local CQR (Fixed h=1.20),RELU,Bin 5,0,5,90%,0.9144262295081967,0.010610665499471001,2.135634754127492,,,,,,,,,1830.0,,,,,,
bio,45730,9,Local CQR (Fixed h=1.40),RELU,Overall,,,90%,0.9014321635508911,0.0048870315754739775,2.3090445393656482,0.029587955605767245,14.14287840394926,2.3910717010498046,0.4882308017708161,0.8715144887916895,0.007086649205476089,0.9209471567669633,0.04943266797527388,,2.6491264439048727,0.014009495874905341,0.38826689202646153,0.022334022561672,0.00034988892191443034,0.00012593574330210854
bio,45730,9,Local CQR (Fixed h=1.40),RELU,Bin 1,1,1,90%,0.8715144887916895,0.007086649205476089,2.389636364923011,,,,,,,,,1829.0,,,,,,
bio,45730,9,Local CQR (Fixed h=1.40),RELU,Bin 2,4,2,90%,0.8975956284153007,0.011728156000259088,2.171749631108934,,,,,,,,,1830.0,,,,,,
bio,45730,9,Local CQR (Fixed h=1.40),RELU,Bin 3,3,3,90%,0.9066156369600875,0.00516842090676719,2.3706429573064165,,,,,,,,,1829.0,,,,,,
bio,45730,9,Local CQR (Fixed h=1.40),RELU,Bin 4,2,4,90%,0.9148168398031711,0.006426543577874294,2.4755164597466583,,,,,,,,,1829.0,,,,,,
bio,45730,9,Local CQR (Fixed h=1.40),RELU,Bin 5,0,5,90%,0.9166120218579235,0.0117128696975465,2.137845951592336,,,,,,,,,1830.0,,,,,,
bio,45730,9,Local CQR (Fixed h=1.60),RELU,Overall,,,90%,0.9017601399365912,0.004640656602203757,2.309955942536037,0.029999358050599247,14.148457427201663,2.39109947681427,0.4871602224698595,0.8705303444505195,0.006875980283111008,0.921712363350632,0.05118201890011265,,2.650142147061495,0.01404039911324517,0.3882044815324851,0.022473053123311913,0.0003719636919657726,0.00013089369996406643
bio,45730,9,Local CQR (Fixed h=1.60),RELU,Bin 1,1,1,90%,0.8705303444505195,0.006875980283111008,2.388968432777367,,,,,,,,,1829.0,,,,,,
bio,45730,9,Local CQR (Fixed h=1.60),RELU,Bin 2,4,2,90%,0.8980327868852459,0.01091583911622627,2.171955076588389,,,,,,,,,1830.0,,,,,,
bio,45730,9,Local CQR (Fixed h=1.60),RELU,Bin 3,3,3,90%,0.9073810825587753,0.00600526198698565,2.3733826374782767,,,,,,,,,1829.0,,,,,,
bio,45730,9,Local CQR (Fixed h=1.60),RELU,Bin 4,2,4,90%,0.9152542372881356,0.006243456500216604,2.4762394061256066,,,,,,,,,1829.0,,,,,,
bio,45730,9,Local CQR (Fixed h=1.60),RELU,Bin 5,0,5,90%,0.9175956284153006,0.012216017796562685,2.139402860611514,,,,,,,,,1830.0,,,,,,
bio,45730,9,Local CQR (Fixed h=1.80),RELU,Overall,,,90%,0.9011697824423308,0.004857299637372457,2.3104549464004913,0.030597570694140465,14.151512270090455,2.3914582252502443,0.4861683407820395,0.8698742482230728,0.007359789467671437,0.9219310620931143,0.05205681387004153,,2.6518032981924824,0.01371454426629158,0.387855375044163,0.022825933090959143,0.0003889034943265327,0.000136670489695985
bio,45730,9,Local CQR (Fixed h=1.80),RELU,Bin 1,1,1,90%,0.8698742482230728,0.007359789467671437,2.3889993413085167,,,,,,,,,1829.0,,,,,,
bio,45730,9,Local CQR (Fixed h=1.80),RELU,Bin 2,4,2,90%,0.896174863387978,0.01229204576961968,2.1709455080301874,,,,,,,,,1830.0,,,,,,
bio,45730,9,Local CQR (Fixed h=1.80),RELU,Bin 3,3,3,90%,0.9077091306724986,0.005601420874736241,2.375080701131975,,,,,,,,,1829.0,,,,,,
bio,45730,9,Local CQR (Fixed h=1.80),RELU,Bin 4,2,4,90%,0.9154729360306177,0.0065573162823684686,2.4772310212849264,,,,,,,,,1829.0,,,,,,
bio,45730,9,Local CQR (Fixed h=1.80),RELU,Bin 5,0,5,90%,0.9166120218579235,0.012957158763085416,2.1401875297684487,,,,,,,,,1830.0,,,,,,
bio,45730,9,Local CQR (Fixed h=2.00),RELU,Overall,,,90%,0.9011916475347108,0.004518938576490597,2.310954030459323,0.03106474958467654,14.154567535154749,2.3921600341796876,0.48597185915697383,0.8696697708742274,0.0071006297548376,0.9222686708076019,0.05259889993337456,,2.6524566983703712,0.01382604361368203,0.38769218432241115,0.023478798181177155,0.0003998066883063225,0.00015706834207951606
bio,45730,9,Local CQR (Fixed h=2.00),RELU,Bin 1,1,1,90%,0.8705303444505195,0.0073386382659650145,2.3896809826984375,,,,,,,,,1829.0,,,,,,
bio,45730,9,Local CQR (Fixed h=2.00),RELU,Bin 2,4,2,90%,0.8950819672131146,0.014110639800288004,2.1703926551354225,,,,,,,,,1830.0,,,,,,
bio,45730,9,Local CQR (Fixed h=2.00),RELU,Bin 3,3,3,90%,0.9080371787862219,0.005394815257974423,2.3759838684961534,,,,,,,,,1829.0,,,,,,
bio,45730,9,Local CQR (Fixed h=2.00),RELU,Bin 4,2,4,90%,0.9152542372881356,0.006696254080872536,2.4781753341851176,,,,,,,,,1829.0,,,,,,
bio,45730,9,Local CQR (Fixed h=2.00),RELU,Bin 5,0,5,90%,0.917049180327869,0.013838845014727019,2.1407072451661846,,,,,,,,,1830.0,,,,,,
bio,45730,9,Local CQR (Fixed h=2.20),RELU,Overall,,,90%,0.9012572428118508,0.004245095156632678,2.3113132206589304,0.031207476919442124,14.15676531293126,2.3928324460983275,0.48600130353792165,0.8689046837980682,0.0067305147466647265,0.9232525761337527,0.05434789233568464,,2.6530927220982767,0.01409516739556891,0.38729063842092754,0.023601212004259742,0.00041481843023115415,0.00016171516504102058
bio,45730,9,Local CQR (Fixed h=2.20),RELU,Bin 1,1,1,90%,0.870967741935484,0.0072863121919989685,2.3907001661758986,,,,,,,,,1829.0,,,,,,
bio,45730,9,Local CQR (Fixed h=2.20),RELU,Bin 2,4,2,90%,0.894535519125683,0.01601008968500981,2.1696152812409433,,,,,,,,,1830.0,,,,,,
bio,45730,9,Local CQR (Fixed h=2.20),RELU,Bin 3,3,3,90%,0.9081465281574632,0.005489294870644574,2.376290907872512,,,,,,,,,1829.0,,,,,,
bio,45730,9,Local CQR (Fixed h=2.20),RELU,Bin 4,2,4,90%,0.9159103335155823,0.007005190761310863,2.4788686470965207,,,,,,,,,1829.0,,,,,,
bio,45730,9,Local CQR (Fixed h=2.20),RELU,Bin 5,0,5,90%,0.9167213114754098,0.014616235072332714,2.1412615490285427,,,,,,,,,1830.0,,,,,,
community,1994,100,Global CQR,RELU,Overall,,,90%,0.8958263772954925,0.011154118923866481,1.6690518140792847,0.08874805076988174,0.375830872996636,1.5416174173355102,0.7911392569541931,0.8266666666666668,0.03666666666666667,0.9533333333333334,0.12666666666666665,,2.3119653701782226,0.1378141501613221,0.5428694903850555,0.060008839921848044,0.0023600193018383825,0.0014084196501765497
community,1994,100,Global CQR,RELU,Bin 1,0,1,90%,0.8766666666666666,0.05280993172584953,2.286486530303955,,,,,,,,,120.0,,,,,,
community,1994,100,Global CQR,RELU,Bin 2,1,2,90%,0.8800000000000001,0.0351978534699048,1.8508705615997314,,,,,,,,,120.0,,,,,,
community,1994,100,Global CQR,RELU,Bin 3,3,3,90%,0.9016666666666666,0.035118845842842465,1.3086755752563477,,,,,,,,,120.0,,,,,,
community,1994,100,Global CQR,RELU,Bin 4,2,4,90%,0.9092436974789916,0.023409055928040535,1.6204953908920288,,,,,,,,,119.0,,,,,,
community,1994,100,Global CQR,RELU,Bin 5,4,5,90%,0.9116666666666667,0.06944222218666551,1.2783263444900512,,,,,,,,,120.0,,,,,,
community,1994,100,Local CQR (Silverman),RELU,Overall,,,90%,0.7499165275459099,0.01777473342798821,1.4935693706718856,0.0878373130883944,0.33626101762248073,1.296653494231378,1.1029342066432524,0.6833333333333333,0.04048319267163705,0.7926750700280112,0.10934173669467791,,3.0728807653126813,0.23414350600177045,0.3471303231289783,0.04318339884960978,0.02469698722626306,0.006345570934779729
community,1994,100,Local CQR (Silverman),RELU,Bin 1,4,1,90%,0.7,0.030276503540974935,1.007129806242447,,,,,,,,,120.0,,,,,,
community,1994,100,Local CQR (Silverman),RELU,Bin 2,1,2,90%,0.7366666666666666,0.05883120864907596,1.661014655592058,,,,,,,,,120.0,,,,,,
community,1994,100,Local CQR (Silverman),RELU,Bin 3,2,3,90%,0.7647058823529411,0.04082338756803739,1.555058454882952,,,,,,,,,119.0,,,,,,
community,1994,100,Local CQR (Silverman),RELU,Bin 4,0,4,90%,0.7683333333333333,0.02321398046197353,2.050657620177746,,,,,,,,,120.0,,,,,,
community,1994,100,Local CQR (Silverman),RELU,Bin 5,3,5,90%,0.78,0.013540064007726586,1.1944987254993162,,,,,,,,,120.0,,,,,,
community,1994,100,Local CQR (Scott),RELU,Overall,,,90%,0.7552587646076795,0.017874803090917102,1.5061339453240727,0.08543317450890071,0.33914151533610304,1.3003429183194468,1.1064105017655792,0.6833333333333333,0.0444097086482474,0.8009943977591037,0.11766106442577033,,3.053429398260229,0.25195694425357995,0.34440527646695146,0.04973992853451061,0.023370135505182472,0.006288309089263522
community,1994,100,Local CQR (Scott),RELU,Bin 1,4,1,90%,0.7066666666666667,0.033911649915626334,1.0029159904674416,,,,,,,,,120.0,,,,,,
community,1994,100,Local CQR (Scott),RELU,Bin 2,1,2,90%,0.7366666666666666,0.06337717780610512,1.6717522625325856,,,,,,,,,120.0,,,,,,
community,1994,100,Local CQR (Scott),RELU,Bin 3,0,3,90%,0.7716666666666666,0.028674417556808766,2.0603771033143126,,,,,,,,,120.0,,,,,,
community,1994,100,Local CQR (Scott),RELU,Bin 4,2,4,90%,0.7731092436974789,0.04047594816400775,1.5724402580354753,,,,,,,,,119.0,,,,,,
community,1994,100,Local CQR (Scott),RELU,Bin 5,3,5,90%,0.7883333333333333,0.011303883305208779,1.223736664876477,,,,,,,,,120.0,,,,,,
community,1994,100,Local CQR (ISJ),RELU,Overall,,,90%,0.7499165275459098,0.017992912968691134,1.4172567394473004,0.09523456821334636,0.31900577707802735,1.251144777370436,0.9605102657938783,0.6994397759103641,0.029528579547586725,0.8066666666666666,0.10722689075630251,,3.0188068596645925,0.09399582177387553,0.41894604735707414,0.0402156164899185,0.024319443267503085,0.005578046969049727
community,1994,100,Local CQR (ISJ),RELU,Bin 1,3,1,90%,0.7266666666666667,0.027588242262078087,1.059537718958349,,,,,,,,,120.0,,,,,,
community,1994,100,Local CQR (ISJ),RELU,Bin 2,1,2,90%,0.7283333333333334,0.031001792062897122,1.5266001169217973,,,,,,,,,120.0,,,,,,
community,1994,100,Local CQR (ISJ),RELU,Bin 3,2,3,90%,0.7310924369747899,0.03941525848591118,1.3453942114467448,,,,,,,,,119.0,,,,,,
community,1994,100,Local CQR (ISJ),RELU,Bin 4,0,4,90%,0.7716666666666666,0.02867441755680876,2.042256084058232,,,,,,,,,120.0,,,,,,
community,1994,100,Local CQR (ISJ),RELU,Bin 5,4,5,90%,0.7916666666666666,0.035355339059327376,1.1118967114513743,,,,,,,,,120.0,,,,,,
community,1994,100,Local CQR (Fixed h=0.60),RELU,Overall,,,90%,0.810016694490818,0.013863465437079607,1.6227382953236638,0.08544150446342666,0.36552058467558746,1.3845897495746613,1.1275522305927557,0.7413025210084034,0.029780053784143053,0.86312324929972,0.12182072829131654,,2.831287691089435,0.19707722282353235,0.37959660035204157,0.042256466172550466,0.010583814113880853,0.003354627611849174
community,1994,100,Local CQR (Fixed h=0.60),RELU,Bin 1,4,1,90%,0.7766666666666666,0.04163331998932267,1.1279871317154728,,,,,,,,,120.0,,,,,,
community,1994,100,Local CQR (Fixed h=0.60),RELU,Bin 2,0,2,90%,0.795,0.06114645442614715,2.156495435781655,,,,,,,,,120.0,,,,,,
community,1994,100,Local CQR (Fixed h=0.60),RELU,Bin 3,1,3,90%,0.8066666666666666,0.04576510072581994,1.86482444394045,,,,,,,,,120.0,,,,,,
community,1994,100,Local CQR (Fixed h=0.60),RELU,Bin 4,2,4,90%,0.8319327731092436,0.03643610653559462,1.6225180492292028,,,,,,,,,119.0,,,,,,
community,1994,100,Local CQR (Fixed h=0.60),RELU,Bin 5,3,5,90%,0.8400000000000001,0.029059326290271158,1.3418645805674176,,,,,,,,,120.0,,,,,,
community,1994,100,Local CQR (Fixed h=0.80),RELU,Overall,,,90%,0.8497495826377296,0.009561149291002581,1.6988194297316102,0.09334077510031834,0.38250038847941126,1.471761830151081,1.0981855210854146,0.7930672268907563,0.03226803827999688,0.9030532212885154,0.1099859943977591,,2.689241093779761,0.12311224624564057,0.3804999839795202,0.050814643784623706,0.004551444499368377,0.0021494877052711057
community,1994,100,Local CQR (Fixed h=0.80),RELU,Bin 1,0,1,90%,0.8116666666666668,0.04847679857416328,2.305764590113028,,,,,,,,,120.0,,,,,,
community,1994,100,Local CQR (Fixed h=0.80),RELU,Bin 2,4,2,90%,0.8333333333333334,0.03496029493900506,1.2479498304219847,,,,,,,,,120.0,,,,,,
community,1994,100,Local CQR (Fixed h=0.80),RELU,Bin 3,1,3,90%,0.8433333333333334,0.036666666666666695,1.9341797451358214,,,,,,,,,120.0,,,,,,
community,1994,100,Local CQR (Fixed h=0.80),RELU,Bin 4,3,4,90%,0.8716666666666667,0.022730302828309755,1.3767195555864167,,,,,,,,,120.0,,,,,,
community,1994,100,Local CQR (Fixed h=0.80),RELU,Bin 5,2,5,90%,0.8890756302521009,0.03071540652520513,1.6289007719190294,,,,,,,,,119.0,,,,,,
community,1994,100,Local CQR (Fixed h=1.00),RELU,Overall,,,90%,0.8714524207011687,0.008642523609712719,1.7255897162049358,0.09194863642703678,0.3885348009240913,1.5237443734072522,1.0593648260654476,0.8214145658263305,0.024206786342864228,0.9132072829131653,0.09179271708683474,,2.5426545019486535,0.15382936007320439,0.4181329912731247,0.05922387068387386,0.0022947145524876635,0.0011058764615805813
community,1994,100,Local CQR (Fixed h=1.00),RELU,Bin 1,0,1,90%,0.8450000000000001,0.03785938897200185,2.4204040025129454,,,,,,,,,120.0,,,,,,
community,1994,100,Local CQR (Fixed h=1.00),RELU,Bin 2,4,2,90%,0.8633333333333333,0.03274480450731416,1.2876964086060148,,,,,,,,,120.0,,,,,,
community,1994,100,Local CQR (Fixed h=1.00),RELU,Bin 3,1,3,90%,0.8666666666666666,0.03689323936863109,1.9350158424436406,,,,,,,,,120.0,,,,,,
community,1994,100,Local CQR (Fixed h=1.00),RELU,Bin 4,3,4,90%,0.8833333333333334,0.031180478223116176,1.3301658457977055,,,,,,,,,120.0,,,,,,
community,1994,100,Local CQR (Fixed h=1.00),RELU,Bin 5,2,5,90%,0.8991596638655462,0.029591288843124404,1.6540704880968047,,,,,,,,,119.0,,,,,,
community,1994,100,Local CQR (Fixed h=1.20),RELU,Overall,,,90%,0.8848080133555927,0.012626157196119541,1.7359377261478586,0.09638838005072393,0.3908305894141459,1.5407476127147675,1.0262537534231486,0.8400000000000001,0.02134374745810946,0.9263725490196079,0.08637254901960786,,2.4448346305651363,0.1409563092569542,0.4563973516328919,0.054605498251260154,0.0014514539148992938,0.0009802920884103884
community,1994,100,Local CQR (Fixed h=1.20),RELU,Bin 1,1,1,90%,0.8699999999999999,0.03274480450731415,1.9251136368188078,,,,,,,,,120.0,,,,,,
community,1994,100,Local CQR (Fixed h=1.20),RELU,Bin 2,0,2,90%,0.875,0.04346134936801765,2.519670303780575,,,,,,,,,120.0,,,,,,
community,1994,100,Local CQR (Fixed h=1.20),RELU,Bin 3,4,3,90%,0.8850000000000001,0.03223179934302285,1.292002152927498,,,,,,,,,120.0,,,,,,
community,1994,100,Local CQR (Fixed h=1.20),RELU,Bin 4,3,4,90%,0.8866666666666667,0.03055050463303895,1.3008026381178446,,,,,,,,,120.0,,,,,,
community,1994,100,Local CQR (Fixed h=1.20),RELU,Bin 5,2,5,90%,0.907563025210084,0.01841084226908123,1.6413113459260515,,,,,,,,,119.0,,,,,,
community,1994,100,Local CQR (Fixed h=1.40),RELU,Overall,,,90%,0.8911519198664442,0.015424119482405485,1.7321409142311786,0.09363387099457589,0.39000628536748005,1.551287055015564,0.9936128755067072,0.8464845938375352,0.030738528893714083,0.9316666666666666,0.08518207282913164,,2.406536693424012,0.14042989357721203,0.4731700641602635,0.05156368702811455,0.001498582374126122,0.0011902976170306235
community,1994,100,Local CQR (Fixed h=1.40),RELU,Bin 1,1,1,90%,0.8816666666666666,0.03778594682918214,1.910225411853753,,,,,,,,,120.0,,,,,,
community,1994,100,Local CQR (Fixed h=1.40),RELU,Bin 2,3,2,90%,0.8833333333333334,0.031180478223116176,1.30390530865329,,,,,,,,,120.0,,,,,,
community,1994,100,Local CQR (Fixed h=1.40),RELU,Bin 3,0,3,90%,0.8883333333333333,0.043652669512362643,2.501836974107678,,,,,,,,,120.0,,,,,,
community,1994,100,Local CQR (Fixed h=1.40),RELU,Bin 4,4,4,90%,0.8949999999999999,0.04521553322083512,1.303860262304964,,,,,,,,,120.0,,,,,,
community,1994,100,Local CQR (Fixed h=1.40),RELU,Bin 5,2,5,90%,0.907563025210084,0.017627039465044552,1.6401096873454937,,,,,,,,,119.0,,,,,,
community,1994,100,Local CQR (Fixed h=1.60),RELU,Overall,,,90%,0.8964941569282138,0.017413562351125622,1.721525746667177,0.09145563112235361,0.3876310679862723,1.5616237699985505,0.9544630465767131,0.8483333333333334,0.037043517951488136,0.9383333333333332,0.09000000000000001,,2.374752301799473,0.137572225750336,0.4972519212493922,0.05950616709028542,0.0016252748158086775,0.001285208352584466
community,1994,100,Local CQR (Fixed h=1.60),RELU,Bin 1,3,1,90%,0.8833333333333334,0.030276503540974914,1.3023208084981888,,,,,,,,,120.0,,,,,,
community,1994,100,Local CQR (Fixed h=1.60),RELU,Bin 2,0,2,90%,0.8883333333333333,0.050717080182343145,2.4750369813639685,,,,,,,,,120.0,,,,,,
community,1994,100,Local CQR (Fixed h=1.60),RELU,Bin 3,1,3,90%,0.89,0.03851406669430449,1.9048522977298123,,,,,,,,,120.0,,,,,,
community,1994,100,Local CQR (Fixed h=1.60),RELU,Bin 4,4,4,90%,0.9083333333333334,0.04503085362035434,1.2736967894564712,,,,,,,,,120.0,,,,,,
community,1994,100,Local CQR (Fixed h=1.60),RELU,Bin 5,2,5,90%,0.9126050420168067,0.01959983830200102,1.6511352689733276,,,,,,,,,119.0,,,,,,
community,1994,100,Local CQR (Fixed h=1.80),RELU,Overall,,,90%,0.8981636060100167,0.01587294066645039,1.716797857414957,0.09011703775601045,0.3865880791748281,1.5687158137559891,0.9257203971608703,0.8433333333333334,0.04027681991198192,0.9400000000000001,0.09666666666666668,,2.356893527662261,0.13584732155204396,0.5077310376857629,0.05950000210432225,0.0017383151299735582,0.0012437093064376601
community,1994,100,Local CQR (Fixed h=1.80),RELU,Bin 1,0,1,90%,0.8866666666666667,0.05441609239104836,2.4483823595829035,,,,,,,,,120.0,,,,,,
community,1994,100,Local CQR (Fixed h=1.80),RELU,Bin 2,3,2,90%,0.8883333333333333,0.02718251071716681,1.3075432390750696,,,,,,,,,120.0,,,,,,
community,1994,100,Local CQR (Fixed h=1.80),RELU,Bin 3,1,3,90%,0.8916666666666666,0.039440531887330786,1.909849164884848,,,,,,,,,120.0,,,,,,
community,1994,100,Local CQR (Fixed h=1.80),RELU,Bin 4,4,4,90%,0.9083333333333334,0.04859126579037752,1.26178048018987,,,,,,,,,120.0,,,,,,
community,1994,100,Local CQR (Fixed h=1.80),RELU,Bin 5,2,5,90%,0.9159663865546218,0.019162612186540143,1.6559267844003038,,,,,,,,,119.0,,,,,,
community,1994,100,Local CQR (Fixed h=2.00),RELU,Overall,,,90%,0.899499165275459,0.014984177410562174,1.7154119550214901,0.09312950640338326,0.38625610552660833,1.580789464712143,0.9086270647844191,0.8433333333333334,0.039228674319799414,0.9366666666666665,0.09333333333333331,,2.337816922170112,0.14075923976336915,0.5204654503716803,0.06883814411885775,0.001637747844235734,0.0010604876932201173
community,1994,100,Local CQR (Fixed h=2.00),RELU,Bin 1,0,1,90%,0.8833333333333334,0.049721446300587675,2.4424198360990426,,,,,,,,,120.0,,,,,,
community,1994,100,Local CQR (Fixed h=2.00),RELU,Bin 2,1,2,90%,0.8950000000000001,0.03785938897200184,1.907968646910352,,,,,,,,,120.0,,,,,,
community,1994,100,Local CQR (Fixed h=2.00),RELU,Bin 3,3,3,90%,0.8966666666666667,0.02867441755680874,1.3087012979915986,,,,,,,,,120.0,,,,,,
community,1994,100,Local CQR (Fixed h=2.00),RELU,Bin 4,4,4,90%,0.9033333333333333,0.04847679857416328,1.2589031037626168,,,,,,,,,120.0,,,,,,
community,1994,100,Local CQR (Fixed h=2.00),RELU,Bin 5,2,5,90%,0.9193277310924369,0.020307640291755594,1.6585934024053715,,,,,,,,,119.0,,,,,,
community,1994,100,Local CQR (Fixed h=2.20),RELU,Overall,,,90%,0.9015025041736227,0.014932006527544495,1.7113594256207931,0.09262270250344284,0.38535082707185425,1.5809487000107765,0.8866909300711342,0.8450000000000001,0.03480102169636849,0.9399159663865545,0.0949159663865546,,2.3250028171652937,0.14294262528038174,0.5281765445932762,0.06612495310423869,0.0016542222771461523,0.0009280544492694071
community,1994,100,Local CQR (Fixed h=2.20),RELU,Bin 1,0,1,90%,0.8833333333333334,0.04624812308503867,2.428373114963466,,,,,,,,,120.0,,,,,,
community,1994,100,Local CQR (Fixed h=2.20),RELU,Bin 2,1,2,90%,0.8966666666666667,0.039651257511234404,1.902530818831486,,,,,,,,,120.0,,,,,,
community,1994,100,Local CQR (Fixed h=2.20),RELU,Bin 3,3,3,90%,0.8983333333333332,0.03179797338056486,1.3113632722975066,,,,,,,,,120.0,,,,,,
community,1994,100,Local CQR (Fixed h=2.20),RELU,Bin 4,4,4,90%,0.9066666666666666,0.046368092477478515,1.2578187849310538,,,,,,,,,120.0,,,,,,
community,1994,100,Local CQR (Fixed h=2.20),RELU,Bin 5,2,5,90%,0.922689075630252,0.023409055928040535,1.6562519077649889,,,,,,,,,119.0,,,,,,
blog_data,52397,280,Global CQR,RELU,Overall,,,90%,0.8978625954198473,0.002728807444747384,0.46121726632118226,0.04947971528249772,17.71899388927472,0.0798334926366806,1.4000197887420653,0.8476145038167939,0.02751601342304655,0.9414122137404579,0.09379770992366414,,1.2008439302444458,0.10806250032280892,0.7320012211799621,0.026696252072602535,0.001301584989219743,0.0010267657614696165
blog_data,52397,280,Global CQR,RELU,Bin 1,4,1,90%,0.8618320610687021,0.044573020121146396,1.3982542276382446,,,,,,,,,2096.0,,,,,,
blog_data,52397,280,Global CQR,RELU,Bin 2,3,2,90%,0.8871183206106871,0.011839753716981769,0.4743517994880676,,,,,,,,,2096.0,,,,,,
blog_data,52397,280,Global CQR,RELU,Bin 3,2,3,90%,0.8991412213740457,0.006818347360667889,0.21921250224113464,,,,,,,,,2096.0,,,,,,
blog_data,52397,280,Global CQR,RELU,Bin 4,1,4,90%,0.9067748091603054,0.022123416217469733,0.1313119113445282,,,,,,,,,2096.0,,,,,,
blog_data,52397,280,Global CQR,RELU,Bin 5,0,5,90%,0.9344465648854963,0.0314503585192237,0.08295583128929138,,,,,,,,,2096.0,,,,,,
blog_data,52397,280,Local CQR (Silverman),RELU,Overall,,,90%,0.8070229007633589,0.012765820510250195,0.4953948739880148,0.04257585951595692,19.055346352010826,0.08193392854714879,1.662641291440902,0.7666030534351145,0.023851908201501706,0.8504770992366414,0.08387404580152673,,1.2743012818487855,0.12318476674856836,0.6611504192638438,0.06001240685268053,0.009860453936250803,0.0026313828805208986
blog_data,52397,280,Local CQR (Silverman),RELU,Bin 1,4,1,90%,0.7772900763358779,0.036202244805952986,1.4469318753370344,,,,,,,,,2096.0,,,,,,
blog_data,52397,280,Local CQR (Silverman),RELU,Bin 2,2,2,90%,0.7992366412213741,0.022437668194882836,0.2516495939380068,,,,,,,,,2096.0,,,,,,
blog_data,52397,280,Local CQR (Silverman),RELU,Bin 3,3,3,90%,0.8072519083969466,0.02679922088785035,0.518900437139216,,,,,,,,,2096.0,,,,,,
blog_data,52397,280,Local CQR (Silverman),RELU,Bin 4,1,4,90%,0.8075381679389313,0.017931824156525722,0.14596693094861501,,,,,,,,,2096.0,,,,,,
blog_data,52397,280,Local CQR (Silverman),RELU,Bin 5,0,5,90%,0.8437977099236642,0.030453136267662145,0.11352553257720192,,,,,,,,,2096.0,,,,,,
blog_data,52397,280,Local CQR (Scott),RELU,Overall,,,90%,0.8032251908396948,0.011989745876239235,0.5029600044081294,0.046606737896461185,19.340148374031177,0.08259497672053219,1.7132037515737462,0.7573473282442749,0.02455388335971837,0.8537213740458014,0.09637404580152668,,1.290689327703515,0.12776825018170337,0.650869664528382,0.05350958829171556,0.010802453601188745,0.0027447294893031804
blog_data,52397,280,Local CQR (Scott),RELU,Bin 1,4,1,90%,0.7672709923664123,0.03622864292125255,1.4696894796427773,,,,,,,,,2096.0,,,,,,
blog_data,52397,280,Local CQR (Scott),RELU,Bin 2,2,2,90%,0.7954198473282442,0.0188497072135355,0.2541239186063603,,,,,,,,,2096.0,,,,,,
blog_data,52397,280,Local CQR (Scott),RELU,Bin 3,3,3,90%,0.7991412213740458,0.031085495864530698,0.532468402050964,,,,,,,,,2096.0,,,,,,
blog_data,52397,280,Local CQR (Scott),RELU,Bin 4,1,4,90%,0.8056297709923663,0.019801859985306626,0.14742477975494564,,,,,,,,,2096.0,,,,,,
blog_data,52397,280,Local CQR (Scott),RELU,Bin 5,0,5,90%,0.8486641221374047,0.026803297538365158,0.11109344198559952,,,,,,,,,2096.0,,,,,,
blog_data,52397,280,Local CQR (ISJ),RELU,Overall,,,90%,0.8660305343511452,0.007225998309605501,0.4736113757733639,0.05047144437752474,18.195545725998752,0.08037674821971827,1.4900242529118048,0.8228053435114504,0.014635675226523918,0.8986641221374047,0.0758587786259542,,1.174786199393035,0.10897011198297957,0.6937843085333483,0.048427820278808466,0.002042858807761787,0.0003802302068028471
blog_data,52397,280,Local CQR (ISJ),RELU,Bin 1,4,1,90%,0.8441793893129772,0.039111197502250186,1.408480609477625,,,,,,,,,2096.0,,,,,,
blog_data,52397,280,Local CQR (ISJ),RELU,Bin 2,1,2,90%,0.8628816793893129,0.023725987219777707,0.13716458291428751,,,,,,,,,2096.0,,,,,,
blog_data,52397,280,Local CQR (ISJ),RELU,Bin 3,0,3,90%,0.8688931297709924,0.037997472382575656,0.09887693877552178,,,,,,,,,2096.0,,,,,,
blog_data,52397,280,Local CQR (ISJ),RELU,Bin 4,3,4,90%,0.8742366412213741,0.010301808836844123,0.4876086241201073,,,,,,,,,2096.0,,,,,,
blog_data,52397,280,Local CQR (ISJ),RELU,Bin 5,2,5,90%,0.8799618320610687,0.006717448819388563,0.23592612357927822,,,,,,,,,2096.0,,,,,,
blog_data,52397,280,Local CQR (Fixed h=0.60),RELU,Overall,,,90%,0.8680343511450381,0.01082331980034291,0.5787425327271476,0.05156912704968088,22.258890441583922,0.08849740698933602,1.96275284813168,0.8226145038167939,0.021258291382625142,0.9070610687022901,0.08444656488549615,,1.2738174818477703,0.13262612050919903,0.6307940927959401,0.06790419927909593,0.002104490195792786,0.0009698356955312627
blog_data,52397,280,Local CQR (Fixed h=0.60),RELU,Bin 1,4,1,90%,0.825,0.022036407542653874,1.7289056517850625,,,,,,,,,2096.0,,,,,,
blog_data,52397,280,Local CQR (Fixed h=0.60),RELU,Bin 2,3,2,90%,0.8553435114503817,0.018325579796850643,0.6308828979082663,,,,,,,,,2096.0,,,,,,
blog_data,52397,280,Local CQR (Fixed h=0.60),RELU,Bin 3,2,3,90%,0.8670801526717558,0.013428796875136078,0.28071826597432115,,,,,,,,,2096.0,,,,,,
blog_data,52397,280,Local CQR (Fixed h=0.60),RELU,Bin 4,1,4,90%,0.8856870229007633,0.0158598005384457,0.1456987831260418,,,,,,,,,2096.0,,,,,,
blog_data,52397,280,Local CQR (Fixed h=0.60),RELU,Bin 5,0,5,90%,0.9070610687022901,0.017649834721477478,0.10750706484204646,,,,,,,,,2096.0,,,,,,
blog_data,52397,280,Local CQR (Fixed h=0.80),RELU,Overall,,,90%,0.8886641221374045,0.005809305752961466,0.5649243908727314,0.051776682250501506,21.72430846117767,0.08696151152253151,1.9115870805493131,0.856583969465649,0.015928542320710875,0.9207061068702289,0.06412213740458013,,1.2371850721252131,0.11931383005010515,0.6454888355597925,0.08594516712587759,0.0007029310646232737,0.0003631638958071657
blog_data,52397,280,Local CQR (Fixed h=0.80),RELU,Bin 1,4,1,90%,0.8606870229007635,0.018730019169438256,1.7223967511451932,,,,,,,,,2096.0,,,,,,
blog_data,52397,280,Local CQR (Fixed h=0.80),RELU,Bin 2,3,2,90%,0.8792938931297709,0.011737029100522855,0.5916364340933494,,,,,,,,,2096.0,,,,,,
blog_data,52397,280,Local CQR (Fixed h=0.80),RELU,Bin 3,2,3,90%,0.8882633587786259,0.003984849812561306,0.270365199801329,,,,,,,,,2096.0,,,,,,
blog_data,52397,280,Local CQR (Fixed h=0.80),RELU,Bin 4,1,4,90%,0.8984732824427482,0.015024914724124781,0.14433912824337658,,,,,,,,,2096.0,,,,,,
blog_data,52397,280,Local CQR (Fixed h=0.80),RELU,Bin 5,0,5,90%,0.9166030534351144,0.01986108595399147,0.0958844410804092,,,,,,,,,2096.0,,,,,,
blog_data,52397,280,Local CQR (Fixed h=1.00),RELU,Overall,,,90%,0.8986259541984734,0.005381408687902395,0.5518846798570802,0.054595014325770005,21.217064269563824,0.08516764789819717,1.9092746243959204,0.8728053435114503,0.01467605643490869,0.9291030534351143,0.05629770992366414,,1.2232197591474974,0.10806423844053945,0.6536567271807755,0.09720541106431056,0.0004886042480041958,0.00028892988376738295
blog_data,52397,280,Local CQR (Fixed h=1.00),RELU,Bin 1,4,1,90%,0.8785305343511449,0.018992145503243876,1.692350716645214,,,,,,,,,2096.0,,,,,,
blog_data,52397,280,Local CQR (Fixed h=1.00),RELU,Bin 2,3,2,90%,0.8895038167938931,0.008222733023973472,0.5662882656443837,,,,,,,,,2096.0,,,,,,
blog_data,52397,280,Local CQR (Fixed h=1.00),RELU,Bin 3,2,3,90%,0.8960877862595421,0.00586967805314112,0.2684583837864352,,,,,,,,,2096.0,,,,,,
blog_data,52397,280,Local CQR (Fixed h=1.00),RELU,Bin 4,1,4,90%,0.9049618320610687,0.016163457451838382,0.14094440456329074,,,,,,,,,2096.0,,,,,,
blog_data,52397,280,Local CQR (Fixed h=1.00),RELU,Bin 5,0,5,90%,0.9240458015267177,0.023016564722326365,0.09138162864607716,,,,,,,,,2096.0,,,,,,
blog_data,52397,280,Local CQR (Fixed h=1.20),RELU,Overall,,,90%,0.9032442748091605,0.005779954368470623,0.5411644953356796,0.059519421511044085,20.791622181734574,0.08417764395209194,1.89059359170239,0.8786259541984733,0.011591056976381853,0.9317748091603054,0.05314885496183206,,1.2119552322385583,0.11777498863345202,0.6594885793113368,0.10671852766266318,0.00047021589650952743,0.0002935990382788001
blog_data,52397,280,Local CQR (Fixed h=1.20),RELU,Bin 1,4,1,90%,0.8861641221374047,0.016893894664697744,1.6642768067091673,,,,,,,,,2096.0,,,,,,
blog_data,52397,280,Local CQR (Fixed h=1.20),RELU,Bin 2,3,2,90%,0.8957061068702291,0.009525749547120873,0.5407155750440117,,,,,,,,,2096.0,,,,,,
blog_data,52397,280,Local CQR (Fixed h=1.20),RELU,Bin 3,2,3,90%,0.8975190839694657,0.006157353360649471,0.2694326644542462,,,,,,,,,2096.0,,,,,,
blog_data,52397,280,Local CQR (Fixed h=1.20),RELU,Bin 4,1,4,90%,0.907824427480916,0.01787028036552974,0.14114453858522985,,,,,,,,,2096.0,,,,,,
blog_data,52397,280,Local CQR (Fixed h=1.20),RELU,Bin 5,0,5,90%,0.9290076335877864,0.02233802878197241,0.09025289188574294,,,,,,,,,2096.0,,,,,,
blog_data,52397,280,Local CQR (Fixed h=1.40),RELU,Overall,,,90%,0.9058396946564885,0.006234765244309706,0.5268060422994659,0.05240743663333565,20.25114240030706,0.08352367952466011,1.7759176868147322,0.8812977099236642,0.012361934916566177,0.9334923664122137,0.05219465648854964,,1.1987863644213836,0.1153929444841833,0.6854871262569733,0.08901434349516966,0.0004892015325447234,0.0003242895364450155
blog_data,52397,280,Local CQR (Fixed h=1.40),RELU,Bin 1,4,1,90%,0.8902671755725191,0.017856518506987128,1.616551758207915,,,,,,,,,2096.0,,,,,,
blog_data,52397,280,Local CQR (Fixed h=1.40),RELU,Bin 2,3,2,90%,0.8986641221374047,0.008857100294559002,0.5257385497929897,,,,,,,,,2096.0,,,,,,
blog_data,52397,280,Local CQR (Fixed h=1.40),RELU,Bin 3,2,3,90%,0.9008587786259541,0.00623085027378415,0.2627215550849433,,,,,,,,,2096.0,,,,,,
blog_data,52397,280,Local CQR (Fixed h=1.40),RELU,Bin 4,1,4,90%,0.909446564885496,0.019383151031442187,0.139004699081304,,,,,,,,,2096.0,,,,,,
blog_data,52397,280,Local CQR (Fixed h=1.40),RELU,Bin 5,0,5,90%,0.9299618320610687,0.023451550791865387,0.09001364933017798,,,,,,,,,2096.0,,,,,,
blog_data,52397,280,Local CQR (Fixed h=1.60),RELU,Overall,,,90%,0.90793893129771,0.006423789986656584,0.5182708307606174,0.049341316195333045,19.92580326503143,0.0831391029059887,1.721264256822323,0.8831106870229009,0.00982407456201049,0.937118320610687,0.05400763358778626,,1.1929318321436009,0.11028713760694041,0.6947989993625876,0.0847906097398241,0.0005330327486743194,0.00038243079418181917
blog_data,52397,280,Local CQR (Fixed h=1.60),RELU,Bin 1,4,1,90%,0.8914122137404581,0.016883112244232012,1.5871187368471233,,,,,,,,,2096.0,,,,,,
blog_data,52397,280,Local CQR (Fixed h=1.60),RELU,Bin 2,3,2,90%,0.9004770992366412,0.009914484891496569,0.5155704653913091,,,,,,,,,2096.0,,,,,,
blog_data,52397,280,Local CQR (Fixed h=1.60),RELU,Bin 3,2,3,90%,0.9037213740458017,0.007117578701897547,0.25953489535223595,,,,,,,,,2096.0,,,,,,
blog_data,52397,280,Local CQR (Fixed h=1.60),RELU,Bin 4,1,4,90%,0.9111641221374047,0.017959221917585633,0.1392364518851285,,,,,,,,,2096.0,,,,,,
blog_data,52397,280,Local CQR (Fixed h=1.60),RELU,Bin 5,0,5,90%,0.9329198473282443,0.024747795511317918,0.0898936043272904,,,,,,,,,2096.0,,,,,,
blog_data,52397,280,Local CQR (Fixed h=1.80),RELU,Overall,,,90%,0.9087213740458016,0.0065130878622619666,0.5124032070603038,0.047672504080509714,19.701618678528817,0.08268676400184631,1.6981456159316353,0.8836832061068701,0.010733778583541609,0.9381679389312977,0.05448473282442749,,1.1945010198250157,0.10615165989401103,0.6947529082481602,0.08516632269961415,0.0005792148621875179,0.00041765505098626665
blog_data,52397,280,Local CQR (Fixed h=1.80),RELU,Bin 1,4,1,90%,0.8911259541984732,0.01811821648677098,1.567653142508677,,,,,,,,,2096.0,,,,,,
blog_data,52397,280,Local CQR (Fixed h=1.80),RELU,Bin 2,3,2,90%,0.8992366412213741,0.010322998729998884,0.5097688869870551,,,,,,,,,2096.0,,,,,,
blog_data,52397,280,Local CQR (Fixed h=1.80),RELU,Bin 3,2,3,90%,0.9047709923664122,0.007054618469188743,0.2567747992314592,,,,,,,,,2096.0,,,,,,
blog_data,52397,280,Local CQR (Fixed h=1.80),RELU,Bin 4,1,4,90%,0.9132633587786259,0.01691490061538957,0.1382481846185424,,,,,,,,,2096.0,,,,,,
blog_data,52397,280,Local CQR (Fixed h=1.80),RELU,Bin 5,0,5,90%,0.9352099236641221,0.024649737335831434,0.08957102195578592,,,,,,,,,2096.0,,,,,,
blog_data,52397,280,Local CQR (Fixed h=2.00),RELU,Overall,,,90%,0.9084541984732825,0.006352583054320179,0.5082815144358813,0.04659433249919952,19.54339871829814,0.08238808959722518,1.6890306459557796,0.8836832061068701,0.013243779826639277,0.9385496183206106,0.054866412213740424,,1.1948319106802296,0.10535621969052646,0.6931223324498866,0.08783055681979049,0.0006089443359944052,0.00045186866678230923
blog_data,52397,280,Local CQR (Fixed h=2.00),RELU,Bin 1,4,1,90%,0.8912213740458015,0.02021009486047911,1.5552890474666705,,,,,,,,,2096.0,,,,,,
blog_data,52397,280,Local CQR (Fixed h=2.00),RELU,Bin 2,3,2,90%,0.8974236641221374,0.01019251923147068,0.5046685861050932,,,,,,,,,2096.0,,,,,,
blog_data,52397,280,Local CQR (Fixed h=2.00),RELU,Bin 3,2,3,90%,0.9050572519083969,0.007121415327116506,0.25591778418764105,,,,,,,,,2096.0,,,,,,
blog_data,52397,280,Local CQR (Fixed h=2.00),RELU,Bin 4,1,4,90%,0.9133587786259543,0.016526100512078052,0.13743405502272088,,,,,,,,,2096.0,,,,,,
blog_data,52397,280,Local CQR (Fixed h=2.00),RELU,Bin 5,0,5,90%,0.9352099236641221,0.02609763351622394,0.08809809939728068,,,,,,,,,2096.0,,,,,,
blog_data,52397,280,Local CQR (Fixed h=2.20),RELU,Overall,,,90%,0.9075954198473284,0.005651755496300737,0.5039544061585252,0.044955352849978904,19.379224988836544,0.08200153559446335,1.6710378037728657,0.8818702290076337,0.013766938012878968,0.9392175572519085,0.05734732824427478,,1.1948598445376166,0.10532619356539906,0.6939725335553846,0.09070036204840372,0.0006343380339141072,0.0004794374169431155
blog_data,52397,280,Local CQR (Fixed h=2.20),RELU,Bin 1,4,1,90%,0.8897900763358779,0.021094045908710547,1.5393850451939808,,,,,,,,,2096.0,,,,,,
blog_data,52397,280,Local CQR (Fixed h=2.20),RELU,Bin 2,3,2,90%,0.8945610687022901,0.011713733617880863,0.5003954143832707,,,,,,,,,2096.0,,,,,,
blog_data,52397,280,Local CQR (Fixed h=2.20),RELU,Bin 3,2,3,90%,0.9048664122137404,0.006621889913319662,0.25535722540402195,,,,,,,,,2096.0,,,,,,
blog_data,52397,280,Local CQR (Fixed h=2.20),RELU,Bin 4,1,4,90%,0.9132633587786259,0.015366447291041233,0.13715804736037845,,,,,,,,,2096.0,,,,,,
blog_data,52397,280,Local CQR (Fixed h=2.20),RELU,Bin 5,0,5,90%,0.9354961832061068,0.026760801970682712,0.08747629845097435,,,,,,,,,2096.0,,,,,,
rf1,4017,64,Global CQR,RELU,Overall,,,90%,0.9019900497512439,0.010238365983709797,0.5123950600624084,0.02740935508065836,17.417352338575277,0.5152224898338318,0.18811772763729095,0.8645962732919255,0.014379921618372926,0.9390295031055901,0.07443322981366456,,0.5684359550476075,0.0264670006056754,0.6261679649353027,0.028169446715084905,0.001020590267061455,0.0007541518423182304
rf1,4017,64,Global CQR,RELU,Bin 1,1,1,90%,0.8683229813664596,0.018592086393907768,0.5764375329017639,,,,,,,,,161.0,,,,,,
rf1,4017,64,Global CQR,RELU,Bin 2,0,2,90%,0.8944099378881987,0.019641476150114166,0.5111372709274292,,,,,,,,,161.0,,,,,,
rf1,4017,64,Global CQR,RELU,Bin 3,2,3,90%,0.9112499999999999,0.031224989991991983,0.45506250858306885,,,,,,,,,160.0,,,,,,
rf1,4017,64,Global CQR,RELU,Bin 4,4,4,90%,0.9155279503105591,0.01867490233338249,0.5573404192924499,,,,,,,,,161.0,,,,,,
rf1,4017,64,Global CQR,RELU,Bin 5,3,5,90%,0.9204968944099378,0.0350037336735537,0.4616415202617645,,,,,,,,,161.0,,,,,,
rf1,4017,64,Local CQR (Silverman),RELU,Overall,,,90%,0.9077114427860696,0.004265280646637372,0.43830330156216124,0.016887575897549422,14.899760805957465,0.41712554916739464,0.2165306907569487,0.847694099378882,0.018756864155127714,0.9503105590062113,0.1026164596273292,,0.46705286918087535,0.016416994320103493,0.8377891855994806,0.01490655972004656,0.0014766225984722805,0.0006601760365956804
rf1,4017,64,Local CQR (Silverman),RELU,Bin 1,2,1,90%,0.865,0.038037810136757354,0.3852616921253502,,,,,,,,,160.0,,,,,,
rf1,4017,64,Local CQR (Silverman),RELU,Bin 2,4,2,90%,0.9080745341614908,0.012668371462342296,0.46305202231829207,,,,,,,,,161.0,,,,,,
rf1,4017,64,Local CQR (Silverman),RELU,Bin 3,0,3,90%,0.9080745341614908,0.04485831077085165,0.4432107236375165,,,,,,,,,161.0,,,,,,
rf1,4017,64,Local CQR (Silverman),RELU,Bin 4,3,4,90%,0.924223602484472,0.024023701373681643,0.3691255636582649,,,,,,,,,161.0,,,,,,
rf1,4017,64,Local CQR (Silverman),RELU,Bin 5,1,5,90%,0.9329192546583851,0.012668371462342346,0.5305370550810922,,,,,,,,,161.0,,,,,,
rf1,4017,64,Local CQR (Scott),RELU,Overall,,,90%,0.908955223880597,0.0043372128791449565,0.44238122107451827,0.017649584307608938,15.038204649172858,0.4206866294145584,0.21600461105726346,0.8514518633540373,0.015337429804852821,0.9503105590062113,0.09885869565217391,,0.4709790172249969,0.017091190454253637,0.8301432280675959,0.015654749406190212,0.0013966438891246473,0.0005752639277882691
rf1,4017,64,Local CQR (Scott),RELU,Bin 1,2,1,90%,0.8699999999999999,0.03363406011768428,0.3895831754244864,,,,,,,,,160.0,,,,,,
rf1,4017,64,Local CQR (Scott),RELU,Bin 2,0,2,90%,0.9080745341614908,0.045878721273588545,0.4458310579962057,,,,,,,,,161.0,,,,,,
rf1,4017,64,Local CQR (Scott),RELU,Bin 3,4,3,90%,0.9093167701863354,0.016005091585993926,0.4682941098483453,,,,,,,,,161.0,,,,,,
rf1,4017,64,Local CQR (Scott),RELU,Bin 4,3,4,90%,0.924223602484472,0.024023701373681643,0.37195146870307666,,,,,,,,,161.0,,,,,,
rf1,4017,64,Local CQR (Scott),RELU,Bin 5,1,5,90%,0.9329192546583851,0.013832954938708154,0.5359183552287379,,,,,,,,,161.0,,,,,,
rf1,4017,64,Local CQR (ISJ),RELU,Overall,,,90%,0.8756218905472636,0.007787301414178403,0.39884231314581975,0.012959169995337902,13.558617376213409,0.3742905080318451,0.21900840643563163,0.8393478260869566,0.020334125144299955,0.9105590062111801,0.07121118012422359,,0.43810935550105173,0.015338668014889653,0.9054698259028049,0.014934557402799486,0.0015447147100806295,0.0009244752776949033
rf1,4017,64,Local CQR (ISJ),RELU,Bin 1,4,1,90%,0.8583850931677018,0.02129991080681024,0.42197776112518054,,,,,,,,,161.0,,,,,,
rf1,4017,64,Local CQR (ISJ),RELU,Bin 2,2,2,90%,0.8600000000000001,0.03391164991562633,0.3481540465774942,,,,,,,,,160.0,,,,,,
rf1,4017,64,Local CQR (ISJ),RELU,Bin 3,3,3,90%,0.8832298136645964,0.025579205319222344,0.3359010349218704,,,,,,,,,161.0,,,,,,
rf1,4017,64,Local CQR (ISJ),RELU,Bin 4,0,4,90%,0.884472049689441,0.03697608960530984,0.41979332954293086,,,,,,,,,161.0,,,,,,
rf1,4017,64,Local CQR (ISJ),RELU,Bin 5,1,5,90%,0.8919254658385094,0.01337929144629693,0.46807055960778243,,,,,,,,,161.0,,,,,,
rf1,4017,64,Local CQR (Fixed h=0.60),RELU,Overall,,,90%,0.9124378109452737,0.006467661691542305,0.48095255443891183,0.023390713992522027,16.34961850816746,0.463046246021986,0.20855112022384734,0.8603571428571428,0.014431607181115406,0.946583850931677,0.08622670807453417,,0.5135748280054746,0.023260978289102067,0.7271930711869402,0.01918921837319423,0.0013437472271517299,0.0005611070248204439
rf1,4017,64,Local CQR (Fixed h=0.60),RELU,Bin 1,2,1,90%,0.8825,0.03245188746436791,0.43205224202945824,,,,,,,,,160.0,,,,,,
rf1,4017,64,Local CQR (Fixed h=0.60),RELU,Bin 2,0,2,90%,0.9105590062111801,0.04419986801157067,0.4739894345610963,,,,,,,,,161.0,,,,,,
rf1,4017,64,Local CQR (Fixed h=0.60),RELU,Bin 3,4,3,90%,0.9130434782608695,0.020412020776590035,0.5032141877442414,,,,,,,,,161.0,,,,,,
rf1,4017,64,Local CQR (Fixed h=0.60),RELU,Bin 4,1,4,90%,0.9279503105590061,0.024087850223186724,0.5876434712722804,,,,,,,,,161.0,,,,,,
rf1,4017,64,Local CQR (Fixed h=0.60),RELU,Bin 5,3,5,90%,0.9279503105590063,0.02376537449653291,0.40755970793897695,,,,,,,,,161.0,,,,,,
rf1,4017,64,Local CQR (Fixed h=0.80),RELU,Overall,,,90%,0.9106965174129353,0.012669484157459544,0.49674884199873726,0.021737527664693564,16.8871499499896,0.48369018007069825,0.20345449691842718,0.8667391304347826,0.021440318253862216,0.9440993788819876,0.07736024844720497,,0.5329650975541391,0.02323949133110301,0.6846218360020717,0.026618982769282654,0.0011596837506269047,0.00042192752133404435
rf1,4017,64,Local CQR (Fixed h=0.80),RELU,Bin 1,2,1,90%,0.8949999999999999,0.02806243040080457,0.44987331724725665,,,,,,,,,160.0,,,,,,
rf1,4017,64,Local CQR (Fixed h=0.80),RELU,Bin 2,4,2,90%,0.9055900621118012,0.016386218581705476,0.5151906829026546,,,,,,,,,161.0,,,,,,
rf1,4017,64,Local CQR (Fixed h=0.80),RELU,Bin 3,0,3,90%,0.9105590062111801,0.043849348061423085,0.48641249314644697,,,,,,,,,161.0,,,,,,
rf1,4017,64,Local CQR (Fixed h=0.80),RELU,Bin 4,1,4,90%,0.9118012422360249,0.03456006892731319,0.6071396842784023,,,,,,,,,161.0,,,,,,
rf1,4017,64,Local CQR (Fixed h=0.80),RELU,Bin 5,3,5,90%,0.9304347826086957,0.019797984410570464,0.424836880091277,,,,,,,,,161.0,,,,,,
rf1,4017,64,Local CQR (Fixed h=1.00),RELU,Overall,,,90%,0.9116915422885572,0.012437810945273627,0.5042503510745455,0.022201277870677424,17.142361763344013,0.49654951952397824,0.19845687720088198,0.8780900621118013,0.024512550431567904,0.9453416149068323,0.06725155279503103,,0.5460176328002517,0.024413825230585877,0.663156244405459,0.03580698873826146,0.0010971247371822067,0.0006956400772747079
rf1,4017,64,Local CQR (Fixed h=1.00),RELU,Bin 1,2,1,90%,0.89875,0.018708286933869684,0.45632151036057617,,,,,,,,,160.0,,,,,,
rf1,4017,64,Local CQR (Fixed h=1.00),RELU,Bin 2,4,2,90%,0.9055900621118014,0.012043925111593336,0.5196411143271079,,,,,,,,,161.0,,,,,,
rf1,4017,64,Local CQR (Fixed h=1.00),RELU,Bin 3,0,3,90%,0.9105590062111801,0.03880869404177218,0.4977403800425507,,,,,,,,,161.0,,,,,,
rf1,4017,64,Local CQR (Fixed h=1.00),RELU,Bin 4,1,4,90%,0.9130434782608695,0.040824041553180083,0.6088287646448389,,,,,,,,,161.0,,,,,,
rf1,4017,64,Local CQR (Fixed h=1.00),RELU,Bin 5,3,5,90%,0.9304347826086957,0.024023701373681646,0.4384222913348341,,,,,,,,,161.0,,,,,,
rf1,4017,64,Local CQR (Fixed h=1.20),RELU,Overall,,,90%,0.9069651741293534,0.012094771921535548,0.5065711042236778,0.02408623625103832,17.220651731234636,0.5055203950032592,0.19369486654672438,0.8756055900621117,0.0219712760217586,0.9316770186335404,0.05607142857142853,,0.5535255466416404,0.026342215988353457,0.6517786281006089,0.03105334644344638,0.0007251490707341526,0.0004939000777895655
rf1,4017,64,Local CQR (Fixed h=1.20),RELU,Bin 1,2,1,90%,0.9012500000000001,0.02106537443294089,0.45794721146579825,,,,,,,,,160.0,,,,,,
rf1,4017,64,Local CQR (Fixed h=1.20),RELU,Bin 2,4,2,90%,0.901863354037267,0.013263451244759378,0.5234835967514085,,,,,,,,,161.0,,,,,,
rf1,4017,64,Local CQR (Fixed h=1.20),RELU,Bin 3,0,3,90%,0.9043478260869566,0.03392919325154697,0.5056958427363486,,,,,,,,,161.0,,,,,,
rf1,4017,64,Local CQR (Fixed h=1.20),RELU,Bin 4,1,4,90%,0.9093167701863354,0.03392919325154697,0.5998579093526979,,,,,,,,,161.0,,,,,,
rf1,4017,64,Local CQR (Fixed h=1.20),RELU,Bin 5,3,5,90%,0.9180124223602484,0.016386218581705487,0.44556894905587524,,,,,,,,,161.0,,,,,,
rf1,4017,64,Local CQR (Fixed h=1.40),RELU,Overall,,,90%,0.9044776119402986,0.01143737704733596,0.5074425506632572,0.02475874442215387,17.249990512722217,0.5087011963129043,0.19165149532883458,0.8743788819875776,0.022005905264666923,0.9328649068322982,0.05848602484472047,,0.5578442708491834,0.02619422875725245,0.6445483922492905,0.030389306420423038,0.0006837374860151996,0.000524482483519992
rf1,4017,64,Local CQR (Fixed h=1.40),RELU,Bin 1,1,1,90%,0.8944099378881987,0.03310040396142663,0.591833175589209,,,,,,,,,161.0,,,,,,
rf1,4017,64,Local CQR (Fixed h=1.40),RELU,Bin 2,0,2,90%,0.901863354037267,0.027045392617487264,0.5107937026398707,,,,,,,,,161.0,,,,,,
rf1,4017,64,Local CQR (Fixed h=1.40),RELU,Bin 3,4,3,90%,0.9055900621118012,0.012043925111593334,0.5259759697854889,,,,,,,,,161.0,,,,,,
rf1,4017,64,Local CQR (Fixed h=1.40),RELU,Bin 4,2,4,90%,0.9100000000000001,0.026398390102428608,0.458895697738044,,,,,,,,,160.0,,,,,,
rf1,4017,64,Local CQR (Fixed h=1.40),RELU,Bin 5,3,5,90%,0.9105590062111801,0.02173025550874024,0.44941267431569026,,,,,,,,,161.0,,,,,,
rf1,4017,64,Local CQR (Fixed h=1.60),RELU,Overall,,,90%,0.9042288557213931,0.011180201519524478,0.508263857560742,0.02468021232852171,17.277811923705237,0.508974750712514,0.19060898913454827,0.8756211180124224,0.019643931181203063,0.934114906832298,0.05849378881987575,,0.5609894867096819,0.025760640681833303,0.6413882724056835,0.030080303433089598,0.0006845685568650895,0.0004349148689923039
rf1,4017,64,Local CQR (Fixed h=1.60),RELU,Bin 1,1,1,90%,0.8881987577639752,0.027498066610159806,0.5876230994042773,,,,,,,,,161.0,,,,,,
rf1,4017,64,Local CQR (Fixed h=1.60),RELU,Bin 2,0,2,90%,0.9031055900621119,0.027385599608756035,0.5128907578725437,,,,,,,,,161.0,,,,,,
rf1,4017,64,Local CQR (Fixed h=1.60),RELU,Bin 3,4,3,90%,0.9055900621118012,0.012043925111593334,0.5291888020423628,,,,,,,,,161.0,,,,,,
rf1,4017,64,Local CQR (Fixed h=1.60),RELU,Bin 4,3,4,90%,0.9105590062111801,0.02173025550874024,0.4520619281307326,,,,,,,,,161.0,,,,,,
rf1,4017,64,Local CQR (Fixed h=1.60),RELU,Bin 5,2,5,90%,0.91375,0.028613807855648998,0.4592502681212499,,,,,,,,,160.0,,,,,,
rf1,4017,64,Local CQR (Fixed h=1.80),RELU,Overall,,,90%,0.9069651741293534,0.010238365983709783,0.5086252265354961,0.024859752385202983,17.28999081416388,0.5092439830303193,0.18947984223875497,0.8782608695652174,0.016941840617373728,0.9352639751552795,0.057003105590062095,,0.5622588887819975,0.025571701451498736,0.6397974657917738,0.029555715388548873,0.0006450639081246859,0.00028585517366368137
rf1,4017,64,Local CQR (Fixed h=1.80),RELU,Bin 1,1,1,90%,0.8869565217391304,0.02402370137368162,0.5845189825255679,,,,,,,,,161.0,,,,,,
rf1,4017,64,Local CQR (Fixed h=1.80),RELU,Bin 2,0,2,90%,0.9043478260869566,0.02563946265906869,0.5135492694697209,,,,,,,,,161.0,,,,,,
rf1,4017,64,Local CQR (Fixed h=1.80),RELU,Bin 3,3,3,90%,0.9118012422360249,0.016850509274845375,0.45437596141135106,,,,,,,,,161.0,,,,,,
rf1,4017,64,Local CQR (Fixed h=1.80),RELU,Bin 4,4,4,90%,0.9130434782608695,0.014163669877007904,0.5312252648359871,,,,,,,,,161.0,,,,,,
rf1,4017,64,Local CQR (Fixed h=1.80),RELU,Bin 5,2,5,90%,0.91875,0.02561737691489901,0.4591493508592248,,,,,,,,,160.0,,,,,,
rf1,4017,64,Local CQR (Fixed h=2.00),RELU,Overall,,,90%,0.9062189054726367,0.009875339921034423,0.5091335692299317,0.025008842747751985,17.307185183031,0.5105097681283951,0.1886146185679854,0.8782608695652174,0.01337929144629693,0.9341226708074533,0.05586180124223601,,0.5628356140357124,0.025135908486242718,0.6396925943776177,0.028548393019307467,0.0006304818607499704,0.0003969712703733771
rf1,4017,64,Local CQR (Fixed h=2.00),RELU,Bin 1,1,1,90%,0.8869565217391304,0.02165912518529528,0.5822682628951827,,,,,,,,,161.0,,,,,,
rf1,4017,64,Local CQR (Fixed h=2.00),RELU,Bin 2,0,2,90%,0.9006211180124224,0.022566338042962666,0.5140280535618156,,,,,,,,,161.0,,,,,,
rf1,4017,64,Local CQR (Fixed h=2.00),RELU,Bin 3,4,3,90%,0.9118012422360249,0.01326345124475937,0.5343880575589882,,,,,,,,,161.0,,,,,,
rf1,4017,64,Local CQR (Fixed h=2.00),RELU,Bin 4,3,4,90%,0.9130434782608695,0.02041202077659003,0.4561634407257256,,,,,,,,,161.0,,,,,,
rf1,4017,64,Local CQR (Fixed h=2.00),RELU,Bin 5,2,5,90%,0.91875,0.02738612787525829,0.4585055717965588,,,,,,,,,160.0,,,,,,
rf1,4017,64,Local CQR (Fixed h=2.20),RELU,Overall,,,90%,0.9069651741293532,0.009582766310576245,0.5096137208122742,0.02517109027684711,17.323343705507277,0.5116896763443947,0.18802064087502907,0.8770186335403727,0.014906832298136635,0.9366071428571427,0.05958850931677016,,0.563461581885407,0.025174692962597018,0.6384512625819193,0.028152532564413028,0.0006978019149531261,0.00046053614011762556
rf1,4017,64,Local CQR (Fixed h=2.20),RELU,Bin 1,1,1,90%,0.8857142857142858,0.02376537449653289,0.580574878643018,,,,,,,,,161.0,,,,,,
rf1,4017,64,Local CQR (Fixed h=2.20),RELU,Bin 2,0,2,90%,0.9031055900621118,0.02310692576116555,0.5139534080227525,,,,,,,,,161.0,,,,,,
rf1,4017,64,Local CQR (Fixed h=2.20),RELU,Bin 3,4,3,90%,0.9118012422360249,0.012043925111593334,0.538049949969379,,,,,,,,,161.0,,,,,,
rf1,4017,64,Local CQR (Fixed h=2.20),RELU,Bin 4,3,4,90%,0.9155279503105589,0.023106925761165555,0.4577600959688425,,,,,,,,,161.0,,,,,,
rf1,4017,64,Local CQR (Fixed h=2.20),RELU,Bin 5,2,5,90%,0.91875,0.027669929526473305,0.4574059998989105,,,,,,,,,160.0,,,,,,
rf2,7679,576,Global CQR,RELU,Overall,,,90%,0.9050097592713078,0.002536576277113574,0.3049288809299469,0.0134788843257363,18.13703526178985,0.24987681806087494,0.21218160092830657,0.8609480096450779,0.016094972958230983,0.9472460763991709,0.0862980667540928,,0.48858346939086916,0.07119285474430845,0.47438623309135436,0.07666705124883956,0.0011470165708205777,0.0006526052155488905
rf2,7679,576,Global CQR,RELU,Bin 1,4,1,90%,0.8655844155844156,0.018320436337228404,0.4267387747764587,,,,,,,,,308.0,,,,,,
rf2,7679,576,Global CQR,RELU,Bin 2,3,2,90%,0.9029315960912051,0.015054358316991985,0.2513254642486572,,,,,,,,,307.0,,,,,,
rf2,7679,576,Global CQR,RELU,Bin 3,2,3,90%,0.9068403908794789,0.029754233867541963,0.23903146386146545,,,,,,,,,307.0,,,,,,
rf2,7679,576,Global CQR,RELU,Bin 4,0,4,90%,0.9240259740259742,0.03548331452549155,0.3277680933475494,,,,,,,,,308.0,,,,,,
rf2,7679,576,Global CQR,RELU,Bin 5,1,5,90%,0.9257328990228013,0.023434665470495056,0.2793095052242279,,,,,,,,,307.0,,,,,,
rf2,7679,576,Local CQR (Silverman),RELU,Overall,,,90%,0.7960962914769031,0.009388759405359756,0.2203937418681555,0.01830988510662372,13.104680227488299,0.17048606276512146,0.21860223585671804,0.6902597402597404,0.02893802591578854,0.8751744997673336,0.18491475950759337,,0.2695822942929206,0.01690102524038854,0.9102046308387344,0.022131077461527468,0.01580467862802596,0.0032202018897798043
rf2,7679,576,Local CQR (Silverman),RELU,Bin 1,4,1,90%,0.6902597402597404,0.02893802591578854,0.2533100747639351,,,,,,,,,308.0,,,,,,
rf2,7679,576,Local CQR (Silverman),RELU,Bin 2,3,2,90%,0.7537459283387622,0.011580709338521945,0.17170370792901454,,,,,,,,,307.0,,,,,,
rf2,7679,576,Local CQR (Silverman),RELU,Bin 3,2,3,90%,0.8136807817589577,0.026494722355260934,0.17891965730099085,,,,,,,,,307.0,,,,,,
rf2,7679,576,Local CQR (Silverman),RELU,Bin 4,1,4,90%,0.8586319218241043,0.036540204983401055,0.23238878164781904,,,,,,,,,307.0,,,,,,
rf2,7679,576,Local CQR (Silverman),RELU,Bin 5,0,5,90%,0.8642857142857142,0.013987441057492214,0.2653926919888664,,,,,,,,,308.0,,,,,,
rf2,7679,576,Local CQR (Scott),RELU,Overall,,,90%,0.7985686402081977,0.010600084244328572,0.22196866227632003,0.01905469851222208,13.19833542240561,0.17249600149877417,0.21888859253792686,0.6902597402597404,0.02893802591578854,0.8769575701171792,0.18669782985743896,,0.2713193997466248,0.017277174624072432,0.9083282030175421,0.022075209801516844,0.01530279294598707,0.003380416653099139
rf2,7679,576,Local CQR (Scott),RELU,Bin 1,4,1,90%,0.6902597402597404,0.02893802591578854,0.25331008498187424,,,,,,,,,308.0,,,,,,
rf2,7679,576,Local CQR (Scott),RELU,Bin 2,3,2,90%,0.758957654723127,0.012187809077439552,0.17407777447588227,,,,,,,,,307.0,,,,,,
rf2,7679,576,Local CQR (Scott),RELU,Bin 3,2,3,90%,0.8169381107491857,0.024669832219884686,0.18071124695230834,,,,,,,,,307.0,,,,,,
rf2,7679,576,Local CQR (Scott),RELU,Bin 4,1,4,90%,0.8625407166123779,0.03480315410864644,0.2334216877596221,,,,,,,,,307.0,,,,,,
rf2,7679,576,Local CQR (Scott),RELU,Bin 5,0,5,90%,0.8642857142857142,0.01569226749817478,0.26807025981697435,,,,,,,,,308.0,,,,,,
rf2,7679,576,Local CQR (ISJ),RELU,Overall,,,90%,0.767729342875732,0.011299046634270624,0.20140030458165475,0.014893468339553316,11.97527231271326,0.14659484028816222,0.2152011248679151,0.6896103896103896,0.02922799333747245,0.8431046152544525,0.15349422564406281,,0.2517994350268856,0.014417639479328788,0.9428174709378991,0.016941395901655297,0.021258759427200024,0.004309202764092902
rf2,7679,576,Local CQR (ISJ),RELU,Bin 1,4,1,90%,0.6896103896103896,0.02922799333747245,0.25330298761126363,,,,,,,,,308.0,,,,,,
rf2,7679,576,Local CQR (ISJ),RELU,Bin 2,3,2,90%,0.7257328990228012,0.022226348025057966,0.16125568627113912,,,,,,,,,307.0,,,,,,
rf2,7679,576,Local CQR (ISJ),RELU,Bin 3,2,3,90%,0.7726384364820846,0.03330768216590025,0.15672711073879347,,,,,,,,,307.0,,,,,,
rf2,7679,576,Local CQR (ISJ),RELU,Bin 4,0,4,90%,0.824025974025974,0.018412268673711443,0.2323847377508761,,,,,,,,,308.0,,,,,,
rf2,7679,576,Local CQR (ISJ),RELU,Bin 5,1,5,90%,0.8267100977198698,0.03872798422853904,0.2030610099296905,,,,,,,,,307.0,,,,,,
rf2,7679,576,Local CQR (Fixed h=0.60),RELU,Overall,,,90%,0.8218607677293429,0.008426948527621155,0.2364893775175924,0.018362476698316192,14.063292674460508,0.18370068594813346,0.22320504017998707,0.701948051948052,0.025925278932048233,0.9024281907018062,0.2004801387537544,,0.2874862196270058,0.016180420391011096,0.8725937956877561,0.04033495937640755,0.01135150041368565,0.0026502894568148474
rf2,7679,576,Local CQR (Fixed h=0.60),RELU,Bin 1,4,1,90%,0.701948051948052,0.025925278932048233,0.25801016155274736,,,,,,,,,308.0,,,,,,
rf2,7679,576,Local CQR (Fixed h=0.60),RELU,Bin 2,3,2,90%,0.7947882736156352,0.014272900521307268,0.19066644937910365,,,,,,,,,307.0,,,,,,
rf2,7679,576,Local CQR (Fixed h=0.60),RELU,Bin 3,2,3,90%,0.8429967426710098,0.014183414369431435,0.19871221329255556,,,,,,,,,307.0,,,,,,
rf2,7679,576,Local CQR (Fixed h=0.60),RELU,Bin 4,0,4,90%,0.8837662337662338,0.010943051653475781,0.2891436929140675,,,,,,,,,308.0,,,,,,
rf2,7679,576,Local CQR (Fixed h=0.60),RELU,Bin 5,1,5,90%,0.8859934853420196,0.03946614001527283,0.24567275774775638,,,,,,,,,307.0,,,,,,
rf2,7679,576,Local CQR (Fixed h=0.80),RELU,Overall,,,90%,0.8394274560832791,0.007735517994900111,0.24329896289567823,0.01785732815201793,14.46904229115781,0.19578968212008477,0.21852437710290434,0.7136363636363636,0.0215756463971898,0.906965184652481,0.1933288210161174,,0.2969181293943148,0.018720856249198302,0.8666109538466422,0.041530448554135756,0.008577521548089632,0.0017873170861631635
rf2,7679,576,Local CQR (Fixed h=0.80),RELU,Bin 1,4,1,90%,0.7136363636363636,0.0215756463971898,0.2636631471100805,,,,,,,,,308.0,,,,,,
rf2,7679,576,Local CQR (Fixed h=0.80),RELU,Bin 2,3,2,90%,0.8273615635179153,0.009879968005278898,0.2008260439080513,,,,,,,,,307.0,,,,,,
rf2,7679,576,Local CQR (Fixed h=0.80),RELU,Bin 3,2,3,90%,0.865798045602606,0.011358694315415401,0.2047475892830502,,,,,,,,,307.0,,,,,,
rf2,7679,576,Local CQR (Fixed h=0.80),RELU,Bin 4,0,4,90%,0.8896103896103895,0.01629857194546899,0.295061194259891,,,,,,,,,308.0,,,,,,
rf2,7679,576,Local CQR (Fixed h=0.80),RELU,Bin 5,1,5,90%,0.9009771986970684,0.02536537111912934,0.2519619004528925,,,,,,,,,307.0,,,,,,
rf2,7679,576,Local CQR (Fixed h=1.00),RELU,Overall,,,90%,0.8537410540013013,0.008285104686913021,0.2523976437294131,0.017466247477625978,15.00977964273678,0.2036435306072235,0.22058264908162792,0.7311688311688311,0.015283899085636135,0.9160222513642708,0.1848534201954397,,0.30712139347195033,0.020556793740372344,0.8444982933116826,0.04960126934165854,0.006518203948190114,0.0010051478039875108
rf2,7679,576,Local CQR (Fixed h=1.00),RELU,Bin 1,4,1,90%,0.7311688311688311,0.015283899085636135,0.275043601150923,,,,,,,,,308.0,,,,,,
rf2,7679,576,Local CQR (Fixed h=1.00),RELU,Bin 2,3,2,90%,0.8560260586319218,0.014033002754747899,0.21707283941145944,,,,,,,,,307.0,,,,,,
rf2,7679,576,Local CQR (Fixed h=1.00),RELU,Bin 3,2,3,90%,0.8775244299674266,0.012291832093884783,0.21277627355659362,,,,,,,,,307.0,,,,,,
rf2,7679,576,Local CQR (Fixed h=1.00),RELU,Bin 4,0,4,90%,0.8974025974025974,0.018088815944394942,0.2988465007315934,,,,,,,,,308.0,,,,,,
rf2,7679,576,Local CQR (Fixed h=1.00),RELU,Bin 5,1,5,90%,0.9068403908794789,0.02618860096709024,0.2580239392543994,,,,,,,,,307.0,,,,,,
rf2,7679,576,Local CQR (Fixed h=1.20),RELU,Overall,,,90%,0.8623292127521145,0.008048753204524183,0.25893309881620563,0.0175789072060821,15.398136672906787,0.21143334358930588,0.2196724886619527,0.7474025974025974,0.01204366038376064,0.9159609120521172,0.16855831464951984,,0.31578514092831006,0.017123894498873905,0.8298361989777625,0.05161445711562144,0.005177479277148531,0.0006614078529579599
rf2,7679,576,Local CQR (Fixed h=1.20),RELU,Bin 1,4,1,90%,0.7474025974025974,0.01204366038376064,0.2895430342691955,,,,,,,,,308.0,,,,,,
rf2,7679,576,Local CQR (Fixed h=1.20),RELU,Bin 2,3,2,90%,0.8755700325732899,0.010585066325258533,0.22516807867158967,,,,,,,,,307.0,,,,,,
rf2,7679,576,Local CQR (Fixed h=1.20),RELU,Bin 3,2,3,90%,0.8872964169381106,0.015498862870840784,0.2186756046382158,,,,,,,,,307.0,,,,,,
rf2,7679,576,Local CQR (Fixed h=1.20),RELU,Bin 4,0,4,90%,0.8967532467532469,0.022531625419347393,0.2988370888775771,,,,,,,,,308.0,,,,,,
rf2,7679,576,Local CQR (Fixed h=1.20),RELU,Bin 5,1,5,90%,0.9048859934853419,0.02835186338369892,0.26221200057065736,,,,,,,,,307.0,,,,,,
rf2,7679,576,Local CQR (Fixed h=1.40),RELU,Overall,,,90%,0.8703968770331816,0.006914940926785414,0.26604951049344294,0.018469394963339374,15.821343853766432,0.21759574860334396,0.22506379796929546,0.7681818181818182,0.019328410475502884,0.9166123778501628,0.14843055966834467,,0.3254920789808053,0.0171580865031544,0.799876454901263,0.048527583403708364,0.0038286659568115876,0.0010383656933762564
rf2,7679,576,Local CQR (Fixed h=1.40),RELU,Bin 1,4,1,90%,0.7681818181818182,0.019328410475502884,0.302735249918147,,,,,,,,,308.0,,,,,,
rf2,7679,576,Local CQR (Fixed h=1.40),RELU,Bin 2,3,2,90%,0.8853420195439738,0.009530123021711892,0.2337100256913939,,,,,,,,,307.0,,,,,,
rf2,7679,576,Local CQR (Fixed h=1.40),RELU,Bin 3,2,3,90%,0.8931596091205212,0.013880961402385978,0.22619721784835822,,,,,,,,,307.0,,,,,,
rf2,7679,576,Local CQR (Fixed h=1.40),RELU,Bin 4,0,4,90%,0.8980519480519481,0.01571911485313013,0.3012040320040005,,,,,,,,,308.0,,,,,,
rf2,7679,576,Local CQR (Fixed h=1.40),RELU,Bin 5,1,5,90%,0.9074918566775244,0.02327110240976121,0.2661670196407053,,,,,,,,,307.0,,,,,,
rf2,7679,576,Local CQR (Fixed h=1.60),RELU,Overall,,,90%,0.877423552374756,0.004127196233481756,0.27245992312073397,0.02021010958800382,16.203374930973897,0.22269720882177352,0.22671313718089356,0.7844155844155843,0.01943718122999451,0.9238250348999536,0.13940945048436904,,0.33677413729714567,0.017255963311922473,0.7770014952077131,0.05484056025064366,0.0030872891363670635,0.0009152941487376418
rf2,7679,576,Local CQR (Fixed h=1.60),RELU,Bin 1,4,1,90%,0.7844155844155843,0.01943718122999451,0.31957765284950385,,,,,,,,,308.0,,,,,,
rf2,7679,576,Local CQR (Fixed h=1.60),RELU,Bin 2,3,2,90%,0.8918566775244299,0.012766070320694094,0.23981873542434426,,,,,,,,,307.0,,,,,,
rf2,7679,576,Local CQR (Fixed h=1.60),RELU,Bin 3,2,3,90%,0.8951140065146579,0.015743382376018963,0.22913799167031282,,,,,,,,,307.0,,,,,,
rf2,7679,576,Local CQR (Fixed h=1.60),RELU,Bin 4,0,4,90%,0.9064935064935066,0.018297406238448548,0.30487288200514173,,,,,,,,,308.0,,,,,,
rf2,7679,576,Local CQR (Fixed h=1.60),RELU,Bin 5,1,5,90%,0.9094462540716612,0.027049562856060808,0.26863329603673486,,,,,,,,,307.0,,,,,,
rf2,7679,576,Local CQR (Fixed h=1.80),RELU,Overall,,,90%,0.8815875081327261,0.005474478586327272,0.278747200590084,0.021661739695891982,16.577126672629714,0.22740440368652343,0.23504521087280966,0.8051948051948052,0.02700861602998107,0.9251300816447395,0.1199352764499344,,0.3485793077374229,0.01938176760768852,0.7460795659673576,0.07884826851448822,0.0022978403386051797,0.0011034043691447218
rf2,7679,576,Local CQR (Fixed h=1.80),RELU,Bin 1,4,1,90%,0.8051948051948052,0.02700861602998107,0.3399476127517777,,,,,,,,,308.0,,,,,,
rf2,7679,576,Local CQR (Fixed h=1.80),RELU,Bin 2,3,2,90%,0.8918566775244299,0.007541261825921974,0.24500570652660603,,,,,,,,,307.0,,,,,,
rf2,7679,576,Local CQR (Fixed h=1.80),RELU,Bin 3,2,3,90%,0.8990228013029317,0.015689374044029054,0.23141699772910593,,,,,,,,,307.0,,,,,,
rf2,7679,576,Local CQR (Fixed h=1.80),RELU,Bin 4,0,4,90%,0.9032467532467532,0.024244356756616205,0.30685571265624617,,,,,,,,,308.0,,,,,,
rf2,7679,576,Local CQR (Fixed h=1.80),RELU,Bin 5,1,5,90%,0.9087947882736156,0.026939508961739817,0.2702190647387107,,,,,,,,,307.0,,,,,,
rf2,7679,576,Local CQR (Fixed h=2.00),RELU,Overall,,,90%,0.8848405985686402,0.007893689466807095,0.2839593278858371,0.022444367897144844,16.88653084663163,0.2309861123561859,0.23766768800718321,0.8149350649350648,0.029614946106471106,0.924472270400609,0.1095372054655442,,0.35829806246901375,0.022915828949477746,0.7299547769233279,0.0814132356997084,0.0019859426433914184,0.0010924026207685912
rf2,7679,576,Local CQR (Fixed h=2.00),RELU,Bin 1,4,1,90%,0.8149350649350648,0.029614946106471106,0.3589672401879126,,,,,,,,,308.0,,,,,,
rf2,7679,576,Local CQR (Fixed h=2.00),RELU,Bin 2,3,2,90%,0.8951140065146579,0.009530123021711922,0.24976505877310565,,,,,,,,,307.0,,,,,,
rf2,7679,576,Local CQR (Fixed h=2.00),RELU,Bin 3,2,3,90%,0.8990228013029317,0.014567218094461178,0.23334011198218657,,,,,,,,,307.0,,,,,,
rf2,7679,576,Local CQR (Fixed h=2.00),RELU,Bin 4,1,4,90%,0.9074918566775244,0.027531656819694352,0.2697200954306252,,,,,,,,,307.0,,,,,,
rf2,7679,576,Local CQR (Fixed h=2.00),RELU,Bin 5,0,5,90%,0.9077922077922077,0.024777641595245314,0.3076825333233052,,,,,,,,,308.0,,,,,,
rf2,7679,576,Local CQR (Fixed h=2.20),RELU,Overall,,,90%,0.8886141834743005,0.008202949908900196,0.2885170189626015,0.024264904498483824,17.15704209739833,0.23349707424640656,0.24661123460740542,0.8284741317314607,0.025431848478073574,0.9290684885147424,0.10059435678328181,,0.3725788277540373,0.026365578199574066,0.7013242149608871,0.10630982155628503,0.0016074000075600974,0.0007399056315967599
rf2,7679,576,Local CQR (Fixed h=2.20),RELU,Bin 1,4,1,90%,0.8285714285714285,0.02551543208362144,0.3837034174488153,,,,,,,,,308.0,,,,,,
rf2,7679,576,Local CQR (Fixed h=2.20),RELU,Bin 2,3,2,90%,0.8931596091205212,0.012931226867282876,0.24993334781584794,,,,,,,,,307.0,,,,,,
rf2,7679,576,Local CQR (Fixed h=2.20),RELU,Bin 3,2,3,90%,0.8996742671009772,0.01601069150155637,0.23181969958269538,,,,,,,,,307.0,,,,,,
rf2,7679,576,Local CQR (Fixed h=2.20),RELU,Bin 4,1,4,90%,0.9087947882736156,0.029496368528134878,0.26737954547440673,,,,,,,,,307.0,,,,,,
rf2,7679,576,Local CQR (Fixed h=2.20),RELU,Bin 5,0,5,90%,0.9129870129870129,0.026408700529432127,0.30937110246521987,,,,,,,,,308.0,,,,,,
scm1d,9803,280,Global CQR,RELU,Overall,,,90%,0.8933197348291688,0.009661519496412087,0.8047553181648255,0.01405203882070608,185.93685519366346,0.6831407666206359,0.46709285378456117,0.8481214623253882,0.030717154091511052,0.935204081632653,0.08708261930726491,,1.1072656631469726,0.03422140055795245,0.5993511795997619,0.015305012782898891,0.0011773978791137336,0.000889443513139645
scm1d,9803,280,Global CQR,RELU,Bin 1,4,1,90%,0.8666666666666668,0.03568152293731929,1.0939488649368285,,,,,,,,,393.0,,,,,,
scm1d,9803,280,Global CQR,RELU,Bin 2,2,2,90%,0.8826530612244898,0.02872589440869232,0.7581420540809631,,,,,,,,,392.0,,,,,,
scm1d,9803,280,Global CQR,RELU,Bin 3,3,3,90%,0.8831632653061223,0.024963530250459335,0.8704320788383484,,,,,,,,,392.0,,,,,,
scm1d,9803,280,Global CQR,RELU,Bin 4,1,4,90%,0.9,0.01025497512359275,0.6858454704284668,,,,,,,,,392.0,,,,,,
scm1d,9803,280,Global CQR,RELU,Bin 5,0,5,90%,0.9341836734693878,0.014009724711985718,0.6146703481674194,,,,,,,,,392.0,,,,,,
scm1d,9803,280,Local CQR (Silverman),RELU,Overall,,,90%,0.7837837837837838,0.005210419081874471,0.6526361202801146,0.013965971735323829,150.79606454936317,0.5092127382755279,0.5286958328871716,0.7248948434335566,0.01881743977933836,0.8510204081632653,0.12612556472970868,,1.181656313593932,0.02518247682337182,0.5985253949644533,0.026928515632919613,0.015671951419239397,0.001223706873692874
scm1d,9803,280,Local CQR (Silverman),RELU,Bin 1,3,1,90%,0.7301020408163265,0.020686872380319674,0.6904202412519683,,,,,,,,,392.0,,,,,,
scm1d,9803,280,Local CQR (Silverman),RELU,Bin 2,4,2,90%,0.7491094147582696,0.02210081501334195,0.8939092952257817,,,,,,,,,393.0,,,,,,
scm1d,9803,280,Local CQR (Silverman),RELU,Bin 3,2,3,90%,0.7903061224489796,0.019320506355879046,0.631864175434341,,,,,,,,,392.0,,,,,,
scm1d,9803,280,Local CQR (Silverman),RELU,Bin 4,1,4,90%,0.798469387755102,0.02028021113709369,0.5678622390667888,,,,,,,,,392.0,,,,,,
scm1d,9803,280,Local CQR (Silverman),RELU,Bin 5,0,5,90%,0.8510204081632653,0.016890760568619226,0.47850915762846435,,,,,,,,,392.0,,,,,,
scm1d,9803,280,Local CQR (Scott),RELU,Overall,,,90%,0.7962264150943396,0.005044064464611237,0.6657412293221544,0.013678064978327527,153.82208123183318,0.5221532315015793,0.5321070798893202,0.7412019006075713,0.018769593804823487,0.8591836734693878,0.11798177286181648,,1.1596130993348488,0.01738922988182068,0.6019026537989348,0.028795233684319653,0.01266943505602991,0.001391001427953107
scm1d,9803,280,Local CQR (Scott),RELU,Bin 1,3,1,90%,0.7489795918367348,0.01993063773941286,0.7089637440395873,,,,,,,,,392.0,,,,,,
scm1d,9803,280,Local CQR (Scott),RELU,Bin 2,4,2,90%,0.7628498727735369,0.02323198414353859,0.9126183444818761,,,,,,,,,393.0,,,,,,
scm1d,9803,280,Local CQR (Scott),RELU,Bin 3,2,3,90%,0.801530612244898,0.022027584841758076,0.6425312625227277,,,,,,,,,392.0,,,,,,
scm1d,9803,280,Local CQR (Scott),RELU,Bin 4,1,4,90%,0.8086734693877551,0.021525533785437753,0.5790087557531358,,,,,,,,,392.0,,,,,,
scm1d,9803,280,Local CQR (Scott),RELU,Bin 5,0,5,90%,0.8591836734693878,0.011899901826214896,0.4849542512543639,,,,,,,,,392.0,,,,,,
scm1d,9803,280,Local CQR (ISJ),RELU,Overall,,,90%,0.7024987251402346,0.019071083981395075,0.5921479626485592,0.02022382501985501,136.8370013455001,0.4613418752881566,0.5334076268060148,0.6710832424572882,0.01337163840504187,0.7336734693877551,0.06259022693046686,,1.3189616319399935,0.05621407410501948,0.6004078753312058,0.025431352868143256,0.03998629679523735,0.007063401494666812
scm1d,9803,280,Local CQR (ISJ),RELU,Bin 1,3,1,90%,0.6841836734693877,0.026726124191242415,0.6513839787855027,,,,,,,,,392.0,,,,,,
scm1d,9803,280,Local CQR (ISJ),RELU,Bin 2,4,2,90%,0.694147582697201,0.019996827180039194,0.8677597033625808,,,,,,,,,393.0,,,,,,
scm1d,9803,280,Local CQR (ISJ),RELU,Bin 3,1,3,90%,0.7005102040816327,0.040867315090817924,0.48138837037426613,,,,,,,,,392.0,,,,,,
scm1d,9803,280,Local CQR (ISJ),RELU,Bin 4,2,4,90%,0.7020408163265306,0.007106320549583746,0.5573512886236739,,,,,,,,,392.0,,,,,,
scm1d,9803,280,Local CQR (ISJ),RELU,Bin 5,0,5,90%,0.7316326530612246,0.02851671145404516,0.40215338092148123,,,,,,,,,392.0,,,,,,
scm1d,9803,280,Local CQR (Fixed h=0.60),RELU,Overall,,,90%,0.8449770525242224,0.006474480468374865,0.7255334704725268,0.012767352311755117,167.63928306096992,0.5778829857707024,0.5349328797247203,0.8043854182894533,0.010520734219372397,0.8852040816326531,0.0808186633431999,,1.1077861715775557,0.03332287368440977,0.5923158732023653,0.02995136234121722,0.003960985915216838,0.0009913189975188177
scm1d,9803,280,Local CQR (Fixed h=0.60),RELU,Bin 1,4,1,90%,0.8147582697201019,0.018932392099479164,0.9764773985055066,,,,,,,,,393.0,,,,,,
scm1d,9803,280,Local CQR (Fixed h=0.60),RELU,Bin 2,3,2,90%,0.8153061224489797,0.014574343731720122,0.7816654971995172,,,,,,,,,392.0,,,,,,
scm1d,9803,280,Local CQR (Fixed h=0.60),RELU,Bin 3,1,3,90%,0.8545918367346939,0.01645358724142561,0.6403578213867352,,,,,,,,,392.0,,,,,,
scm1d,9803,280,Local CQR (Fixed h=0.60),RELU,Bin 4,2,4,90%,0.8551020408163265,0.009183673469387768,0.7113433021207799,,,,,,,,,392.0,,,,,,
scm1d,9803,280,Local CQR (Fixed h=0.60),RELU,Bin 5,0,5,90%,0.8852040816326531,0.011965346326080156,0.517183170068378,,,,,,,,,392.0,,,,,,
scm1d,9803,280,Local CQR (Fixed h=0.80),RELU,Overall,,,90%,0.871392146863845,0.005010961140862079,0.7573274405649174,0.01200457703437433,174.98347257244276,0.6129479587078095,0.5284239756636528,0.839096172820273,0.014699656498497006,0.9015306122448979,0.06243443942462481,,1.0759134007730373,0.018160854633252014,0.61254545644012,0.032242949220139545,0.0014231900163380975,0.000459724644074844
scm1d,9803,280,Local CQR (Fixed h=0.80),RELU,Bin 1,4,1,90%,0.8463104325699746,0.014358000997115393,1.0253981603701443,,,,,,,,,393.0,,,,,,
scm1d,9803,280,Local CQR (Fixed h=0.80),RELU,Bin 2,3,2,90%,0.8520408163265307,0.01853663482100505,0.829231233468397,,,,,,,,,392.0,,,,,,
scm1d,9803,280,Local CQR (Fixed h=0.80),RELU,Bin 3,2,3,90%,0.8770408163265305,0.01087105905748087,0.7399180479492631,,,,,,,,,392.0,,,,,,
scm1d,9803,280,Local CQR (Fixed h=0.80),RELU,Bin 4,1,4,90%,0.8841836734693878,0.012967617374631486,0.6607946264666829,,,,,,,,,392.0,,,,,,
scm1d,9803,280,Local CQR (Fixed h=0.80),RELU,Bin 5,0,5,90%,0.8974489795918368,0.017703419972344345,0.5306112806930454,,,,,,,,,392.0,,,,,,
scm1d,9803,280,Local CQR (Fixed h=1.00),RELU,Overall,,,90%,0.8802651708312086,0.007909228340781766,0.7732269728067864,0.012245693163065731,178.6613917692036,0.6326174095273018,0.5185533948340303,0.8465843589344134,0.017883367132530047,0.9045918367346939,0.05800747780028037,,1.0816185821082218,0.02453133479769127,0.6046944642176173,0.02412521837607575,0.0010228997008831892,0.0004531266089124018
scm1d,9803,280,Local CQR (Fixed h=1.00),RELU,Bin 1,4,1,90%,0.8534351145038167,0.022391857506361326,1.0467977704950922,,,,,,,,,393.0,,,,,,
scm1d,9803,280,Local CQR (Fixed h=1.00),RELU,Bin 2,3,2,90%,0.8714285714285713,0.022274367298921502,0.860804053096633,,,,,,,,,392.0,,,,,,
scm1d,9803,280,Local CQR (Fixed h=1.00),RELU,Bin 3,2,3,90%,0.8811224489795919,0.017421807223432513,0.7519287654324625,,,,,,,,,392.0,,,,,,
scm1d,9803,280,Local CQR (Fixed h=1.00),RELU,Bin 4,1,4,90%,0.8938775510204081,0.014484764863855505,0.6652677285960136,,,,,,,,,392.0,,,,,,
scm1d,9803,280,Local CQR (Fixed h=1.00),RELU,Bin 5,0,5,90%,0.9015306122448979,0.014927284528905927,0.5406386617257507,,,,,,,,,392.0,,,,,,
scm1d,9803,280,Local CQR (Fixed h=1.20),RELU,Overall,,,90%,0.8853646098929119,0.0070320506582103835,0.7813412751680237,0.00909509900340374,180.53114973697467,0.6428022459149361,0.5122777301949019,0.8593991795191359,0.012302205680720152,0.9091836734693878,0.04978449395025179,,1.0783309820422509,0.028306602089410764,0.6107678635655274,0.015499944164270318,0.0006061459321171028,0.00027867020871192243
scm1d,9803,280,Local CQR (Fixed h=1.20),RELU,Bin 1,4,1,90%,0.8646310432569975,0.015718519299216794,1.0565198947728813,,,,,,,,,393.0,,,,,,
scm1d,9803,280,Local CQR (Fixed h=1.20),RELU,Bin 2,3,2,90%,0.8816326530612246,0.012866857360120894,0.8757079435597953,,,,,,,,,392.0,,,,,,
scm1d,9803,280,Local CQR (Fixed h=1.20),RELU,Bin 3,2,3,90%,0.8857142857142858,0.021549706206064147,0.7596090666056439,,,,,,,,,392.0,,,,,,
scm1d,9803,280,Local CQR (Fixed h=1.20),RELU,Bin 4,1,4,90%,0.8913265306122449,0.011362784413938818,0.6679178844362839,,,,,,,,,392.0,,,,,,
scm1d,9803,280,Local CQR (Fixed h=1.20),RELU,Bin 5,0,5,90%,0.9035714285714285,0.01200877785299981,0.5462496001910114,,,,,,,,,392.0,,,,,,
scm1d,9803,280,Local CQR (Fixed h=1.40),RELU,Overall,,,90%,0.8896481387047425,0.008124608369874298,0.7869440327318112,0.01021856665985063,181.82426253243062,0.6467260420322418,0.507758759292818,0.8629043984005816,0.01541355875865488,0.9127551020408164,0.049850703640234716,,1.0772399011752274,0.023557702469337905,0.617609379710058,0.016485226980661287,0.0005393855100021306,0.00026988306888546526
scm1d,9803,280,Local CQR (Fixed h=1.40),RELU,Bin 1,4,1,90%,0.8692111959287532,0.017673033439374406,1.064458489999047,,,,,,,,,393.0,,,,,,
scm1d,9803,280,Local CQR (Fixed h=1.40),RELU,Bin 2,2,2,90%,0.8862244897959183,0.023077924240609466,0.7647572300137895,,,,,,,,,392.0,,,,,,
scm1d,9803,280,Local CQR (Fixed h=1.40),RELU,Bin 3,1,3,90%,0.8913265306122449,0.013363062095621221,0.6724688951750476,,,,,,,,,392.0,,,,,,
scm1d,9803,280,Local CQR (Fixed h=1.40),RELU,Bin 4,3,4,90%,0.8923469387755102,0.012434752660157072,0.8824817255605012,,,,,,,,,392.0,,,,,,
scm1d,9803,280,Local CQR (Fixed h=1.40),RELU,Bin 5,0,5,90%,0.9091836734693878,0.012765302044078365,0.5498458778666219,,,,,,,,,392.0,,,,,,
scm1d,9803,280,Local CQR (Fixed h=1.60),RELU,Overall,,,90%,0.890464048954615,0.006683184059319061,0.7909228588749204,0.010754019567683367,182.74202852250164,0.6503971993923188,0.501330043191458,0.8639832268785377,0.01482430677040143,0.914795918367347,0.05081269148880927,,1.079909189878441,0.025557382136715462,0.6169422641836492,0.012080757349083445,0.0005127485387596586,0.00034033673105998246
scm1d,9803,280,Local CQR (Fixed h=1.60),RELU,Bin 1,4,1,90%,0.8666666666666666,0.01684778153409347,1.0763369741858342,,,,,,,,,393.0,,,,,,
scm1d,9803,280,Local CQR (Fixed h=1.60),RELU,Bin 2,2,2,90%,0.8862244897959185,0.02144071570352109,0.7628037257450253,,,,,,,,,392.0,,,,,,
scm1d,9803,280,Local CQR (Fixed h=1.60),RELU,Bin 3,1,3,90%,0.8933673469387754,0.00728717186586003,0.6748272798893667,,,,,,,,,392.0,,,,,,
scm1d,9803,280,Local CQR (Fixed h=1.60),RELU,Bin 4,3,4,90%,0.8938775510204081,0.008476146798896,0.8844748938921839,,,,,,,,,392.0,,,,,,
scm1d,9803,280,Local CQR (Fixed h=1.60),RELU,Bin 5,0,5,90%,0.9122448979591837,0.012765302044078372,0.5554433234292558,,,,,,,,,392.0,,,,,,
scm1d,9803,280,Local CQR (Fixed h=1.80),RELU,Overall,,,90%,0.8907700152983171,0.007321913756572167,0.7935244256006533,0.01211875036173084,183.3429402376241,0.6567864023149014,0.49927021963974794,0.8629031001713662,0.01600472519975637,0.9163265306122449,0.05342343044087865,,1.0843547028508937,0.022427850409296336,0.6127812877432811,0.022079553221307894,0.0005527455064974718,0.00038578905035208246
scm1d,9803,280,Local CQR (Fixed h=1.80),RELU,Bin 1,4,1,90%,0.8661577608142492,0.018391156233682076,1.0833858280634816,,,,,,,,,393.0,,,,,,
scm1d,9803,280,Local CQR (Fixed h=1.80),RELU,Bin 2,2,2,90%,0.8841836734693878,0.020573311381281593,0.7616725630079377,,,,,,,,,392.0,,,,,,
scm1d,9803,280,Local CQR (Fixed h=1.80),RELU,Bin 3,1,3,90%,0.8933673469387756,0.008445380284309616,0.6753958278991358,,,,,,,,,392.0,,,,,,
scm1d,9803,280,Local CQR (Fixed h=1.80),RELU,Bin 4,3,4,90%,0.8948979591836734,0.009866877349904948,0.8847512187863872,,,,,,,,,392.0,,,,,,
scm1d,9803,280,Local CQR (Fixed h=1.80),RELU,Bin 5,0,5,90%,0.9153061224489797,0.011567126580361844,0.5616772478931032,,,,,,,,,392.0,,,,,,
scm1d,9803,280,Local CQR (Fixed h=2.00),RELU,Overall,,,90%,0.8906680265170831,0.008853660138382746,0.7970447229000117,0.013890058432102807,184.15417174936107,0.6608555257320404,0.49924720152416463,0.862453912862855,0.01967288012243089,0.9209183673469388,0.0584644544840837,,1.087066953597336,0.024627629008274518,0.6120702354415437,0.02096094414836605,0.0006556906874168262,0.0005119511246050184
scm1d,9803,280,Local CQR (Fixed h=2.00),RELU,Bin 1,4,1,90%,0.8651399491094148,0.02128905919934035,1.0928873527839944,,,,,,,,,393.0,,,,,,
scm1d,9803,280,Local CQR (Fixed h=2.00),RELU,Bin 2,2,2,90%,0.8841836734693878,0.022098375334395626,0.7614572941301846,,,,,,,,,392.0,,,,,,
scm1d,9803,280,Local CQR (Fixed h=2.00),RELU,Bin 3,3,3,90%,0.8918367346938775,0.010406162272638343,0.885804775149837,,,,,,,,,392.0,,,,,,
scm1d,9803,280,Local CQR (Fixed h=2.00),RELU,Bin 4,1,4,90%,0.8923469387755102,0.005906039236117456,0.6767394410009134,,,,,,,,,392.0,,,,,,
scm1d,9803,280,Local CQR (Fixed h=2.00),RELU,Bin 5,0,5,90%,0.9198979591836736,0.014394628550679453,0.5675800508486906,,,,,,,,,392.0,,,,,,
scm1d,9803,280,Local CQR (Fixed h=2.20),RELU,Overall,,,90%,0.8925038245792962,0.009747267966931494,0.8002448364555541,0.014727745471541355,184.88950067982836,0.6677925914525986,0.5009785661476158,0.8659591317443007,0.019940889240161054,0.9219387755102041,0.055979643765903295,,1.085147407170061,0.026667697005631565,0.6111944670662555,0.012129329461595064,0.000613362455762285,0.0005029247198559281
scm1d,9803,280,Local CQR (Fixed h=2.20),RELU,Bin 1,4,1,90%,0.8717557251908398,0.021567043359203123,1.1035256441888368,,,,,,,,,393.0,,,,,,
scm1d,9803,280,Local CQR (Fixed h=2.20),RELU,Bin 2,2,2,90%,0.8846938775510205,0.023458293739944167,0.7609311922764577,,,,,,,,,392.0,,,,,,
scm1d,9803,280,Local CQR (Fixed h=2.20),RELU,Bin 3,3,3,90%,0.8918367346938775,0.014751869688572413,0.8850343124988509,,,,,,,,,392.0,,,,,,
scm1d,9803,280,Local CQR (Fixed h=2.20),RELU,Bin 4,1,4,90%,0.8933673469387756,0.004946612099404419,0.6779445987669941,,,,,,,,,392.0,,,,,,
scm1d,9803,280,Local CQR (Fixed h=2.20),RELU,Bin 5,0,5,90%,0.9209183673469388,0.015135098953256435,0.5730147590166984,,,,,,,,,392.0,,,,,,
scm20d,8966,61,Global CQR,RELU,Overall,,,90%,0.9013377926421404,0.005404325370586759,1.363787627220154,0.024932222067797823,302.56026423100536,1.2809850215911864,0.5363675713539123,0.875644636715893,0.019885488271382278,0.9231197771587742,0.04747514044288139,,1.740310287475586,0.03605294716046208,0.5093529701232911,0.03223527536732078,0.00044583915200220635,0.0003778603930067391
scm20d,8966,61,Global CQR,RELU,Bin 1,4,1,90%,0.8896935933147633,0.02805499345295638,1.469224762916565,,,,,,,,,359.0,,,,,,
scm20d,8966,61,Global CQR,RELU,Bin 2,3,2,90%,0.8930362116991644,0.01877693542769105,1.4156312704086305,,,,,,,,,359.0,,,,,,
scm20d,8966,61,Global CQR,RELU,Bin 3,2,3,90%,0.9011173184357542,0.013977649165583018,1.2782421350479125,,,,,,,,,358.0,,,,,,
scm20d,8966,61,Global CQR,RELU,Bin 4,1,4,90%,0.9069637883008357,0.015113827260446267,1.3457930564880372,,,,,,,,,359.0,,,,,,
scm20d,8966,61,Global CQR,RELU,Bin 5,0,5,90%,0.9158774373259053,0.014463236752921644,1.3098085403442383,,,,,,,,,359.0,,,,,,
scm20d,8966,61,Local CQR (Silverman),RELU,Overall,,,90%,0.7540691192865105,0.009873618651275163,1.0407804443557844,0.0163805554922555,230.89844057296855,0.8979752528598146,0.7161701398841279,0.7016090630397909,0.018863841550212975,0.8144846796657381,0.11287561662594732,,1.848105459005799,0.0697817602389989,0.5810549979073665,0.027590326740368532,0.02320207789573026,0.003130282807572337
scm20d,8966,61,Local CQR (Silverman),RELU,Bin 1,3,1,90%,0.7197771587743733,0.015816233500365897,1.0740160130071374,,,,,,,,,359.0,,,,,,
scm20d,8966,61,Local CQR (Silverman),RELU,Bin 2,2,2,90%,0.7290502793296089,0.03466389286589625,0.9510763646386966,,,,,,,,,358.0,,,,,,
scm20d,8966,61,Local CQR (Silverman),RELU,Bin 3,4,3,90%,0.7370473537604456,0.03008356545961006,1.1205532148824102,,,,,,,,,359.0,,,,,,
scm20d,8966,61,Local CQR (Silverman),RELU,Bin 4,1,4,90%,0.76991643454039,0.026636285432605954,1.079476377932743,,,,,,,,,359.0,,,,,,
scm20d,8966,61,Local CQR (Silverman),RELU,Bin 5,0,5,90%,0.8144846796657381,0.021257698081714647,0.9785303792295872,,,,,,,,,359.0,,,,,,
scm20d,8966,61,Local CQR (Scott),RELU,Overall,,,90%,0.7711259754738016,0.009658547878390378,1.0656080424155696,0.015309434647760328,236.41184471062078,0.9173924900591374,0.7196804305027412,0.713880891987364,0.016876906413270772,0.8356545961002786,0.12177370411291451,,1.8000650982199171,0.07271468621616017,0.5861081560804542,0.023182609965116056,0.0187863855881103,0.002273589592524315
scm20d,8966,61,Local CQR (Scott),RELU,Bin 1,3,1,90%,0.7314763231197772,0.019585956357935346,1.097509997502426,,,,,,,,,359.0,,,,,,
scm20d,8966,61,Local CQR (Scott),RELU,Bin 2,2,2,90%,0.7474860335195531,0.03509340508276961,0.9736217206324348,,,,,,,,,358.0,,,,,,
scm20d,8966,61,Local CQR (Scott),RELU,Bin 3,4,3,90%,0.7493036211699164,0.029897287721445672,1.1357087888960855,,,,,,,,,359.0,,,,,,
scm20d,8966,61,Local CQR (Scott),RELU,Bin 4,1,4,90%,0.7944289693593315,0.025735508551423047,1.1146926306411884,,,,,,,,,359.0,,,,,,
scm20d,8966,61,Local CQR (Scott),RELU,Bin 5,0,5,90%,0.8328690807799444,0.027178408730140297,1.006250845097126,,,,,,,,,359.0,,,,,,
scm20d,8966,61,Local CQR (ISJ),RELU,Overall,,,90%,0.745484949832776,0.011958308187726103,1.101668037413587,0.02722155429684614,244.3963950998049,1.0574880124050012,0.6839987803070495,0.7062386206252625,0.019808187899204133,0.7903923063755622,0.08415368575029958,,1.9536192705366056,0.05114018647522948,0.5327995107748972,0.01787339825314239,0.02524556906331122,0.0038445914198435116
scm20d,8966,61,Local CQR (ISJ),RELU,Bin 1,0,1,90%,0.7136490250696379,0.027029547567037782,0.966572865024849,,,,,,,,,359.0,,,,,,
scm20d,8966,61,Local CQR (ISJ),RELU,Bin 2,1,2,90%,0.7225626740947075,0.019743782893224905,1.0535225922337308,,,,,,,,,359.0,,,,,,
scm20d,8966,61,Local CQR (ISJ),RELU,Bin 3,2,3,90%,0.7491620111731844,0.026345980162126484,1.0338931578959794,,,,,,,,,358.0,,,,,,
scm20d,8966,61,Local CQR (ISJ),RELU,Bin 4,3,4,90%,0.7576601671309193,0.030716543180145325,1.1815954122102366,,,,,,,,,359.0,,,,,,
scm20d,8966,61,Local CQR (ISJ),RELU,Bin 5,4,5,90%,0.7844011142061282,0.02972028672612622,1.2725673717379096,,,,,,,,,359.0,,,,,,
scm20d,8966,61,Local CQR (Fixed h=0.60),RELU,Overall,,,90%,0.8494983277591974,0.011120366412073602,1.219376404753021,0.016116704973952303,270.52516789119386,1.0795638114213943,0.7356166750754012,0.8115980143477382,0.012474770335121458,0.8974930362116991,0.08589502186396103,,1.674364900417834,0.07356081998018878,0.5722253954745741,0.01255711893290342,0.0036948820971278843,0.0010755582009405124
scm20d,8966,61,Local CQR (Fixed h=0.60),RELU,Bin 1,3,1,90%,0.822841225626741,0.028548474596811046,1.2580364792533565,,,,,,,,,359.0,,,,,,
scm20d,8966,61,Local CQR (Fixed h=0.60),RELU,Bin 2,4,2,90%,0.8267409470752088,0.014027496726478189,1.2963963265920813,,,,,,,,,359.0,,,,,,
scm20d,8966,61,Local CQR (Fixed h=0.60),RELU,Bin 3,2,3,90%,0.8379888268156425,0.015094140878331034,1.1273834809342183,,,,,,,,,358.0,,,,,,
scm20d,8966,61,Local CQR (Fixed h=0.60),RELU,Bin 4,1,4,90%,0.8696378830083565,0.01618477888170915,1.2716197566757335,,,,,,,,,359.0,,,,,,
scm20d,8966,61,Local CQR (Fixed h=0.60),RELU,Bin 5,0,5,90%,0.8902506963788301,0.0281102525048309,1.1431897326110547,,,,,,,,,359.0,,,,,,
scm20d,8966,61,Local CQR (Fixed h=0.80),RELU,Overall,,,90%,0.8887402452619844,0.008028304074643817,1.3127635914741311,0.018714644013706802,291.24754901553126,1.1813603460788726,0.71686660338145,0.856183377164999,0.012201843207258863,0.9186629526462395,0.06247957548124059,,1.649232496269645,0.056975669254103536,0.5563955583218573,0.019811425379001275,0.0008175898140760802,0.0005040060299739613
scm20d,8966,61,Local CQR (Fixed h=0.80),RELU,Bin 1,3,1,90%,0.8674094707520892,0.020514710461862932,1.3400467636585784,,,,,,,,,359.0,,,,,,
scm20d,8966,61,Local CQR (Fixed h=0.80),RELU,Bin 2,4,2,90%,0.8735376044568245,0.02051471046186291,1.4039946225765267,,,,,,,,,359.0,,,,,,
scm20d,8966,61,Local CQR (Fixed h=0.80),RELU,Bin 3,2,3,90%,0.8826815642458101,0.018444216781250494,1.2442110789414265,,,,,,,,,358.0,,,,,,
scm20d,8966,61,Local CQR (Fixed h=0.80),RELU,Bin 4,1,4,90%,0.9041782729805012,0.01393871420969001,1.361066080814339,,,,,,,,,359.0,,,,,,
scm20d,8966,61,Local CQR (Fixed h=0.80),RELU,Bin 5,0,5,90%,0.9158774373259053,0.019490647002268397,1.214308457305878,,,,,,,,,359.0,,,,,,
scm20d,8966,61,Local CQR (Fixed h=1.00),RELU,Overall,,,90%,0.897881828316611,0.004890013868330261,1.3539396017596992,0.025203690072170163,300.3798588267192,1.2371498763561248,0.6890797547751552,0.8684505376511416,0.016840796903335037,0.9208913649025071,0.05244082725136552,,1.650947579970468,0.03763514621951784,0.5417632133854099,0.024434062086114587,0.0004883158485274602,0.000375938712821395
scm20d,8966,61,Local CQR (Fixed h=1.00),RELU,Bin 1,3,1,90%,0.8813370473537605,0.03089788217016614,1.394425144936685,,,,,,,,,359.0,,,,,,
scm20d,8966,61,Local CQR (Fixed h=1.00),RELU,Bin 2,4,2,90%,0.8885793871866297,0.012825475691611523,1.4576025936940034,,,,,,,,,359.0,,,,,,
scm20d,8966,61,Local CQR (Fixed h=1.00),RELU,Bin 3,2,3,90%,0.8977653631284916,0.017894544556477043,1.2988385706343923,,,,,,,,,358.0,,,,,,
scm20d,8966,61,Local CQR (Fixed h=1.00),RELU,Bin 4,1,4,90%,0.9086350974930362,0.007556913630223136,1.3802525391503857,,,,,,,,,359.0,,,,,,
scm20d,8966,61,Local CQR (Fixed h=1.00),RELU,Bin 5,0,5,90%,0.9130919220055711,0.014676256125147046,1.2384256756166645,,,,,,,,,359.0,,,,,,
scm20d,8966,61,Local CQR (Fixed h=1.20),RELU,Overall,,,90%,0.9069119286510592,0.005899111061459509,1.3683492388754988,0.027605000965682906,303.5735526952665,1.2624798439443112,0.6476273999860083,0.8807130296758532,0.013581184719553507,0.9259052924791087,0.04519226280325543,,1.6687344794978092,0.04154159398995275,0.5377171114695645,0.02151875916818757,0.0004515536657343458,0.00031110580625212864
scm20d,8966,61,Local CQR (Fixed h=1.20),RELU,Bin 1,3,1,90%,0.8924791086350975,0.025987529336357867,1.4090855470059496,,,,,,,,,359.0,,,,,,
scm20d,8966,61,Local CQR (Fixed h=1.20),RELU,Bin 2,4,2,90%,0.8997214484679665,0.014633900319290996,1.4848587160686875,,,,,,,,,359.0,,,,,,
scm20d,8966,61,Local CQR (Fixed h=1.20),RELU,Bin 3,2,3,90%,0.9078212290502794,0.019027247336230596,1.3228251564389293,,,,,,,,,358.0,,,,,,
scm20d,8966,61,Local CQR (Fixed h=1.20),RELU,Bin 4,0,4,90%,0.9142061281337048,0.015093278199603438,1.250931965229737,,,,,,,,,359.0,,,,,,
scm20d,8966,61,Local CQR (Fixed h=1.20),RELU,Bin 5,1,5,90%,0.9203342618384402,0.006731501935150198,1.3739180016051198,,,,,,,,,359.0,,,,,,
scm20d,8966,61,Local CQR (Fixed h=1.40),RELU,Overall,,,90%,0.9052396878483835,0.00565163516416345,1.37155493487758,0.02564300793522709,304.28236143549395,1.2712821751832961,0.6128069653797894,0.8795941550862887,0.011109476108966837,0.9259052924791087,0.04631113739281991,,1.68919095293495,0.03874158712189991,0.5261770447373603,0.02164789374737932,0.00040185326161860604,0.0001891348954591512
scm20d,8966,61,Local CQR (Fixed h=1.40),RELU,Bin 1,3,1,90%,0.8935933147632312,0.024436448133104527,1.41711092309165,,,,,,,,,359.0,,,,,,
scm20d,8966,61,Local CQR (Fixed h=1.40),RELU,Bin 2,4,2,90%,0.8969359331476323,0.01752883868808055,1.498136304790083,,,,,,,,,359.0,,,,,,
scm20d,8966,61,Local CQR (Fixed h=1.40),RELU,Bin 3,2,3,90%,0.9089385474860336,0.02041973953351628,1.3223396990359786,,,,,,,,,358.0,,,,,,
scm20d,8966,61,Local CQR (Fixed h=1.40),RELU,Bin 4,0,4,90%,0.9130919220055711,0.012752672024801777,1.2592844847019005,,,,,,,,,359.0,,,,,,
scm20d,8966,61,Local CQR (Fixed h=1.40),RELU,Bin 5,1,5,90%,0.9136490250696377,0.006102758300893204,1.3607661729748555,,,,,,,,,359.0,,,,,,
scm20d,8966,61,Local CQR (Fixed h=1.60),RELU,Overall,,,90%,0.9055741360089187,0.0050426679500105475,1.3728795584361824,0.02251959896232355,304.5794426418303,1.2768894044216723,0.5904404659318805,0.8790339397146013,0.01517775646420832,0.9269837070696069,0.04794976735500538,,1.7048352779585134,0.03494025407957125,0.5196461637118198,0.026855898411517327,0.00043686664146713446,0.00022117732627044217
scm20d,8966,61,Local CQR (Fixed h=1.60),RELU,Bin 1,3,1,90%,0.8930362116991644,0.022186415322272862,1.422359903825286,,,,,,,,,359.0,,,,,,
scm20d,8966,61,Local CQR (Fixed h=1.60),RELU,Bin 2,4,2,90%,0.8980501392757659,0.020209868687707026,1.501085791700522,,,,,,,,,359.0,,,,,,
scm20d,8966,61,Local CQR (Fixed h=1.60),RELU,Bin 3,2,3,90%,0.9089385474860336,0.023074722265992595,1.3207417415356129,,,,,,,,,358.0,,,,,,
scm20d,8966,61,Local CQR (Fixed h=1.60),RELU,Bin 4,1,4,90%,0.9119777158774374,0.008913649025069642,1.35197827368378,,,,,,,,,359.0,,,,,,
scm20d,8966,61,Local CQR (Fixed h=1.60),RELU,Bin 5,0,5,90%,0.9158774373259053,0.012000367258238472,1.2680868507479641,,,,,,,,,359.0,,,,,,
scm20d,8966,61,Local CQR (Fixed h=1.80),RELU,Overall,,,90%,0.9073578595317727,0.005221867749667938,1.3751990526845033,0.02176119327846656,305.0946569906399,1.282467657700181,0.5756871275677,0.8823796704066231,0.016327480208471353,0.926420379390299,0.04404070898367594,,1.7127422051203418,0.03170404520346568,0.5172589405199607,0.03172593034407373,0.0004312668967725454,0.00023079077749877262
scm20d,8966,61,Local CQR (Fixed h=1.80),RELU,Bin 1,3,1,90%,0.8963788300835656,0.02057513683857316,1.4287830507836738,,,,,,,,,359.0,,,,,,
scm20d,8966,61,Local CQR (Fixed h=1.80),RELU,Bin 2,4,2,90%,0.8991643454038997,0.022102322478971995,1.5050207012096903,,,,,,,,,359.0,,,,,,
scm20d,8966,61,Local CQR (Fixed h=1.80),RELU,Bin 3,1,3,90%,0.9108635097493035,0.006351952228964558,1.3484638972189744,,,,,,,,,359.0,,,,,,
scm20d,8966,61,Local CQR (Fixed h=1.80),RELU,Bin 4,2,4,90%,0.911173184357542,0.021809185805523053,1.3164528154872108,,,,,,,,,358.0,,,,,,
scm20d,8966,61,Local CQR (Fixed h=1.80),RELU,Bin 5,0,5,90%,0.9192200557103064,0.010120279735144812,1.2771111601792424,,,,,,,,,359.0,,,,,,
scm20d,8966,61,Local CQR (Fixed h=2.00),RELU,Overall,,,90%,0.9068004459308808,0.005743253900731869,1.3763862282745831,0.02125757351133598,305.3583856937928,1.2884588956832885,0.5645143279641436,0.8828854203949519,0.021035264103040376,0.9236379763775853,0.040752555982633346,,1.7216862296960975,0.03133561096077204,0.5133342841943704,0.03200887110232896,0.00041195341204395815,0.0003057044553469446
scm20d,8966,61,Local CQR (Fixed h=2.00),RELU,Bin 1,4,1,90%,0.8969359331476323,0.02734916481032552,1.5042733991368151,,,,,,,,,359.0,,,,,,
scm20d,8966,61,Local CQR (Fixed h=2.00),RELU,Bin 2,3,2,90%,0.8986072423398328,0.017844699028464594,1.4345882592938093,,,,,,,,,359.0,,,,,,
scm20d,8966,61,Local CQR (Fixed h=2.00),RELU,Bin 3,2,3,90%,0.9106145251396649,0.01919057434337169,1.309307046037417,,,,,,,,,358.0,,,,,,
scm20d,8966,61,Local CQR (Fixed h=2.00),RELU,Bin 4,1,4,90%,0.9108635097493035,0.006102758300893245,1.3490886869684673,,,,,,,,,359.0,,,,,,
scm20d,8966,61,Local CQR (Fixed h=2.00),RELU,Bin 5,0,5,90%,0.916991643454039,0.007556913630223136,1.2844868998466095,,,,,,,,,359.0,,,,,,
scm20d,8966,61,Local CQR (Fixed h=2.20),RELU,Overall,,,90%,0.9065774804905239,0.005947370643633933,1.376852389537587,0.021156806280158914,305.4617542229042,1.2910387061536313,0.5565903296720092,0.882328317330885,0.021998502496462194,0.9225237702494515,0.04019545291856648,,1.7228633147039596,0.0308328105279011,0.5145899987807141,0.03287324259060599,0.0004202571854513452,0.0003197245565805458
scm20d,8966,61,Local CQR (Fixed h=2.20),RELU,Bin 1,4,1,90%,0.8991643454038998,0.030124804088235705,1.5031596595654915,,,,,,,,,359.0,,,,,,
scm20d,8966,61,Local CQR (Fixed h=2.20),RELU,Bin 2,3,2,90%,0.8997214484679666,0.018392840132834747,1.4386504355945149,,,,,,,,,359.0,,,,,,
scm20d,8966,61,Local CQR (Fixed h=2.20),RELU,Bin 3,1,3,90%,0.9086350974930362,0.007556913630223137,1.348707219191715,,,,,,,,,359.0,,,,,,
scm20d,8966,61,Local CQR (Fixed h=2.20),RELU,Bin 4,2,4,90%,0.9089385474860336,0.018240030969066488,1.3032612240082433,,,,,,,,,358.0,,,,,,
scm20d,8966,61,Local CQR (Fixed h=2.20),RELU,Bin 5,0,5,90%,0.9164345403899722,0.006351952228964569,1.2902784200089472,,,,,,,,,359.0,,,,,,
kin8nm,8192,8,Global CQR,RELU,Overall,,,90%,0.8949359365466748,0.007516223841090664,1.6422669172286988,0.02988416022358046,0.43354287510635103,1.566201877593994,0.632748794555664,0.878048780487805,0.0133590867684187,0.9132990228984859,0.03525024241068102,,2.0008813381195067,0.05222715489297012,0.5129440248012542,0.02500241310958015,0.00028494604677694615,0.00015763756841588475
kin8nm,8192,8,Global CQR,RELU,Bin 1,0,1,90%,0.8896341463414634,0.02372570299798017,1.6349665880203248,,,,,,,,,328.0,,,,,,
kin8nm,8192,8,Global CQR,RELU,Bin 2,4,2,90%,0.8926829268292684,0.015473875049328697,1.786751127243042,,,,,,,,,328.0,,,,,,
kin8nm,8192,8,Global CQR,RELU,Bin 3,3,3,90%,0.8951219512195122,0.01631596117104837,1.6078457832336426,,,,,,,,,328.0,,,,,,
kin8nm,8192,8,Global CQR,RELU,Bin 4,2,4,90%,0.8978593272171255,0.009975233290703434,1.6038578271865844,,,,,,,,,327.0,,,,,,
kin8nm,8192,8,Global CQR,RELU,Bin 5,1,5,90%,0.899390243902439,0.008180736503048017,1.5777960300445557,,,,,,,,,328.0,,,,,,
kin8nm,8192,8,Local CQR (Silverman),RELU,Overall,,,90%,0.8009762050030507,0.010759034750534283,1.4480872381225156,0.021109709527481306,0.38228330821838197,1.412688866024837,0.7799543352146087,0.7806835981203848,0.009436220819622056,0.8292682926829269,0.048584694562541955,,2.5275785761648573,0.14978719301218807,0.4386276814822119,0.04418052240222122,0.010292710588526252,0.002024792787782223
kin8nm,8192,8,Local CQR (Silverman),RELU,Bin 1,2,1,90%,0.7847094801223242,0.014550920187608965,1.3948059856598278,,,,,,,,,327.0,,,,,,
kin8nm,8192,8,Local CQR (Silverman),RELU,Bin 2,1,2,90%,0.7957317073170732,0.015783145250664356,1.3800389421884773,,,,,,,,,328.0,,,,,,
kin8nm,8192,8,Local CQR (Silverman),RELU,Bin 3,3,3,90%,0.7963414634146341,0.0070584371358477045,1.4118354549010181,,,,,,,,,328.0,,,,,,
kin8nm,8192,8,Local CQR (Silverman),RELU,Bin 4,4,4,90%,0.8128048780487805,0.01182360940833247,1.5943924219221715,,,,,,,,,328.0,,,,,,
kin8nm,8192,8,Local CQR (Silverman),RELU,Bin 5,0,5,90%,0.8152439024390243,0.03343109795578729,1.4592009430982082,,,,,,,,,328.0,,,,,,
kin8nm,8192,8,Local CQR (Scott),RELU,Overall,,,90%,0.7818181818181819,0.008468261902573519,1.4074109681970146,0.025682107963214455,0.3715422316845268,1.3732054172782227,0.7997247431400879,0.76053927053032,0.004031959920921143,0.8120701872156335,0.05153091668531364,,2.644784064243507,0.1328882219220509,0.42694902310865857,0.04816126824422045,0.014443361307190174,0.0019171619126755206
kin8nm,8192,8,Local CQR (Scott),RELU,Bin 1,2,1,90%,0.7706422018348624,0.013676256743117978,1.3601392681163058,,,,,,,,,327.0,,,,,,
kin8nm,8192,8,Local CQR (Scott),RELU,Bin 2,3,2,90%,0.7725609756097562,0.00916664413315422,1.3721997504274106,,,,,,,,,328.0,,,,,,
kin8nm,8192,8,Local CQR (Scott),RELU,Bin 3,1,3,90%,0.7786585365853658,0.012436632959982413,1.3408880744690201,,,,,,,,,328.0,,,,,,
kin8nm,8192,8,Local CQR (Scott),RELU,Bin 4,4,4,90%,0.7926829268292683,0.017138377222628304,1.5514575681907887,,,,,,,,,328.0,,,,,,
kin8nm,8192,8,Local CQR (Scott),RELU,Bin 5,0,5,90%,0.7945121951219513,0.03398262144656772,1.4122260587447162,,,,,,,,,328.0,,,,,,
kin8nm,8192,8,Local CQR (ISJ),RELU,Overall,,,90%,0.8927394752898108,0.008945402224825491,1.6369111206168647,0.02932001886471806,0.43212962578528574,1.563649266725406,0.6376961535510373,0.876219512195122,0.012286244926591403,0.9108525397180578,0.0346330275229358,,2.014360928106522,0.05223539595757041,0.5108852144578864,0.025461745707056622,0.00032620280057181776,0.00018291150183774162
kin8nm,8192,8,Local CQR (ISJ),RELU,Bin 1,0,1,90%,0.8890243902439025,0.024052540150385413,1.6331240103008096,,,,,,,,,328.0,,,,,,
kin8nm,8192,8,Local CQR (ISJ),RELU,Bin 2,4,2,90%,0.8920731707317074,0.01631596117104837,1.7836907147173626,,,,,,,,,328.0,,,,,,
kin8nm,8192,8,Local CQR (ISJ),RELU,Bin 3,2,3,90%,0.8929663608562691,0.01023437341326086,1.5939739729477336,,,,,,,,,327.0,,,,,,
kin8nm,8192,8,Local CQR (ISJ),RELU,Bin 4,1,4,90%,0.8945121951219512,0.009756097560975618,1.5693852338194918,,,,,,,,,328.0,,,,,,
kin8nm,8192,8,Local CQR (ISJ),RELU,Bin 5,3,5,90%,0.8951219512195122,0.017311060447046833,1.6042507653609104,,,,,,,,,328.0,,,,,,
kin8nm,8192,8,Local CQR (Fixed h=0.60),RELU,Overall,,,90%,0.809640024405125,0.010504131405323922,1.4542068894897917,0.025851969797930377,0.38391679380764804,1.3568745210766793,0.7524605436274427,0.7798780487804879,0.01045513914602577,0.8346609979861267,0.054782949205638795,,2.300451844545754,0.04928899925739389,0.45439462088147947,0.021752728621097596,0.008724230050986652,0.0018458999380100496
kin8nm,8192,8,Local CQR (Fixed h=0.60),RELU,Bin 1,4,1,90%,0.8030487804878049,0.030706532468327233,1.5596537617633968,,,,,,,,,328.0,,,,,,
kin8nm,8192,8,Local CQR (Fixed h=0.60),RELU,Bin 2,3,2,90%,0.8054878048780486,0.02016809196163561,1.4310854553063996,,,,,,,,,328.0,,,,,,
kin8nm,8192,8,Local CQR (Fixed h=0.60),RELU,Bin 3,0,3,90%,0.8060975609756097,0.02253624221045891,1.437030467032877,,,,,,,,,328.0,,,,,,
kin8nm,8192,8,Local CQR (Fixed h=0.60),RELU,Bin 4,2,4,90%,0.8152905198776759,0.021675896203876888,1.4448951529941858,,,,,,,,,327.0,,,,,,
kin8nm,8192,8,Local CQR (Fixed h=0.60),RELU,Bin 5,1,5,90%,0.8182926829268293,0.01709493386448313,1.3983412209115627,,,,,,,,,328.0,,,,,,
kin8nm,8192,8,Local CQR (Fixed h=0.80),RELU,Overall,,,90%,0.8787065283709579,0.003980355443636395,1.5838451395363022,0.03364383603181708,0.418124308016888,1.471963568031788,0.7042049019290681,0.8499999999999999,0.0176091818026752,0.8981091966882973,0.048109196688297204,,2.0214208561939797,0.044133440387540565,0.5193583977472365,0.018775305929005556,0.000850085616418829,0.00038874497944520355
kin8nm,8192,8,Local CQR (Fixed h=0.80),RELU,Bin 1,4,1,90%,0.8695121951219512,0.025244197005468864,1.706162823774059,,,,,,,,,328.0,,,,,,
kin8nm,8192,8,Local CQR (Fixed h=0.80),RELU,Bin 2,0,2,90%,0.8725609756097562,0.025754526929198655,1.5723784512585555,,,,,,,,,328.0,,,,,,
kin8nm,8192,8,Local CQR (Fixed h=0.80),RELU,Bin 3,1,3,90%,0.8810975609756098,0.018595061807288926,1.5241491338339448,,,,,,,,,328.0,,,,,,
kin8nm,8192,8,Local CQR (Fixed h=0.80),RELU,Bin 4,3,4,90%,0.8829268292682928,0.006844495219708435,1.5540244570491224,,,,,,,,,328.0,,,,,,
kin8nm,8192,8,Local CQR (Fixed h=0.80),RELU,Bin 5,2,5,90%,0.8874617737003059,0.008296428113914718,1.5624455892344202,,,,,,,,,327.0,,,,,,
kin8nm,8192,8,Local CQR (Fixed h=1.00),RELU,Overall,,,90%,0.8956680902989627,0.006815980497263652,1.6174923393592953,0.03806828704250502,0.4269913909122042,1.5181885421276093,0.6712012690690006,0.8774390243902438,0.015353266234163635,0.9121429104199299,0.034703886029686014,,1.968510094810592,0.04723723887476754,0.5379132269710036,0.019153073912419126,0.0002698699963246811,0.000184753896450536
kin8nm,8192,8,Local CQR (Fixed h=1.00),RELU,Bin 1,4,1,90%,0.8908536585365854,0.011472492513552925,1.7485737726546642,,,,,,,,,328.0,,,,,,
kin8nm,8192,8,Local CQR (Fixed h=1.00),RELU,Bin 2,0,2,90%,0.8939024390243903,0.025317731087837456,1.6147649906828387,,,,,,,,,328.0,,,,,,
kin8nm,8192,8,Local CQR (Fixed h=1.00),RELU,Bin 3,3,3,90%,0.8939024390243903,0.00827113412576253,1.5814181967638432,,,,,,,,,328.0,,,,,,
kin8nm,8192,8,Local CQR (Fixed h=1.00),RELU,Bin 4,1,4,90%,0.8951219512195122,0.014377836734819032,1.5596752467269943,,,,,,,,,328.0,,,,,,
kin8nm,8192,8,Local CQR (Fixed h=1.00),RELU,Bin 5,2,5,90%,0.9045871559633027,0.009937661657047056,1.5829240989914044,,,,,,,,,327.0,,,,,,
kin8nm,8192,8,Local CQR (Fixed h=1.20),RELU,Overall,,,90%,0.8985967053081148,0.0065871236491840185,1.6250714484710174,0.038851537445164876,0.42898426748253077,1.5331837311387062,0.653043941101414,0.8834769150443798,0.012614305264942621,0.9140243902439025,0.030547475199522677,,1.959113044023049,0.046459730128817794,0.5413670528932819,0.02065398089279613,0.00018567933467102015,9.721327192276894e-05
kin8nm,8192,8,Local CQR (Fixed h=1.20),RELU,Bin 1,0,1,90%,0.8957317073170732,0.02141971715884184,1.6156628389865524,,,,,,,,,328.0,,,,,,
kin8nm,8192,8,Local CQR (Fixed h=1.20),RELU,Bin 2,4,2,90%,0.8957317073170732,0.006510413568311781,1.7613216294293725,,,,,,,,,328.0,,,,,,
kin8nm,8192,8,Local CQR (Fixed h=1.20),RELU,Bin 3,3,3,90%,0.896951219512195,0.012406701188643794,1.5877591158672257,,,,,,,,,328.0,,,,,,
kin8nm,8192,8,Local CQR (Fixed h=1.20),RELU,Bin 4,2,4,90%,0.9009174311926605,0.010343446192836567,1.58981313014215,,,,,,,,,327.0,,,,,,
kin8nm,8192,8,Local CQR (Fixed h=1.20),RELU,Bin 5,1,5,90%,0.9036585365853659,0.010311911295907182,1.5706930330568334,,,,,,,,,328.0,,,,,,
kin8nm,8192,8,Local CQR (Fixed h=1.40),RELU,Overall,,,90%,0.8970103721781575,0.007536008618252369,1.6275009568481775,0.040464497090936045,0.42962082013034514,1.5377990484237671,0.6424156141300881,0.8822574028492578,0.011562551191187908,0.9133605579175057,0.031103155068247967,,1.9658838778222516,0.04810860149246895,0.533953540637799,0.02133449318820131,0.0002042424710656441,8.358751017164665e-05
kin8nm,8192,8,Local CQR (Fixed h=1.40),RELU,Bin 1,0,1,90%,0.8951219512195122,0.02211994774050862,1.6167758778123775,,,,,,,,,328.0,,,,,,
kin8nm,8192,8,Local CQR (Fixed h=1.40),RELU,Bin 2,3,2,90%,0.8957317073170732,0.01045513914602577,1.5899967177453018,,,,,,,,,328.0,,,,,,
kin8nm,8192,8,Local CQR (Fixed h=1.40),RELU,Bin 3,2,3,90%,0.8960244648318042,0.011442377329583912,1.592242447793233,,,,,,,,,327.0,,,,,,
kin8nm,8192,8,Local CQR (Fixed h=1.40),RELU,Bin 4,4,4,90%,0.8969512195121953,0.00932747471998681,1.7671550556358586,,,,,,,,,328.0,,,,,,
kin8nm,8192,8,Local CQR (Fixed h=1.40),RELU,Bin 5,1,5,90%,0.9012195121951219,0.011665321018115248,1.5712271897996797,,,,,,,,,328.0,,,,,,
kin8nm,8192,8,Local CQR (Fixed h=1.60),RELU,Overall,,,90%,0.8977425259304453,0.008136465199838756,1.6295293147469425,0.041493856566755624,0.4301545476491153,1.541878029704094,0.6372425296097453,0.881651376146789,0.014506048512618637,0.9151954203028267,0.033544044156037914,,1.9752231274211247,0.04940693133381643,0.5276010386129044,0.02345668234542294,0.00024387604785862895,0.00010272226948652711
kin8nm,8192,8,Local CQR (Fixed h=1.60),RELU,Bin 1,0,1,90%,0.8926829268292682,0.022602137796159334,1.616565617287486,,,,,,,,,328.0,,,,,,
kin8nm,8192,8,Local CQR (Fixed h=1.60),RELU,Bin 2,4,2,90%,0.8975609756097562,0.010490640569564188,1.771405552836453,,,,,,,,,328.0,,,,,,
kin8nm,8192,8,Local CQR (Fixed h=1.60),RELU,Bin 3,3,3,90%,0.8987804878048781,0.012702845521951023,1.593062054886619,,,,,,,,,328.0,,,,,,
kin8nm,8192,8,Local CQR (Fixed h=1.60),RELU,Bin 4,2,4,90%,0.8996941896024465,0.014395843787082325,1.594660806462214,,,,,,,,,327.0,,,,,,
kin8nm,8192,8,Local CQR (Fixed h=1.60),RELU,Bin 5,1,5,90%,0.9,0.012992241312599106,1.5718462358342438,,,,,,,,,328.0,,,,,,
kin8nm,8192,8,Local CQR (Fixed h=1.80),RELU,Overall,,,90%,0.8968883465527762,0.009269129476428523,1.6311999031965907,0.042598820731864835,0.43059475008142806,1.5465598106384277,0.6345145825208697,0.8798780487804878,0.014247952982375528,0.9163589915715671,0.036480942791079295,,1.983944517114331,0.05124429754245735,0.5232420362491137,0.023903675409769284,0.000281770522628644,9.20395748523969e-05
kin8nm,8192,8,Local CQR (Fixed h=1.80),RELU,Bin 1,0,1,90%,0.8896341463414634,0.021506331815302943,1.6173792350333092,,,,,,,,,328.0,,,,,,
kin8nm,8192,8,Local CQR (Fixed h=1.80),RELU,Bin 2,3,2,90%,0.896341463414634,0.013077811335077584,1.5956575509501485,,,,,,,,,328.0,,,,,,
kin8nm,8192,8,Local CQR (Fixed h=1.80),RELU,Bin 3,1,3,90%,0.8981707317073171,0.01066637541739995,1.5715191031874318,,,,,,,,,328.0,,,,,,
kin8nm,8192,8,Local CQR (Fixed h=1.80),RELU,Bin 4,4,4,90%,0.9,0.015231702435118058,1.7750135829286058,,,,,,,,,328.0,,,,,,
kin8nm,8192,8,Local CQR (Fixed h=1.80),RELU,Bin 5,2,5,90%,0.9003058103975535,0.0174713845346614,1.5963237140384654,,,,,,,,,327.0,,,,,,
kin8nm,8192,8,Local CQR (Fixed h=2.00),RELU,Overall,,,90%,0.8957901159243441,0.009557029529811481,1.6323843318216682,0.042717716092131736,0.4309086975499853,1.5505685657262802,0.6336461567946737,0.8786585365853659,0.014351954019438817,0.9175766390691431,0.03891810248377714,,1.9893809311858721,0.05210841974267446,0.5202469185233394,0.0242024430022754,0.00031121910250965273,8.698318454715931e-05
kin8nm,8192,8,Local CQR (Fixed h=2.00),RELU,Bin 1,0,1,90%,0.8878048780487806,0.021245428524615074,1.6189146763735973,,,,,,,,,328.0,,,,,,
kin8nm,8192,8,Local CQR (Fixed h=2.00),RELU,Bin 2,3,2,90%,0.8957317073170732,0.015353266234163637,1.5978441025948196,,,,,,,,,328.0,,,,,,
kin8nm,8192,8,Local CQR (Fixed h=2.00),RELU,Bin 3,1,3,90%,0.8981707317073171,0.00916664413315422,1.5707820115928972,,,,,,,,,328.0,,,,,,
kin8nm,8192,8,Local CQR (Fixed h=2.00),RELU,Bin 4,2,4,90%,0.8984709480122325,0.017449960388608077,1.5966825543307563,,,,,,,,,327.0,,,,,,
kin8nm,8192,8,Local CQR (Fixed h=2.00),RELU,Bin 5,4,5,90%,0.8987804878048781,0.017503292798057728,1.7775894673336752,,,,,,,,,328.0,,,,,,
kin8nm,8192,8,Local CQR (Fixed h=2.20),RELU,Overall,,,90%,0.8953020134228188,0.010344146163525421,1.6334650246607159,0.04248283952462346,0.4311961494133774,1.555154800415039,0.6334234866859407,0.8774390243902438,0.015712315520396508,0.9151338852838071,0.03769486089356309,,1.9936239153398183,0.052358421882767625,0.5180271353148893,0.024345525626893058,0.00032971573594823536,0.00012239815009963955
kin8nm,8192,8,Local CQR (Fixed h=2.20),RELU,Bin 1,0,1,90%,0.8853658536585366,0.021262921675808184,1.6211552980696649,,,,,,,,,328.0,,,,,,
kin8nm,8192,8,Local CQR (Fixed h=2.20),RELU,Bin 2,3,2,90%,0.8957317073170732,0.015830189007008756,1.5992018361553186,,,,,,,,,328.0,,,,,,
kin8nm,8192,8,Local CQR (Fixed h=2.20),RELU,Bin 3,4,3,90%,0.8975609756097562,0.018353557247917592,1.7797396793348212,,,,,,,,,328.0,,,,,,
kin8nm,8192,8,Local CQR (Fixed h=2.20),RELU,Bin 4,2,4,90%,0.8978593272171255,0.01692764832183247,1.5968154682182572,,,,,,,,,327.0,,,,,,
kin8nm,8192,8,Local CQR (Fixed h=2.20),RELU,Bin 5,1,5,90%,0.9,0.008919962706297442,1.570301105072949,,,,,,,,,328.0,,,,,,
airfoil,1503,5,Global CQR,RELU,Overall,,,90%,0.8980044345898005,0.010305055466627275,1.9938295364379883,0.10401854044149067,13.669879114998807,1.9615650415420531,0.6732470154762268,0.8422222222222222,0.019116278371205834,0.937948717948718,0.09572649572649575,,2.4418986320495604,0.1308819133497592,0.37527878284454347,0.009132630467548484,0.0014456439775121098,0.0007146011743620494
airfoil,1503,5,Global CQR,RELU,Bin 1,2,1,90%,0.8422222222222222,0.019116278371205834,1.9051314115524292,,,,,,,,,90.0,,,,,,
airfoil,1503,5,Global CQR,RELU,Bin 2,4,2,90%,0.9010989010989011,0.018388132451298365,2.873025369644165,,,,,,,,,91.0,,,,,,
airfoil,1503,5,Global CQR,RELU,Bin 3,0,3,90%,0.9022222222222223,0.0301436888138901,1.2760390043258667,,,,,,,,,90.0,,,,,,
airfoil,1503,5,Global CQR,RELU,Bin 4,3,4,90%,0.9177777777777777,0.03340732528527314,2.301111030578613,,,,,,,,,90.0,,,,,,
airfoil,1503,5,Global CQR,RELU,Bin 5,1,5,90%,0.9266666666666667,0.011331154474650622,1.6040722131729126,,,,,,,,,90.0,,,,,,
airfoil,1503,5,Local CQR (Silverman),RELU,Overall,,,90%,0.7791574279379159,0.017436455211829238,1.7075487017753823,0.044483259745291076,11.706665438519495,1.6933229982852935,0.8445785625116861,0.6963858363858364,0.03861164962111672,0.8602930402930404,0.1639072039072039,,2.93419596445752,0.3317591081263559,0.3165150212193198,0.06032875601025529,0.018782990066506557,0.005071036964408954
airfoil,1503,5,Local CQR (Silverman),RELU,Bin 1,2,1,90%,0.7333333333333334,0.030631219449089402,1.7802042789068728,,,,,,,,,90.0,,,,,,
airfoil,1503,5,Local CQR (Silverman),RELU,Bin 2,0,2,90%,0.7555555555555555,0.04444444444444445,1.0536394865659438,,,,,,,,,90.0,,,,,,
airfoil,1503,5,Local CQR (Silverman),RELU,Bin 3,4,3,90%,0.7846153846153847,0.086973006318283,2.290060577003415,,,,,,,,,91.0,,,,,,
airfoil,1503,5,Local CQR (Silverman),RELU,Bin 4,3,4,90%,0.8088888888888889,0.07282653159188415,2.002502678714612,,,,,,,,,90.0,,,,,,
airfoil,1503,5,Local CQR (Silverman),RELU,Bin 5,1,5,90%,0.8133333333333332,0.019116278371205834,1.4048641335168666,,,,,,,,,90.0,,,,,,
airfoil,1503,5,Local CQR (Scott),RELU,Overall,,,90%,0.7809312638580931,0.013768669353667426,1.713227562931479,0.043316104452886035,11.745309513769037,1.695956254005432,0.8448174136335318,0.6963858363858364,0.036643025780027136,0.8625152625152627,0.16612942612942613,,2.9001511585985176,0.2836954397063228,0.32734466556396513,0.05274655219379963,0.01843731105416088,0.004190281966834643
airfoil,1503,5,Local CQR (Scott),RELU,Bin 1,2,1,90%,0.7377777777777779,0.03111111111111111,1.7838483701014343,,,,,,,,,90.0,,,,,,
airfoil,1503,5,Local CQR (Scott),RELU,Bin 2,0,2,90%,0.7511111111111111,0.046930471293206384,1.0439159853637299,,,,,,,,,90.0,,,,,,
airfoil,1503,5,Local CQR (Scott),RELU,Bin 3,4,3,90%,0.7846153846153847,0.086973006318283,2.309419128636642,,,,,,,,,91.0,,,,,,
airfoil,1503,5,Local CQR (Scott),RELU,Bin 4,3,4,90%,0.8133333333333332,0.07145748973694899,2.0095646330555725,,,,,,,,,90.0,,,,,,
airfoil,1503,5,Local CQR (Scott),RELU,Bin 5,1,5,90%,0.8177777777777777,0.016629588385661937,1.4127653467699604,,,,,,,,,90.0,,,,,,
airfoil,1503,5,Local CQR (ISJ),RELU,Overall,,,90%,0.7263858093126385,0.02152489773749287,1.5658424096116614,0.02976506416328743,10.736111177171555,1.5392691314220428,0.859257879576567,0.6496947496947497,0.018783904372035507,0.8013919413919414,0.1516971916971917,,3.0874547966554107,0.25318977897246525,0.34792352299510265,0.039721223740244185,0.03405219146611089,0.007084910662477946
airfoil,1503,5,Local CQR (ISJ),RELU,Bin 1,2,1,90%,0.6688888888888889,0.027577052546646337,1.6016955476088657,,,,,,,,,90.0,,,,,,
airfoil,1503,5,Local CQR (ISJ),RELU,Bin 2,3,2,90%,0.7222222222222223,0.04388537257362553,1.7897473082902433,,,,,,,,,90.0,,,,,,
airfoil,1503,5,Local CQR (ISJ),RELU,Bin 3,0,3,90%,0.731111111111111,0.07483314773547882,1.024896598773072,,,,,,,,,90.0,,,,,,
airfoil,1503,5,Local CQR (ISJ),RELU,Bin 4,4,4,90%,0.7472527472527472,0.06098653593631478,2.113205992686656,,,,,,,,,91.0,,,,,,
airfoil,1503,5,Local CQR (ISJ),RELU,Bin 5,1,5,90%,0.7622222222222221,0.04898979485566357,1.293584783109748,,,,,,,,,90.0,,,,,,
airfoil,1503,5,Local CQR (Fixed h=0.60),RELU,Overall,,,90%,0.8669623059866961,0.021497471651513632,1.9034602651451427,0.08832018584064424,13.047460791426028,1.8966599375009536,0.7474626440250185,0.8026617826617827,0.02151782476066532,0.9247130647130646,0.12205128205128205,,2.500137698820739,0.12701635986321752,0.3755847817105139,0.010415085960998506,0.004218324559716502,0.0024209980496498985
airfoil,1503,5,Local CQR (Fixed h=0.60),RELU,Bin 1,2,1,90%,0.8333333333333334,0.05488484015657098,1.9024746147464444,,,,,,,,,90.0,,,,,,
airfoil,1503,5,Local CQR (Fixed h=0.60),RELU,Bin 2,0,2,90%,0.8400000000000001,0.05144816401240098,1.1424258391252216,,,,,,,,,90.0,,,,,,
airfoil,1503,5,Local CQR (Fixed h=0.60),RELU,Bin 3,4,3,90%,0.8725274725274726,0.04146804893211694,2.692983517803989,,,,,,,,,91.0,,,,,,
airfoil,1503,5,Local CQR (Fixed h=0.60),RELU,Bin 4,3,4,90%,0.8911111111111112,0.06340152274527602,2.223240932669077,,,,,,,,,90.0,,,,,,
airfoil,1503,5,Local CQR (Fixed h=0.60),RELU,Bin 5,1,5,90%,0.8977777777777778,0.028458329944146023,1.5474039407958828,,,,,,,,,90.0,,,,,,
airfoil,1503,5,Local CQR (Fixed h=0.80),RELU,Overall,,,90%,0.8833702882483371,0.017436455211829273,1.9495445026164262,0.10096598513082021,13.364399606537102,1.92878714799881,0.6796041122702772,0.8160195360195359,0.02545035215885632,0.9377777777777778,0.12175824175824176,,2.432237374040909,0.10169705873409468,0.39131769590796744,0.018330590255509063,0.0026086531566385063,0.0009917812401450306
airfoil,1503,5,Local CQR (Fixed h=0.80),RELU,Bin 1,2,1,90%,0.8377777777777778,0.03823255674241169,1.9268869015408885,,,,,,,,,90.0,,,,,,
airfoil,1503,5,Local CQR (Fixed h=0.80),RELU,Bin 2,4,2,90%,0.8659340659340659,0.041351401587311605,2.710113031785567,,,,,,,,,91.0,,,,,,
airfoil,1503,5,Local CQR (Fixed h=0.80),RELU,Bin 3,0,3,90%,0.8844444444444444,0.03624334762288909,1.2014718454294815,,,,,,,,,90.0,,,,,,
airfoil,1503,5,Local CQR (Fixed h=0.80),RELU,Bin 4,3,4,90%,0.9133333333333333,0.04521553322083512,2.308383168424997,,,,,,,,,90.0,,,,,,
airfoil,1503,5,Local CQR (Fixed h=0.80),RELU,Bin 5,1,5,90%,0.9155555555555555,0.028631330503833638,1.5924168044659825,,,,,,,,,90.0,,,,,,
airfoil,1503,5,Local CQR (Fixed h=1.00),RELU,Overall,,,90%,0.8917960088691796,0.014933444115727465,1.959355089709011,0.093614568922783,13.432021484143869,1.9448581367731095,0.6461223384687724,0.8293284493284494,0.022334565548645394,0.9423443223443224,0.11301587301587299,,2.4289472728269996,0.11673493066987893,0.3983627739235782,0.0187944423568799,0.0020798370805696813,0.0007846733990407224
airfoil,1503,5,Local CQR (Fixed h=1.00),RELU,Bin 1,2,1,90%,0.8488888888888889,0.02948110924760353,1.9332219927923546,,,,,,,,,90.0,,,,,,
airfoil,1503,5,Local CQR (Fixed h=1.00),RELU,Bin 2,4,2,90%,0.8835164835164836,0.047444028889940426,2.7216803326711547,,,,,,,,,91.0,,,,,,
airfoil,1503,5,Local CQR (Fixed h=1.00),RELU,Bin 3,0,3,90%,0.8866666666666665,0.0374495545474505,1.2315587352652375,,,,,,,,,90.0,,,,,,
airfoil,1503,5,Local CQR (Fixed h=1.00),RELU,Bin 4,3,4,90%,0.9133333333333333,0.0387457683870282,2.290425318856206,,,,,,,,,90.0,,,,,,
airfoil,1503,5,Local CQR (Fixed h=1.00),RELU,Bin 5,1,5,90%,0.9266666666666667,0.02060804110110157,1.6114187884827456,,,,,,,,,90.0,,,,,,
airfoil,1503,5,Local CQR (Fixed h=1.20),RELU,Overall,,,90%,0.8953436807095343,0.01425980948187454,1.969559931796588,0.09613127168798823,13.502540091302137,1.95401219278574,0.6416669389368156,0.8293284493284492,0.017358051562580582,0.9445909645909646,0.11526251526251527,,2.4284209643181014,0.10552843063866499,0.3904701840793619,0.023520903403543285,0.0020216571923531634,0.0008472235710630276
airfoil,1503,5,Local CQR (Fixed h=1.20),RELU,Bin 1,2,1,90%,0.8511111111111112,0.026851213274654586,1.92301745902333,,,,,,,,,90.0,,,,,,
airfoil,1503,5,Local CQR (Fixed h=1.20),RELU,Bin 2,4,2,90%,0.8835164835164836,0.04482654517444205,2.746146526703468,,,,,,,,,91.0,,,,,,
airfoil,1503,5,Local CQR (Fixed h=1.20),RELU,Bin 3,0,3,90%,0.9022222222222223,0.036784323016104105,1.2538342555085333,,,,,,,,,90.0,,,,,,
airfoil,1503,5,Local CQR (Fixed h=1.20),RELU,Bin 4,3,4,90%,0.9088888888888889,0.04410985164728716,2.296066252734098,,,,,,,,,90.0,,,,,,
airfoil,1503,5,Local CQR (Fixed h=1.20),RELU,Bin 5,1,5,90%,0.9311111111111112,0.019116278371205834,1.6201064250701005,,,,,,,,,90.0,,,,,,
airfoil,1503,5,Local CQR (Fixed h=1.40),RELU,Overall,,,90%,0.8944567627494457,0.013924894428476801,1.9759790899393104,0.098157335988437,13.546483736296457,1.9520225822925568,0.6481845543186078,0.8337240537240536,0.01837408464907124,0.9444444444444444,0.11072039072039078,,2.4329899407121993,0.11459607818892154,0.3843825102946881,0.020830290374531962,0.00186988211896637,0.0007641275294089103
airfoil,1503,5,Local CQR (Fixed h=1.40),RELU,Bin 1,2,1,90%,0.8466666666666667,0.025724082006200508,1.9175643117643066,,,,,,,,,90.0,,,,,,
airfoil,1503,5,Local CQR (Fixed h=1.40),RELU,Bin 2,4,2,90%,0.887912087912088,0.03433076780618312,2.7779390497849534,,,,,,,,,91.0,,,,,,
airfoil,1503,5,Local CQR (Fixed h=1.40),RELU,Bin 3,0,3,90%,0.8977777777777778,0.0339934634239519,1.2563680988384618,,,,,,,,,90.0,,,,,,
airfoil,1503,5,Local CQR (Fixed h=1.40),RELU,Bin 4,3,4,90%,0.9088888888888889,0.04410985164728716,2.297971033201449,,,,,,,,,90.0,,,,,,
airfoil,1503,5,Local CQR (Fixed h=1.40),RELU,Bin 5,1,5,90%,0.9311111111111112,0.019116278371205834,1.621142289886872,,,,,,,,,90.0,,,,,,
airfoil,1503,5,Local CQR (Fixed h=1.60),RELU,Overall,,,90%,0.897560975609756,0.013479985945517236,1.9856820633952936,0.10379134132052618,13.612756568915845,1.9601720869541168,0.6581712087914708,0.835946275946276,0.022444858791920888,0.9422222222222223,0.1062759462759463,,2.4315267275738015,0.11583063721075457,0.3834713195610277,0.020385775800103114,0.0017376227896374428,0.0008979181949240574
airfoil,1503,5,Local CQR (Fixed h=1.60),RELU,Bin 1,2,1,90%,0.8533333333333333,0.03014368881389006,1.9177167948500977,,,,,,,,,90.0,,,,,,
airfoil,1503,5,Local CQR (Fixed h=1.60),RELU,Bin 2,4,2,90%,0.8901098901098902,0.0347503039578943,2.807130143570377,,,,,,,,,91.0,,,,,,
airfoil,1503,5,Local CQR (Fixed h=1.60),RELU,Bin 3,0,3,90%,0.9066666666666666,0.028631330503833607,1.2717016527222262,,,,,,,,,90.0,,,,,,
airfoil,1503,5,Local CQR (Fixed h=1.60),RELU,Bin 4,3,4,90%,0.9066666666666666,0.046930471293206405,2.301772298626602,,,,,,,,,90.0,,,,,,
airfoil,1503,5,Local CQR (Fixed h=1.60),RELU,Bin 5,1,5,90%,0.9311111111111112,0.014740554623801791,1.6209622263163328,,,,,,,,,90.0,,,,,,
airfoil,1503,5,Local CQR (Fixed h=1.80),RELU,Overall,,,90%,0.8975609756097562,0.012806677674672843,1.9879558828719244,0.1070320463829729,13.628398758186085,1.9615741342306137,0.66119742802339,0.8403907203907204,0.02028323759069649,0.9400000000000001,0.09960927960927965,,2.433019066290587,0.11761191918578663,0.38240231654252554,0.01715252022852613,0.0016487339007485544,0.0008353910049529912
airfoil,1503,5,Local CQR (Fixed h=1.80),RELU,Bin 1,2,1,90%,0.8511111111111112,0.021773242158072706,1.9180377096931138,,,,,,,,,90.0,,,,,,
airfoil,1503,5,Local CQR (Fixed h=1.80),RELU,Bin 2,4,2,90%,0.8901098901098902,0.0347503039578943,2.820190437580203,,,,,,,,,91.0,,,,,,
airfoil,1503,5,Local CQR (Fixed h=1.80),RELU,Bin 3,0,3,90%,0.9066666666666666,0.026851213274654614,1.2711999787224664,,,,,,,,,90.0,,,,,,
airfoil,1503,5,Local CQR (Fixed h=1.80),RELU,Bin 4,3,4,90%,0.9111111111111111,0.046080980785172754,2.302642296631303,,,,,,,,,90.0,,,,,,
airfoil,1503,5,Local CQR (Fixed h=1.80),RELU,Bin 5,1,5,90%,0.928888888888889,0.015071844406945053,1.6184619411246643,,,,,,,,,90.0,,,,,,
airfoil,1503,5,Local CQR (Fixed h=2.00),RELU,Overall,,,90%,0.8984478935698448,0.01241685144124167,1.9911648996099995,0.10943100668621542,13.650521232176022,1.962646919488907,0.6628618022520509,0.8425885225885226,0.01895934587708217,0.9400000000000001,0.09741147741147745,,2.433162187698179,0.11990094974996343,0.3808704480574445,0.014561873026232986,0.0015720908043252377,0.0007275809842290338
airfoil,1503,5,Local CQR (Fixed h=2.00),RELU,Bin 1,2,1,90%,0.8511111111111112,0.021773242158072706,1.9183134288423591,,,,,,,,,90.0,,,,,,
airfoil,1503,5,Local CQR (Fixed h=2.00),RELU,Bin 2,4,2,90%,0.8923076923076924,0.030611842367437622,2.8285878409068665,,,,,,,,,91.0,,,,,,
airfoil,1503,5,Local CQR (Fixed h=2.00),RELU,Bin 3,0,3,90%,0.9088888888888889,0.02474561939035567,1.2757073826011684,,,,,,,,,90.0,,,,,,
airfoil,1503,5,Local CQR (Fixed h=2.00),RELU,Bin 4,3,4,90%,0.9111111111111111,0.046080980785172754,2.304452718806764,,,,,,,,,90.0,,,,,,
airfoil,1503,5,Local CQR (Fixed h=2.00),RELU,Bin 5,1,5,90%,0.928888888888889,0.015071844406945053,1.6194584275450972,,,,,,,,,90.0,,,,,,
airfoil,1503,5,Local CQR (Fixed h=2.20),RELU,Overall,,,90%,0.8971175166297117,0.013567235956344452,1.992993922299497,0.11037936751777673,13.663141637781134,1.9652295619249345,0.664615368115831,0.8425641025641026,0.01639065781246921,0.9400000000000001,0.09743589743589749,,2.436323094595133,0.12063928173890567,0.3791795404562048,0.012353202150041312,0.001478700759286841,0.0006104505132901763
airfoil,1503,5,Local CQR (Fixed h=2.20),RELU,Bin 1,2,1,90%,0.8511111111111112,0.02287917809108222,1.917748711026377,,,,,,,,,90.0,,,,,,
airfoil,1503,5,Local CQR (Fixed h=2.20),RELU,Bin 2,4,2,90%,0.8901098901098902,0.024075716813413892,2.836774001540719,,,,,,,,,91.0,,,,,,
airfoil,1503,5,Local CQR (Fixed h=2.20),RELU,Bin 3,0,3,90%,0.9088888888888889,0.025724082006200508,1.2771314262681537,,,,,,,,,90.0,,,,,,
airfoil,1503,5,Local CQR (Fixed h=2.20),RELU,Bin 4,3,4,90%,0.9088888888888889,0.04410985164728716,2.3050262129182615,,,,,,,,,90.0,,,,,,
airfoil,1503,5,Local CQR (Fixed h=2.20),RELU,Bin 5,1,5,90%,0.9266666666666667,0.018053418676968806,1.6189139255301819,,,,,,,,,90.0,,,,,,
wine_quality,1599,11,Global CQR,RELU,Overall,,,90%,0.9029166666666667,0.014942017564200912,2.470376491546631,0.12216696691281849,1.9882901994135715,2.369343328475952,0.7054473042488099,0.8645833333333334,0.01976423537605237,0.9375,0.0729166666666666,,3.3846853733062745,0.18593454801302528,0.16028564274311066,0.024218366358640834,0.0010217013888888875,0.00034112043127083625
wine_quality,1599,11,Global CQR,RELU,Bin 1,4,1,90%,0.8916666666666666,0.030618621784789704,2.9308939933776856,,,,,,,,,96.0,,,,,,
wine_quality,1599,11,Global CQR,RELU,Bin 2,3,2,90%,0.89375,0.028259708263021936,2.247850036621094,,,,,,,,,96.0,,,,,,
wine_quality,1599,11,Global CQR,RELU,Bin 3,0,3,90%,0.8958333333333334,0.023753654689565366,2.7299219131469727,,,,,,,,,96.0,,,,,,
wine_quality,1599,11,Global CQR,RELU,Bin 4,2,4,90%,0.9041666666666666,0.038074306005202195,2.1832650899887085,,,,,,,,,96.0,,,,,,
wine_quality,1599,11,Global CQR,RELU,Bin 5,1,5,90%,0.9291666666666666,0.01909406539564932,2.2599518299102783,,,,,,,,,96.0,,,,,,
wine_quality,1599,11,Local CQR (Silverman),RELU,Overall,,,90%,0.7775000000000001,0.01947220240924655,2.1529170162772453,0.10207432220092441,1.7331787706193615,1.9524539950986703,1.1477803094559846,0.7145833333333333,0.015590239111558072,0.8333333333333334,0.11875000000000002,,4.073152766979868,0.0925536467888468,0.15170073378657528,0.04074275539110148,0.017409722222222222,0.0044101531531566835
wine_quality,1599,11,Local CQR (Silverman),RELU,Bin 1,3,1,90%,0.7583333333333334,0.03807430600520224,1.9748838717508543,,,,,,,,,96.0,,,,,,
wine_quality,1599,11,Local CQR (Silverman),RELU,Bin 2,4,2,90%,0.7645833333333333,0.05803495115493383,2.4746913985853705,,,,,,,,,96.0,,,,,,
wine_quality,1599,11,Local CQR (Silverman),RELU,Bin 3,2,3,90%,0.7750000000000001,0.032675806544496096,2.0041155760119564,,,,,,,,,96.0,,,,,,
wine_quality,1599,11,Local CQR (Silverman),RELU,Bin 4,0,4,90%,0.7937500000000001,0.04389855730355308,2.2687379939197045,,,,,,,,,96.0,,,,,,
wine_quality,1599,11,Local CQR (Silverman),RELU,Bin 5,1,5,90%,0.7958333333333334,0.0553555427316101,2.042156241118339,,,,,,,,,96.0,,,,,,
wine_quality,1599,11,Local CQR (Scott),RELU,Overall,,,90%,0.7874999999999999,0.019229967932023886,2.1707884605536756,0.10886653522028282,1.7475750965082955,1.9793412746861576,1.1567202436758568,0.7333333333333333,0.03397813839645851,0.8416666666666666,0.10833333333333335,,4.052289263133943,0.08870024777196457,0.1583059643313435,0.04074219931829661,0.014756944444444448,0.004055894254014674
wine_quality,1599,11,Local CQR (Scott),RELU,Bin 1,3,1,90%,0.7708333333333333,0.027163343355011048,1.9979470703647368,,,,,,,,,96.0,,,,,,
wine_quality,1599,11,Local CQR (Scott),RELU,Bin 2,4,2,90%,0.7708333333333334,0.06555055301063446,2.5073482739560617,,,,,,,,,96.0,,,,,,
wine_quality,1599,11,Local CQR (Scott),RELU,Bin 3,2,3,90%,0.78125,0.028716768233521314,2.015924087248018,,,,,,,,,96.0,,,,,,
wine_quality,1599,11,Local CQR (Scott),RELU,Bin 4,0,4,90%,0.7916666666666667,0.03726779962499651,2.263179197573724,,,,,,,,,96.0,,,,,,
wine_quality,1599,11,Local CQR (Scott),RELU,Bin 5,1,5,90%,0.8229166666666666,0.037267799624996475,2.069543673625837,,,,,,,,,96.0,,,,,,
wine_quality,1599,11,Local CQR (ISJ),RELU,Overall,,,90%,0.7729166666666666,0.025034698142999665,2.031611032232797,0.11739937902454581,1.635444091271129,1.9767831727614005,1.0582030812750802,0.7166666666666667,0.02748105407973522,0.8229166666666667,0.10625,,4.118551284975424,0.28953387299656225,0.18471071517562637,0.03191440391227074,0.018728298611111117,0.005481866023080448
wine_quality,1599,11,Local CQR (ISJ),RELU,Bin 1,1,1,90%,0.74375,0.052124983346653324,1.785391167716589,,,,,,,,,96.0,,,,,,
wine_quality,1599,11,Local CQR (ISJ),RELU,Bin 2,3,2,90%,0.7541666666666667,0.025173012444988683,1.786571147741181,,,,,,,,,96.0,,,,,,
wine_quality,1599,11,Local CQR (ISJ),RELU,Bin 3,2,3,90%,0.7833333333333334,0.04238956239453294,1.8344886534451503,,,,,,,,,96.0,,,,,,
wine_quality,1599,11,Local CQR (ISJ),RELU,Bin 4,4,4,90%,0.7854166666666667,0.06130807903984234,2.442986589016186,,,,,,,,,96.0,,,,,,
wine_quality,1599,11,Local CQR (ISJ),RELU,Bin 5,0,5,90%,0.7979166666666666,0.04350127712046064,2.3086176032448806,,,,,,,,,96.0,,,,,,
wine_quality,1599,11,Local CQR (Fixed h=0.60),RELU,Overall,,,90%,0.8645833333333334,0.015920810978785664,2.430518214629032,0.09279834206824845,1.9569312024338168,2.2160994763424,1.0227862701580945,0.8145833333333334,0.020198666072568046,0.9125,0.09791666666666665,,3.7096588850097936,0.16189301727251293,0.10104009145852226,0.040455134710758345,0.00283420138888889,0.0012743753292281548
wine_quality,1599,11,Local CQR (Fixed h=0.60),RELU,Bin 1,4,1,90%,0.825,0.024116326880812968,2.717602700823401,,,,,,,,,96.0,,,,,,
wine_quality,1599,11,Local CQR (Fixed h=0.60),RELU,Bin 2,0,2,90%,0.8583333333333334,0.04912427551063162,2.5215257554152046,,,,,,,,,96.0,,,,,,
wine_quality,1599,11,Local CQR (Fixed h=0.60),RELU,Bin 3,3,3,90%,0.8645833333333333,0.011410886614690962,2.3645840012080344,,,,,,,,,96.0,,,,,,
wine_quality,1599,11,Local CQR (Fixed h=0.60),RELU,Bin 4,2,4,90%,0.8708333333333332,0.029901458530015256,2.2209777674922306,,,,,,,,,96.0,,,,,,
wine_quality,1599,11,Local CQR (Fixed h=0.60),RELU,Bin 5,1,5,90%,0.9041666666666668,0.025853486762480955,2.327900848206288,,,,,,,,,96.0,,,,,,
wine_quality,1599,11,Local CQR (Fixed h=0.80),RELU,Overall,,,90%,0.8791666666666667,0.016976290656219473,2.4675300561308133,0.10698431442804596,1.9866524924986706,2.3188256531953813,0.8935409083452489,0.8270833333333334,0.014129854131510971,0.91875,0.09166666666666665,,3.6036377751229645,0.15751766627867794,0.09202889977469522,0.03746339013779168,0.002057291666666667,0.0007863740143663702
wine_quality,1599,11,Local CQR (Fixed h=0.80),RELU,Bin 1,4,1,90%,0.83125,0.016666666666666656,2.709002600947085,,,,,,,,,96.0,,,,,,
wine_quality,1599,11,Local CQR (Fixed h=0.80),RELU,Bin 2,0,2,90%,0.8791666666666667,0.03761556267764122,2.6753657197701335,,,,,,,,,96.0,,,,,,
wine_quality,1599,11,Local CQR (Fixed h=0.80),RELU,Bin 3,3,3,90%,0.8833333333333334,0.02901747557746689,2.3705619795289303,,,,,,,,,96.0,,,,,,
wine_quality,1599,11,Local CQR (Fixed h=0.80),RELU,Bin 4,2,4,90%,0.8875,0.03572172541558802,2.2478352990596453,,,,,,,,,96.0,,,,,,
wine_quality,1599,11,Local CQR (Fixed h=0.80),RELU,Bin 5,1,5,90%,0.9145833333333334,0.02585348676248094,2.334884681348275,,,,,,,,,96.0,,,,,,
wine_quality,1599,11,Local CQR (Fixed h=1.00),RELU,Overall,,,90%,0.8850000000000001,0.02101586702153079,2.4763256585112154,0.10703839738464502,1.993521434833307,2.354309579730034,0.8183891961543536,0.83125,0.007795119555779064,0.9354166666666666,0.10416666666666666,,3.536930423300351,0.18756482143111497,0.10591185414667126,0.03476587867506967,0.0020520833333333346,0.0005667571882695872
wine_quality,1599,11,Local CQR (Fixed h=1.00),RELU,Bin 1,4,1,90%,0.8354166666666668,0.0077951195557790535,2.6999384519902785,,,,,,,,,96.0,,,,,,
wine_quality,1599,11,Local CQR (Fixed h=1.00),RELU,Bin 2,0,2,90%,0.8833333333333334,0.038640077064565424,2.726762800760464,,,,,,,,,96.0,,,,,,
wine_quality,1599,11,Local CQR (Fixed h=1.00),RELU,Bin 3,3,3,90%,0.8875,0.03572172541558802,2.3433123978938806,,,,,,,,,96.0,,,,,,
wine_quality,1599,11,Local CQR (Fixed h=1.00),RELU,Bin 4,2,4,90%,0.89375,0.03807430600520223,2.2682404142494006,,,,,,,,,96.0,,,,,,
wine_quality,1599,11,Local CQR (Fixed h=1.00),RELU,Bin 5,1,5,90%,0.925,0.02667968432263688,2.343374227662053,,,,,,,,,96.0,,,,,,
wine_quality,1599,11,Local CQR (Fixed h=1.20),RELU,Overall,,,90%,0.8941666666666667,0.019157606554287762,2.505702302286298,0.13328272836105992,2.0170710580021103,2.4035823702812196,0.7788594169102332,0.84375,0.017430417219459926,0.9395833333333334,0.09583333333333337,,3.45679570950992,0.14783065475438284,0.1290247030285177,0.040012899082166924,0.0014809027777777791,0.0005567979272675273
wine_quality,1599,11,Local CQR (Fixed h=1.20),RELU,Bin 1,4,1,90%,0.86875,0.019320038532282726,2.7446736595427828,,,,,,,,,96.0,,,,,,
wine_quality,1599,11,Local CQR (Fixed h=1.20),RELU,Bin 2,3,2,90%,0.8770833333333334,0.035721725415588046,2.340236872472904,,,,,,,,,96.0,,,,,,
wine_quality,1599,11,Local CQR (Fixed h=1.20),RELU,Bin 3,2,3,90%,0.8958333333333333,0.03784562942621866,2.2705356387421487,,,,,,,,,96.0,,,,,,
wine_quality,1599,11,Local CQR (Fixed h=1.20),RELU,Bin 4,0,4,90%,0.8979166666666666,0.036916760722227826,2.8050295105592036,,,,,,,,,96.0,,,,,,
wine_quality,1599,11,Local CQR (Fixed h=1.20),RELU,Bin 5,1,5,90%,0.93125,0.021449229460389588,2.3680358301144504,,,,,,,,,96.0,,,,,,
wine_quality,1599,11,Local CQR (Fixed h=1.40),RELU,Overall,,,90%,0.89875,0.02089989367330743,2.5053350075653036,0.13159938143553135,2.0167318032146584,2.414416992664337,0.7513769229487947,0.8520833333333334,0.015309310892394862,0.9416666666666668,0.0895833333333333,,3.4225949580044386,0.15826130620507187,0.13623944915619057,0.03557941692900835,0.0014991319444444442,0.00047649529606094845
wine_quality,1599,11,Local CQR (Fixed h=1.40),RELU,Bin 1,4,1,90%,0.875,0.026352313834736504,2.7761505494799668,,,,,,,,,96.0,,,,,,
wine_quality,1599,11,Local CQR (Fixed h=1.40),RELU,Bin 2,3,2,90%,0.88125,0.03584302194601094,2.321963835794272,,,,,,,,,96.0,,,,,,
wine_quality,1599,11,Local CQR (Fixed h=1.40),RELU,Bin 3,0,3,90%,0.8979166666666666,0.03807430600520223,2.8100471639151996,,,,,,,,,96.0,,,,,,
wine_quality,1599,11,Local CQR (Fixed h=1.40),RELU,Bin 4,2,4,90%,0.9041666666666666,0.03632415786283893,2.2610090975339214,,,,,,,,,96.0,,,,,,
wine_quality,1599,11,Local CQR (Fixed h=1.40),RELU,Bin 5,1,5,90%,0.9354166666666666,0.02224391302506523,2.357504391103155,,,,,,,,,96.0,,,,,,
wine_quality,1599,11,Local CQR (Fixed h=1.60),RELU,Overall,,,90%,0.9033333333333333,0.0198343837256865,2.501460307794416,0.12339336999824921,2.01357181564956,2.4168660670518873,0.7355524302781976,0.85625,0.02585348676248097,0.94375,0.08749999999999998,,3.4011053993876814,0.1824459803169223,0.14767158243900624,0.03803443918250754,0.0014739583333333334,0.00040688200186935814
wine_quality,1599,11,Local CQR (Fixed h=1.60),RELU,Bin 1,3,1,90%,0.88125,0.037615562677641254,2.301399641025604,,,,,,,,,96.0,,,,,,
wine_quality,1599,11,Local CQR (Fixed h=1.60),RELU,Bin 2,4,2,90%,0.8895833333333334,0.031319367454943535,2.813188881837866,,,,,,,,,96.0,,,,,,
wine_quality,1599,11,Local CQR (Fixed h=1.60),RELU,Bin 3,2,3,90%,0.9041666666666666,0.03632415786283893,2.2409007395928104,,,,,,,,,96.0,,,,,,
wine_quality,1599,11,Local CQR (Fixed h=1.60),RELU,Bin 4,0,4,90%,0.9041666666666668,0.03448530282759761,2.8179700337117537,,,,,,,,,96.0,,,,,,
wine_quality,1599,11,Local CQR (Fixed h=1.60),RELU,Bin 5,1,5,90%,0.9375,0.023753654689565386,2.333842242804046,,,,,,,,,96.0,,,,,,
wine_quality,1599,11,Local CQR (Fixed h=1.80),RELU,Overall,,,90%,0.9045833333333333,0.017300449576688918,2.4966271701267817,0.11680132959720274,2.0096460858030447,2.4219105720520018,0.7131961141029183,0.8604166666666668,0.02041241452319316,0.94375,0.08333333333333333,,3.386593981614854,0.1685206803087979,0.15422179835663402,0.04390234419828136,0.0012335069444444446,0.0002615196549012929
wine_quality,1599,11,Local CQR (Fixed h=1.80),RELU,Bin 1,3,1,90%,0.8833333333333332,0.02901747557746694,2.290669620447896,,,,,,,,,96.0,,,,,,
wine_quality,1599,11,Local CQR (Fixed h=1.80),RELU,Bin 2,4,2,90%,0.8833333333333334,0.02585348676248097,2.825300899675737,,,,,,,,,96.0,,,,,,
wine_quality,1599,11,Local CQR (Fixed h=1.80),RELU,Bin 3,2,3,90%,0.90625,0.03726779962499648,2.2374850676084557,,,,,,,,,96.0,,,,,,
wine_quality,1599,11,Local CQR (Fixed h=1.80),RELU,Bin 4,0,4,90%,0.9104166666666667,0.02338535866733715,2.807202754022243,,,,,,,,,96.0,,,,,,
wine_quality,1599,11,Local CQR (Fixed h=1.80),RELU,Bin 5,1,5,90%,0.9395833333333332,0.021245914639969957,2.322477508879577,,,,,,,,,96.0,,,,,,
wine_quality,1599,11,Local CQR (Fixed h=2.00),RELU,Overall,,,90%,0.905,0.016169673259943555,2.4959796790094635,0.11682156376654046,2.0090392722870503,2.41530918776989,0.7015703896290273,0.8583333333333334,0.016925080009658235,0.9479166666666667,0.08958333333333335,,3.389673238626268,0.16469138546717776,0.15531495874466786,0.0444992181513389,0.0013038194444444447,0.0001859058063817549
wine_quality,1599,11,Local CQR (Fixed h=2.00),RELU,Bin 1,3,1,90%,0.8854166666666666,0.02716334335501105,2.281907634102843,,,,,,,,,96.0,,,,,,
wine_quality,1599,11,Local CQR (Fixed h=2.00),RELU,Bin 2,4,2,90%,0.8875,0.036916760722227826,2.839510900558283,,,,,,,,,96.0,,,,,,
wine_quality,1599,11,Local CQR (Fixed h=2.00),RELU,Bin 3,2,3,90%,0.90625,0.03726779962499648,2.231356119674941,,,,,,,,,96.0,,,,,,
wine_quality,1599,11,Local CQR (Fixed h=2.00),RELU,Bin 4,0,4,90%,0.9083333333333334,0.02411632688081298,2.808975353689554,,,,,,,,,96.0,,,,,,
wine_quality,1599,11,Local CQR (Fixed h=2.00),RELU,Bin 5,1,5,90%,0.9375,0.023753654689565386,2.3181483870216955,,,,,,,,,96.0,,,,,,
wine_quality,1599,11,Local CQR (Fixed h=2.20),RELU,Overall,,,90%,0.9033333333333333,0.015286613606536771,2.493165525577445,0.1125629654491736,2.0067313231368535,2.409656912088394,0.6909562777729157,0.8583333333333334,0.015590239111558081,0.94375,0.08541666666666667,,3.3895443320592036,0.16441663225362554,0.15710480389759734,0.041098949015650935,0.0011961805555555556,0.00014344207660333725
wine_quality,1599,11,Local CQR (Fixed h=2.20),RELU,Bin 1,4,1,90%,0.88125,0.029901458530015253,2.8500479673656325,,,,,,,,,96.0,,,,,,
wine_quality,1599,11,Local CQR (Fixed h=2.20),RELU,Bin 2,3,2,90%,0.8833333333333334,0.029755951785595213,2.2685718704439286,,,,,,,,,96.0,,,,,,
wine_quality,1599,11,Local CQR (Fixed h=2.20),RELU,Bin 3,2,3,90%,0.90625,0.03227486121839514,2.2285298340643447,,,,,,,,,96.0,,,,,,
wine_quality,1599,11,Local CQR (Fixed h=2.20),RELU,Bin 4,0,4,90%,0.9083333333333334,0.02124591463996996,2.803791468691391,,,,,,,,,96.0,,,,,,
wine_quality,1599,11,Local CQR (Fixed h=2.20),RELU,Bin 5,1,5,90%,0.9375,0.023753654689565386,2.314886487321928,,,,,,,,,96.0,,,,,,
