Dataset,n,d,Method,Activation,Bin,Bin ID,Bin Rank,Target Coverage,Coverage (mean),Coverage (std),Avg Width (mean),Avg Width (std),Avg Width (orig),Median Width,Width Std,Worst-Bin Cov (mean),Worst-Bin Cov (std),Best-Bin Cov,Cov Range,Bin Count (mean),Winkler Score (mean),Winkler Score (std),Width-Error Corr (mean),Width-Error Corr (std),CCV (mean),CCV (std)
diabetes,442,10,Global CQR,RELU,Overall,,,90%,0.9218045112781954,0.03175746177735772,2.8670842170715334,0.2078508848487187,218.35085961895658,2.8282227516174316,0.6896297335624695,0.813105413105413,0.05857039897098055,0.9925925925925926,0.17948717948717946,,3.4290663242340087,0.26861320348288015,-0.08237674380652607,0.0825417538614693,0.006666341993977319,0.002200551688728967
diabetes,442,10,Global CQR,RELU,Bin 1,2,1,90%,0.8222222222222222,0.05443310539518174,2.4187507152557375,,,,,,,,,27.0,,,,,,
diabetes,442,10,Global CQR,RELU,Bin 2,1,2,90%,0.876923076923077,0.07457969011409736,2.5986504554748535,,,,,,,,,26.0,,,,,,
diabetes,442,10,Global CQR,RELU,Bin 3,3,3,90%,0.9461538461538461,0.04615384615384615,2.772592306137085,,,,,,,,,26.0,,,,,,
diabetes,442,10,Global CQR,RELU,Bin 4,4,4,90%,0.9777777777777776,0.018144368465060606,3.507080316543579,,,,,,,,,27.0,,,,,,
diabetes,442,10,Global CQR,RELU,Bin 5,0,5,90%,0.9851851851851852,0.018144368465060606,3.0249061584472656,,,,,,,,,27.0,,,,,,
diabetes,442,10,Local CQR (Silverman),RELU,Overall,,,90%,0.9112781954887218,0.023003095550042617,2.681774675231993,0.24020123213403793,204.07041904284063,2.6870107769966127,0.7384984723881758,0.8561253561253561,0.03732084990042808,0.9774928774928775,0.12136752136752134,,3.1990943919132073,0.41820634644121,0.18279330414444256,0.08805016901425165,0.0031759969480767195,0.0013103257247020954
diabetes,442,10,Local CQR (Silverman),RELU,Bin 1,0,1,90%,0.8814814814814813,0.04319223625811335,2.05328746912656,,,,,,,,,27.0,,,,,,
diabetes,442,10,Local CQR (Silverman),RELU,Bin 2,2,2,90%,0.8814814814814815,0.02771598064276993,2.8602334514812187,,,,,,,,,27.0,,,,,,
diabetes,442,10,Local CQR (Silverman),RELU,Bin 3,1,3,90%,0.9,0.0713355268884285,2.8332710208801117,,,,,,,,,26.0,,,,,,
diabetes,442,10,Local CQR (Silverman),RELU,Bin 4,3,4,90%,0.9307692307692307,0.044853476114194636,2.7758371635125236,,,,,,,,,26.0,,,,,,
diabetes,442,10,Local CQR (Silverman),RELU,Bin 5,4,5,90%,0.962962962962963,0.023424278964210215,2.8953390427865346,,,,,,,,,27.0,,,,,,
diabetes,442,10,Local CQR (Scott),RELU,Overall,,,90%,0.9082706766917292,0.02946754577784274,2.6708888062093936,0.24370453245045234,203.23904524749182,2.6826493382453918,0.7517131054421454,0.8566951566951566,0.038346350674395985,0.9774928774928775,0.12079772079772078,,3.2001730663120744,0.4054994711482237,0.1855135211051327,0.08875415131338145,0.003130591472471813,0.0011467493006335756
diabetes,442,10,Local CQR (Scott),RELU,Bin 1,2,1,90%,0.874074074074074,0.029629629629629624,2.8568196206181136,,,,,,,,,27.0,,,,,,
diabetes,442,10,Local CQR (Scott),RELU,Bin 2,0,2,90%,0.8814814814814813,0.04319223625811335,2.0411935719075025,,,,,,,,,27.0,,,,,,
diabetes,442,10,Local CQR (Scott),RELU,Bin 3,1,3,90%,0.9,0.0713355268884285,2.830832729660548,,,,,,,,,26.0,,,,,,
diabetes,442,10,Local CQR (Scott),RELU,Bin 4,3,4,90%,0.9384615384615383,0.04615384615384618,2.768724450469017,,,,,,,,,26.0,,,,,,
diabetes,442,10,Local CQR (Scott),RELU,Bin 5,4,5,90%,0.9481481481481481,0.02962962962962963,2.866421049788482,,,,,,,,,27.0,,,,,,
diabetes,442,10,Local CQR (ISJ),RELU,Overall,,,90%,0.9082706766917292,0.02946754577784274,2.6708888062093936,0.24370453245045234,203.23904524749182,2.6826493382453918,0.7517131054421454,0.8566951566951566,0.038346350674395985,0.9774928774928775,0.12079772079772078,,3.2001730663120744,0.4054994711482237,0.1855135211051327,0.08875415131338145,0.003130591472471813,0.0011467493006335756
diabetes,442,10,Local CQR (ISJ),RELU,Bin 1,2,1,90%,0.874074074074074,0.029629629629629624,2.8568196206181136,,,,,,,,,27.0,,,,,,
diabetes,442,10,Local CQR (ISJ),RELU,Bin 2,0,2,90%,0.8814814814814813,0.04319223625811335,2.0411935719075025,,,,,,,,,27.0,,,,,,
diabetes,442,10,Local CQR (ISJ),RELU,Bin 3,1,3,90%,0.9,0.0713355268884285,2.830832729660548,,,,,,,,,26.0,,,,,,
diabetes,442,10,Local CQR (ISJ),RELU,Bin 4,3,4,90%,0.9384615384615383,0.04615384615384618,2.768724450469017,,,,,,,,,26.0,,,,,,
diabetes,442,10,Local CQR (ISJ),RELU,Bin 5,4,5,90%,0.9481481481481481,0.02962962962962963,2.866421049788482,,,,,,,,,27.0,,,,,,
diabetes,442,10,Local CQR (Fixed h=0.60),RELU,Overall,,,90%,0.9323308270676691,0.026476416333321838,2.8379167870247275,0.15965641758402407,216.01859175678175,2.7855117082595826,0.5586933199544297,0.8356125356125357,0.05094539703078544,0.9851851851851852,0.14957264957264954,,3.2116338539616507,0.2792075153082122,0.10137360313052482,0.05630750406280734,0.005306872509151709,0.0020739022696336933
diabetes,442,10,Local CQR (Fixed h=0.60),RELU,Bin 1,2,1,90%,0.8444444444444444,0.049135182079339264,2.730522211171963,,,,,,,,,27.0,,,,,,
diabetes,442,10,Local CQR (Fixed h=0.60),RELU,Bin 2,1,2,90%,0.9076923076923077,0.06249260311258431,2.782382439879271,,,,,,,,,26.0,,,,,,
diabetes,442,10,Local CQR (Fixed h=0.60),RELU,Bin 3,3,3,90%,0.9615384615384617,0.03440104580768905,2.892992857557077,,,,,,,,,26.0,,,,,,
diabetes,442,10,Local CQR (Fixed h=0.60),RELU,Bin 4,0,4,90%,0.9629629629629628,0.023424278964210215,2.6344021776208173,,,,,,,,,27.0,,,,,,
diabetes,442,10,Local CQR (Fixed h=0.60),RELU,Bin 5,4,5,90%,0.9851851851851852,0.018144368465060606,3.149267275686617,,,,,,,,,27.0,,,,,,
diabetes,442,10,Local CQR (Fixed h=0.80),RELU,Overall,,,90%,0.9338345864661655,0.026218941013778484,2.8923584256629296,0.14883890091199004,220.18316952378592,2.842368984222412,0.5603271767146897,0.8356125356125357,0.05094539703078544,0.9925925925925926,0.15698005698005696,,3.287302635464453,0.26019019148499,0.047607096823032546,0.06872894018719293,0.005784985511481235,0.0024826481998062003
diabetes,442,10,Local CQR (Fixed h=0.80),RELU,Bin 1,2,1,90%,0.8444444444444444,0.049135182079339264,2.6553080755251424,,,,,,,,,27.0,,,,,,
diabetes,442,10,Local CQR (Fixed h=0.80),RELU,Bin 2,1,2,90%,0.9,0.06249260311258432,2.74629770219326,,,,,,,,,26.0,,,,,,
diabetes,442,10,Local CQR (Fixed h=0.80),RELU,Bin 3,3,3,90%,0.9692307692307693,0.03768445758127964,2.92674227654934,,,,,,,,,26.0,,,,,,
diabetes,442,10,Local CQR (Fixed h=0.80),RELU,Bin 4,0,4,90%,0.9777777777777776,0.029629629629629634,2.8395357155137595,,,,,,,,,27.0,,,,,,
diabetes,442,10,Local CQR (Fixed h=0.80),RELU,Bin 5,4,5,90%,0.9777777777777776,0.018144368465060606,3.289772178067101,,,,,,,,,27.0,,,,,,
diabetes,442,10,Local CQR (Fixed h=1.00),RELU,Overall,,,90%,0.9323308270676691,0.027727953255016213,2.936097129641619,0.16610522830142346,223.5319111416722,2.8879685163497926,0.5875159988637992,0.8282051282051283,0.05073785326378062,0.9925925925925926,0.16438746438746438,,3.3522945990015685,0.24699203826596713,-0.0009570901455470875,0.07325669324734575,0.005982516375678767,0.002155105086762739
diabetes,442,10,Local CQR (Fixed h=1.00),RELU,Bin 1,2,1,90%,0.837037037037037,0.05023948135648348,2.6207996834207465,,,,,,,,,27.0,,,,,,
diabetes,442,10,Local CQR (Fixed h=1.00),RELU,Bin 2,1,2,90%,0.9,0.06249260311258432,2.745686645461963,,,,,,,,,26.0,,,,,,
diabetes,442,10,Local CQR (Fixed h=1.00),RELU,Bin 3,3,3,90%,0.9692307692307693,0.03768445758127964,2.931635072368842,,,,,,,,,26.0,,,,,,
diabetes,442,10,Local CQR (Fixed h=1.00),RELU,Bin 4,0,4,90%,0.9777777777777776,0.029629629629629634,2.971719556494995,,,,,,,,,27.0,,,,,,
diabetes,442,10,Local CQR (Fixed h=1.00),RELU,Bin 5,4,5,90%,0.9777777777777776,0.018144368465060606,3.4034271889262726,,,,,,,,,27.0,,,,,,
diabetes,442,10,Local CQR (Fixed h=1.20),RELU,Overall,,,90%,0.9323308270676691,0.027727953255016213,2.951381695875548,0.18758763277789206,224.72151404099887,2.9131146669387817,0.6201140853778686,0.8282051282051283,0.05073785326378062,1.0,0.1717948717948718,,3.3934466542830144,0.24856701719647065,-0.036687481069945446,0.07906748598187444,0.006212108667949122,0.0018086209481678773
diabetes,442,10,Local CQR (Fixed h=1.20),RELU,Bin 1,2,1,90%,0.837037037037037,0.05023948135648348,2.5822607479713584,,,,,,,,,27.0,,,,,,
diabetes,442,10,Local CQR (Fixed h=1.20),RELU,Bin 2,1,2,90%,0.9,0.06249260311258432,2.7313688578513955,,,,,,,,,26.0,,,,,,
diabetes,442,10,Local CQR (Fixed h=1.20),RELU,Bin 3,3,3,90%,0.9615384615384617,0.04865042554105199,2.9102576977931536,,,,,,,,,26.0,,,,,,
diabetes,442,10,Local CQR (Fixed h=1.20),RELU,Bin 4,0,4,90%,0.9777777777777776,0.029629629629629634,3.0348328587081697,,,,,,,,,27.0,,,,,,
diabetes,442,10,Local CQR (Fixed h=1.20),RELU,Bin 5,4,5,90%,0.9851851851851852,0.018144368465060606,3.48851658238305,,,,,,,,,27.0,,,,,,
diabetes,442,10,Local CQR (Fixed h=1.40),RELU,Overall,,,90%,0.9308270676691729,0.028293064243950058,2.9398659108948886,0.2031237932676681,223.87141943796328,2.895066428184509,0.6602888856734475,0.8207977207977208,0.0547008547008547,1.0,0.1792022792022792,,3.4306589024183447,0.2607381034455428,-0.06803290350813074,0.08181405325763805,0.00651937890114528,0.001603215475070562
diabetes,442,10,Local CQR (Fixed h=1.40),RELU,Bin 1,2,1,90%,0.8296296296296296,0.05543196128553987,2.510348055760066,,,,,,,,,27.0,,,,,,
diabetes,442,10,Local CQR (Fixed h=1.40),RELU,Bin 2,1,2,90%,0.9,0.06249260311258432,2.6878872332664634,,,,,,,,,26.0,,,,,,
diabetes,442,10,Local CQR (Fixed h=1.40),RELU,Bin 3,3,3,90%,0.9615384615384617,0.04865042554105199,2.8641336044439907,,,,,,,,,26.0,,,,,,
diabetes,442,10,Local CQR (Fixed h=1.40),RELU,Bin 4,0,4,90%,0.9777777777777776,0.029629629629629634,3.0661841680606208,,,,,,,,,27.0,,,,,,
diabetes,442,10,Local CQR (Fixed h=1.40),RELU,Bin 5,4,5,90%,0.9851851851851852,0.018144368465060606,3.5586390490885136,,,,,,,,,27.0,,,,,,
diabetes,442,10,Local CQR (Fixed h=1.60),RELU,Overall,,,90%,0.9308270676691729,0.02748220583834146,2.9331672446844275,0.20466382401435135,223.37958753360854,2.877528816461563,0.6754143904041957,0.8207977207977208,0.0547008547008547,1.0,0.1792022792022792,,3.438732409365195,0.2603737313303302,-0.07822077296318207,0.08219398410125649,0.006848597008141166,0.0014732057468904599
diabetes,442,10,Local CQR (Fixed h=1.60),RELU,Bin 1,2,1,90%,0.8222222222222222,0.05443310539518174,2.495659409408216,,,,,,,,,27.0,,,,,,
diabetes,442,10,Local CQR (Fixed h=1.60),RELU,Bin 2,1,2,90%,0.9,0.06249260311258432,2.6783089974751837,,,,,,,,,26.0,,,,,,
diabetes,442,10,Local CQR (Fixed h=1.60),RELU,Bin 3,3,3,90%,0.9615384615384617,0.04865042554105199,2.8395503289424453,,,,,,,,,26.0,,,,,,
diabetes,442,10,Local CQR (Fixed h=1.60),RELU,Bin 4,0,4,90%,0.9851851851851852,0.018144368465060606,3.075932981018667,,,,,,,,,27.0,,,,,,
diabetes,442,10,Local CQR (Fixed h=1.60),RELU,Bin 5,4,5,90%,0.9851851851851852,0.018144368465060606,3.563478019060912,,,,,,,,,27.0,,,,,,
diabetes,442,10,Local CQR (Fixed h=1.80),RELU,Overall,,,90%,0.9248120300751879,0.03044880711476179,2.921495791104503,0.1987473997480524,222.485080152306,2.8780085325241087,0.6821837196695271,0.8207977207977208,0.0547008547008547,0.9925925925925926,0.1717948717948718,,3.436700072839744,0.25843222237259683,-0.0825431432137124,0.08293258046797018,0.006216637851965486,0.0018084661158042387
diabetes,442,10,Local CQR (Fixed h=1.80),RELU,Bin 1,2,1,90%,0.8222222222222222,0.05443310539518174,2.4761588827327445,,,,,,,,,27.0,,,,,,
diabetes,442,10,Local CQR (Fixed h=1.80),RELU,Bin 2,1,2,90%,0.8923076923076924,0.061538461538461535,2.6652538265173256,,,,,,,,,26.0,,,,,,
diabetes,442,10,Local CQR (Fixed h=1.80),RELU,Bin 3,3,3,90%,0.9461538461538461,0.04615384615384615,2.822620121103067,,,,,,,,,26.0,,,,,,
diabetes,442,10,Local CQR (Fixed h=1.80),RELU,Bin 4,4,4,90%,0.9777777777777776,0.018144368465060606,3.551574977680489,,,,,,,,,27.0,,,,,,
diabetes,442,10,Local CQR (Fixed h=1.80),RELU,Bin 5,0,5,90%,0.9851851851851852,0.018144368465060606,3.078718642504127,,,,,,,,,27.0,,,,,,
diabetes,442,10,Local CQR (Fixed h=2.00),RELU,Overall,,,90%,0.9233082706766919,0.03132731827969875,2.914985245847164,0.19685854033839642,221.98693047899775,2.8696072816848757,0.6875122126596093,0.8207977207977208,0.0547008547008547,0.9925925925925926,0.1717948717948718,,3.439327310417828,0.26093406438403677,-0.08533574819285801,0.08488497051573553,0.00632314672770513,0.0018043828975155822
diabetes,442,10,Local CQR (Fixed h=2.00),RELU,Bin 1,2,1,90%,0.8222222222222222,0.05443310539518174,2.4645895681999344,,,,,,,,,27.0,,,,,,
diabetes,442,10,Local CQR (Fixed h=2.00),RELU,Bin 2,1,2,90%,0.8846153846153847,0.06435846357954426,2.6469509292107363,,,,,,,,,26.0,,,,,,
diabetes,442,10,Local CQR (Fixed h=2.00),RELU,Bin 3,3,3,90%,0.9461538461538461,0.04615384615384615,2.8157197509820646,,,,,,,,,26.0,,,,,,
diabetes,442,10,Local CQR (Fixed h=2.00),RELU,Bin 4,4,4,90%,0.9777777777777776,0.018144368465060606,3.54996386413221,,,,,,,,,27.0,,,,,,
diabetes,442,10,Local CQR (Fixed h=2.00),RELU,Bin 5,0,5,90%,0.9851851851851852,0.018144368465060606,3.0840984199885972,,,,,,,,,27.0,,,,,,
diabetes,442,10,Local CQR (Fixed h=2.20),RELU,Overall,,,90%,0.9233082706766919,0.03132731827969875,2.9117349351931336,0.19916786424497082,221.73990096529147,2.865838098526001,0.6898237132081532,0.8207977207977208,0.0547008547008547,0.9925925925925926,0.1717948717948718,,3.437928113879118,0.2625154282316973,-0.08473894093886053,0.08490380540131265,0.00632314672770513,0.0018043828975155822
diabetes,442,10,Local CQR (Fixed h=2.20),RELU,Bin 1,2,1,90%,0.8222222222222222,0.05443310539518174,2.4612457794171787,,,,,,,,,27.0,,,,,,
diabetes,442,10,Local CQR (Fixed h=2.20),RELU,Bin 2,1,2,90%,0.8846153846153847,0.06435846357954426,2.6412944383346115,,,,,,,,,26.0,,,,,,
diabetes,442,10,Local CQR (Fixed h=2.20),RELU,Bin 3,3,3,90%,0.9461538461538461,0.04615384615384615,2.815351938055112,,,,,,,,,26.0,,,,,,
diabetes,442,10,Local CQR (Fixed h=2.20),RELU,Bin 4,4,4,90%,0.9777777777777776,0.018144368465060606,3.5500542132942763,,,,,,,,,27.0,,,,,,
diabetes,442,10,Local CQR (Fixed h=2.20),RELU,Bin 5,0,5,90%,0.9851851851851852,0.018144368465060606,3.0771422515312827,,,,,,,,,27.0,,,,,,
california_housing,20640,8,Global CQR,RELU,Overall,,,90%,0.9006054734802615,0.0065679334055707035,1.5475412130355835,0.04209104723033984,1.7852699910699108,1.4774009227752685,1.47426016330719,0.8759938366718029,0.012231041704973302,0.9217559615525717,0.04576212488076894,,2.0844107627868653,0.06877894881949831,0.5568055391311646,0.21238538263416218,0.00034569581795315565,0.00016615568742824012
california_housing,20640,8,Global CQR,RELU,Bin 1,0,1,90%,0.8883777239709444,0.0110799624103124,1.7926323652267455,,,,,,,,,826.0,,,,,,
california_housing,20640,8,Global CQR,RELU,Bin 2,3,2,90%,0.8983050847457628,0.012766514601902229,1.3872363090515136,,,,,,,,,826.0,,,,,,
california_housing,20640,8,Global CQR,RELU,Bin 3,4,3,90%,0.8997578692493947,0.017382896945082375,1.3744875192642212,,,,,,,,,826.0,,,,,,
california_housing,20640,8,Global CQR,RELU,Bin 4,2,4,90%,0.8998787878787878,0.026618137660723993,1.5897444009780883,,,,,,,,,825.0,,,,,,
california_housing,20640,8,Global CQR,RELU,Bin 5,1,5,90%,0.9167070217917676,0.0038589291647722506,1.593656635284424,,,,,,,,,826.0,,,,,,
california_housing,20640,8,Local CQR (Silverman),RELU,Overall,,,90%,0.8993945265197384,0.007018646911767486,1.5465011408554736,0.04513646865904843,1.7840509727276632,1.4491948381066322,1.4943989638415587,0.8716369506200013,0.0095714355457068,0.9225005502971605,0.05086359967715901,,2.075117296567595,0.06954097370124383,0.5589755542722363,0.21027834837695186,0.000360136785104204,0.00011926978411703802
california_housing,20640,8,Local CQR (Silverman),RELU,Bin 1,0,1,90%,0.8915254237288135,0.010626202546000822,1.7994097742960093,,,,,,,,,826.0,,,,,,
california_housing,20640,8,Local CQR (Silverman),RELU,Bin 2,3,2,90%,0.8932203389830509,0.016659581028348257,1.3829623998537406,,,,,,,,,826.0,,,,,,
california_housing,20640,8,Local CQR (Silverman),RELU,Bin 3,4,3,90%,0.8966101694915254,0.020439621879327158,1.36876903545114,,,,,,,,,826.0,,,,,,
california_housing,20640,8,Local CQR (Silverman),RELU,Bin 4,2,4,90%,0.8993939393939394,0.024023251669018163,1.5902311944329377,,,,,,,,,825.0,,,,,,
california_housing,20640,8,Local CQR (Silverman),RELU,Bin 5,1,5,90%,0.9162227602905568,0.004744774320161107,1.5911862421970246,,,,,,,,,826.0,,,,,,
california_housing,20640,8,Local CQR (Scott),RELU,Overall,,,90%,0.8993460886413175,0.006961586523893112,1.546313713713086,0.0452771923702785,1.7838345856257434,1.4489520967006684,1.4946721383533648,0.8721209186293931,0.009867242851574913,0.9225005502971605,0.050379631667767266,,2.0753547410523936,0.06942034299395024,0.5588380250419143,0.21030660665018439,0.00035487859532390713,0.00011986919862113716
california_housing,20640,8,Local CQR (Scott),RELU,Bin 1,0,1,90%,0.8915254237288137,0.010598580449510555,1.799160773788077,,,,,,,,,826.0,,,,,,
california_housing,20640,8,Local CQR (Scott),RELU,Bin 2,3,2,90%,0.8932203389830509,0.016249841874636822,1.3826971496529787,,,,,,,,,826.0,,,,,,
california_housing,20640,8,Local CQR (Scott),RELU,Bin 3,4,3,90%,0.8968523002421307,0.01983995198607409,1.3684787747472529,,,,,,,,,826.0,,,,,,
california_housing,20640,8,Local CQR (Scott),RELU,Bin 4,2,4,90%,0.898909090909091,0.024286021403865585,1.5902191614020953,,,,,,,,,825.0,,,,,,
california_housing,20640,8,Local CQR (Scott),RELU,Bin 5,1,5,90%,0.9162227602905568,0.004744774320161107,1.591065863270051,,,,,,,,,826.0,,,,,,
california_housing,20640,8,Local CQR (ISJ),RELU,Overall,,,90%,0.8993460886413175,0.006961586523893112,1.5463135697351724,0.045277101858762256,1.7838344193141047,1.4489520967006684,1.494672188111187,0.8721209186293931,0.009867242851574913,0.9225005502971605,0.050379631667767266,,2.0753545970744804,0.06942033377276903,0.5588380231908738,0.21030661054886515,0.00035487859532390713,0.00011986919862113716
california_housing,20640,8,Local CQR (ISJ),RELU,Bin 1,0,1,90%,0.8915254237288137,0.010598580449510555,1.799160773788077,,,,,,,,,826.0,,,,,,
california_housing,20640,8,Local CQR (ISJ),RELU,Bin 2,3,2,90%,0.8932203389830509,0.016249841874636822,1.382696994522149,,,,,,,,,826.0,,,,,,
california_housing,20640,8,Local CQR (ISJ),RELU,Bin 3,4,3,90%,0.8968523002421307,0.01983995198607409,1.368478210162821,,,,,,,,,826.0,,,,,,
california_housing,20640,8,Local CQR (ISJ),RELU,Bin 4,2,4,90%,0.898909090909091,0.024286021403865585,1.5902191614020953,,,,,,,,,825.0,,,,,,
california_housing,20640,8,Local CQR (ISJ),RELU,Bin 5,1,5,90%,0.9162227602905568,0.004744774320161107,1.591065863270051,,,,,,,,,826.0,,,,,,
california_housing,20640,8,Local CQR (Fixed h=0.60),RELU,Overall,,,90%,0.901622668927101,0.005825447857930912,1.5503507180626586,0.045239834482064575,1.7884932826179525,1.46156587600708,1.4867100628440766,0.8762380218651404,0.008348659046697342,0.9241960525350358,0.047958030669895055,,2.0778445264936893,0.07131661716431444,0.5582818639195024,0.21144348746151118,0.0003368088720666759,0.00011339779058753496
california_housing,20640,8,Local CQR (Fixed h=0.60),RELU,Bin 1,0,1,90%,0.8915254237288137,0.010763249767986868,1.8005450633640874,,,,,,,,,826.0,,,,,,
california_housing,20640,8,Local CQR (Fixed h=0.60),RELU,Bin 2,3,2,90%,0.8963680387409202,0.011627319325465338,1.3879381498714265,,,,,,,,,826.0,,,,,,
california_housing,20640,8,Local CQR (Fixed h=0.60),RELU,Bin 3,2,3,90%,0.9006060606060606,0.023764995749144174,1.593613833794088,,,,,,,,,825.0,,,,,,
california_housing,20640,8,Local CQR (Fixed h=0.60),RELU,Bin 4,4,4,90%,0.9009685230024214,0.02067915687437885,1.3736795552541503,,,,,,,,,826.0,,,,,,
california_housing,20640,8,Local CQR (Fixed h=0.60),RELU,Bin 5,1,5,90%,0.9186440677966102,0.002585248971436157,1.5960293646829686,,,,,,,,,826.0,,,,,,
california_housing,20640,8,Local CQR (Fixed h=0.80),RELU,Overall,,,90%,0.9015742310486801,0.005775290311761248,1.5515670489774673,0.04487810867014429,1.7898994674661608,1.4673106402158738,1.4847394518017598,0.8762377283733217,0.008697793010062826,0.9234696602832196,0.04723193190989803,,2.0791270529511814,0.07124938017854657,0.557961909629521,0.21173356299903112,0.00033409517112337276,0.00011808616560804729
california_housing,20640,8,Local CQR (Fixed h=0.80),RELU,Bin 1,0,1,90%,0.8900726392251815,0.010812161531121607,1.800725142341152,,,,,,,,,826.0,,,,,,
california_housing,20640,8,Local CQR (Fixed h=0.80),RELU,Bin 2,3,2,90%,0.8975786924939468,0.012193393038270384,1.3895602531144824,,,,,,,,,826.0,,,,,,
california_housing,20640,8,Local CQR (Fixed h=0.80),RELU,Bin 3,4,3,90%,0.9002421307506052,0.019105328372473484,1.3741975505588062,,,,,,,,,826.0,,,,,,
california_housing,20640,8,Local CQR (Fixed h=0.80),RELU,Bin 4,2,4,90%,0.9006060606060606,0.02354137868860164,1.5954814323385555,,,,,,,,,825.0,,,,,,
california_housing,20640,8,Local CQR (Fixed h=0.80),RELU,Bin 5,1,5,90%,0.9193704600484262,0.0023723871600805553,1.5979240316473686,,,,,,,,,826.0,,,,,,
california_housing,20640,8,Local CQR (Fixed h=1.00),RELU,Overall,,,90%,0.9014773552918381,0.0060506646527981375,1.5514863105424903,0.04380239159782381,1.7898102290360018,1.4720733553171157,1.4831985106626344,0.8767225768581701,0.008345334079990906,0.9234693667914007,0.0467467899332306,,2.080614275622524,0.07064185338256579,0.5576398927978705,0.21194266901905398,0.00033215939650725905,0.00010189872221244952
california_housing,20640,8,Local CQR (Fixed h=1.00),RELU,Bin 1,0,1,90%,0.8895883777239708,0.011315565564695337,1.800155820684918,,,,,,,,,826.0,,,,,,
california_housing,20640,8,Local CQR (Fixed h=1.00),RELU,Bin 2,3,2,90%,0.8973365617433414,0.012798620132108956,1.389726803263257,,,,,,,,,826.0,,,,,,
california_housing,20640,8,Local CQR (Fixed h=1.00),RELU,Bin 3,4,3,90%,0.9002421307506052,0.01871781897345055,1.3740302367634047,,,,,,,,,826.0,,,,,,
california_housing,20640,8,Local CQR (Fixed h=1.00),RELU,Bin 4,2,4,90%,0.9010909090909092,0.022954900487303403,1.5955137980372618,,,,,,,,,825.0,,,,,,
california_housing,20640,8,Local CQR (Fixed h=1.00),RELU,Bin 5,1,5,90%,0.9191283292978207,0.0030047635946709,1.5980581960065818,,,,,,,,,826.0,,,,,,
california_housing,20640,8,Local CQR (Fixed h=1.20),RELU,Overall,,,90%,0.9010414143860499,0.006219317960577579,1.5508631741581096,0.042815301229110155,1.7890951736808354,1.4776529967784882,1.4818986274887955,0.876479859123927,0.009460647366409785,0.9227423875559468,0.046262528432019945,,2.0818827359532444,0.06995822696460087,0.5572963855445,0.21211059724360462,0.0003369313103329229,0.00011485956486521563
california_housing,20640,8,Local CQR (Fixed h=1.20),RELU,Bin 1,0,1,90%,0.8891041162227603,0.011138014527845045,1.7986236726021794,,,,,,,,,826.0,,,,,,
california_housing,20640,8,Local CQR (Fixed h=1.20),RELU,Bin 2,3,2,90%,0.8966101694915254,0.012431474724448851,1.3893800376691197,,,,,,,,,826.0,,,,,,
california_housing,20640,8,Local CQR (Fixed h=1.20),RELU,Bin 3,2,3,90%,0.8998787878787878,0.02348639291109404,1.5948213488441525,,,,,,,,,825.0,,,,,,
california_housing,20640,8,Local CQR (Fixed h=1.20),RELU,Bin 4,4,4,90%,0.9009685230024214,0.019148241084520633,1.3738172382086806,,,,,,,,,826.0,,,,,,
california_housing,20640,8,Local CQR (Fixed h=1.20),RELU,Bin 5,1,5,90%,0.9186440677966102,0.0030047635946708925,1.5977267915955757,,,,,,,,,826.0,,,,,,
california_housing,20640,8,Local CQR (Fixed h=1.40),RELU,Overall,,,90%,0.9007023492371034,0.006155613963254487,1.5501407602496027,0.04227248625196246,1.7882643335944202,1.479244726896286,1.4805127026889888,0.8764798591239268,0.0088523816861737,0.9222581260547361,0.04577826693080929,,2.08279369173406,0.0695891150811763,0.5570163681653968,0.212253493396491,0.00032572120164689846,0.00011461157941656891
california_housing,20640,8,Local CQR (Fixed h=1.40),RELU,Bin 1,0,1,90%,0.8891041162227602,0.011164302066245533,1.7972799265391892,,,,,,,,,826.0,,,,,,
california_housing,20640,8,Local CQR (Fixed h=1.40),RELU,Bin 2,3,2,90%,0.8963680387409202,0.012072591634206207,1.3889648705035378,,,,,,,,,826.0,,,,,,
california_housing,20640,8,Local CQR (Fixed h=1.40),RELU,Bin 3,2,3,90%,0.8996363636363636,0.023458851691448134,1.5937744371710403,,,,,,,,,825.0,,,,,,
california_housing,20640,8,Local CQR (Fixed h=1.40),RELU,Bin 4,4,4,90%,0.9007263922518159,0.018770990259868583,1.3737540828535189,,,,,,,,,826.0,,,,,,
california_housing,20640,8,Local CQR (Fixed h=1.40),RELU,Bin 5,1,5,90%,0.9176755447941888,0.0032485249067793396,1.5969833094554502,,,,,,,,,826.0,,,,,,
california_housing,20640,8,Local CQR (Fixed h=1.60),RELU,Overall,,,90%,0.9004601598449987,0.006666150280974092,1.5498210664514163,0.041859124205033266,1.7878983682294922,1.479586225748062,1.4793012749793735,0.8767216963827134,0.009540313296449082,0.9220159953041309,0.045294298921417564,,2.0835107753732425,0.06919816592448667,0.5567623733038216,0.2123561568766663,0.0003293445892366489,0.00011817337865438349
california_housing,20640,8,Local CQR (Fixed h=1.60),RELU,Bin 1,0,1,90%,0.8881355932203391,0.011677632495677973,1.7964060139316913,,,,,,,,,826.0,,,,,,
california_housing,20640,8,Local CQR (Fixed h=1.60),RELU,Bin 2,3,2,90%,0.8966101694915254,0.012217409986966457,1.3889254379963398,,,,,,,,,826.0,,,,,,
california_housing,20640,8,Local CQR (Fixed h=1.60),RELU,Bin 3,2,3,90%,0.8989090909090909,0.023957108903913598,1.5931548356829266,,,,,,,,,825.0,,,,,,
california_housing,20640,8,Local CQR (Fixed h=1.60),RELU,Bin 4,4,4,90%,0.901452784503632,0.017999290595686033,1.3740859355125608,,,,,,,,,826.0,,,,,,
california_housing,20640,8,Local CQR (Fixed h=1.60),RELU,Bin 5,1,5,90%,0.917191283292978,0.003475230047071975,1.596585571323916,,,,,,,,,826.0,,,,,,
california_housing,20640,8,Local CQR (Fixed h=1.80),RELU,Overall,,,90%,0.9004601598449987,0.006985810172853437,1.5495835125886115,0.04157988182883881,1.7876264977380025,1.4800338849425316,1.4781354723610527,0.8769638271333186,0.009879280339106282,0.922724191063174,0.045760363929855455,,2.083883740869341,0.06906824583525668,0.5565926876199376,0.21243842503242938,0.0003374447631691518,0.00011664454476834875
california_housing,20640,8,Local CQR (Fixed h=1.80),RELU,Bin 1,0,1,90%,0.8878934624697337,0.011950569180874655,1.795702116176955,,,,,,,,,826.0,,,,,,
california_housing,20640,8,Local CQR (Fixed h=1.80),RELU,Bin 2,3,2,90%,0.8966101694915254,0.01204828600932177,1.388827002378627,,,,,,,,,826.0,,,,,,
california_housing,20640,8,Local CQR (Fixed h=1.80),RELU,Bin 3,2,3,90%,0.8991515151515153,0.02486946638202599,1.592703617075176,,,,,,,,,825.0,,,,,,
california_housing,20640,8,Local CQR (Fixed h=1.80),RELU,Bin 4,4,4,90%,0.9016949152542374,0.01784883050264614,1.3744755663922354,,,,,,,,,826.0,,,,,,
california_housing,20640,8,Local CQR (Fixed h=1.80),RELU,Bin 5,1,5,90%,0.9169491525423729,0.003640023336167759,1.596261464436392,,,,,,,,,826.0,,,,,,
california_housing,20640,8,Local CQR (Fixed h=2.00),RELU,Overall,,,90%,0.9007992249939454,0.007121521317312306,1.549539243411084,0.04138611504964669,1.7875772405704455,1.4804809033870696,1.477085264837131,0.877205957883924,0.010229946267992335,0.9227429745395848,0.04553701665566072,,2.083983868379124,0.06899269090949785,0.55656639322972,0.21244806132020586,0.0003337447014500554,0.00010449981632883308
california_housing,20640,8,Local CQR (Fixed h=2.00),RELU,Bin 1,0,1,90%,0.8883777239709444,0.011896482805363913,1.7952117961838159,,,,,,,,,826.0,,,,,,
california_housing,20640,8,Local CQR (Fixed h=2.00),RELU,Bin 2,3,2,90%,0.8968523002421307,0.012140388510142057,1.3888764643757525,,,,,,,,,826.0,,,,,,
california_housing,20640,8,Local CQR (Fixed h=2.00),RELU,Bin 3,2,3,90%,0.8996363636363636,0.02460815038147784,1.5925480321699923,,,,,,,,,825.0,,,,,,
california_housing,20640,8,Local CQR (Fixed h=2.00),RELU,Bin 4,4,4,90%,0.901452784503632,0.01726784438709487,1.375027941076007,,,,,,,,,826.0,,,,,,
california_housing,20640,8,Local CQR (Fixed h=2.00),RELU,Bin 5,1,5,90%,0.917675544794189,0.004051622404523357,1.5960840520013764,,,,,,,,,826.0,,,,,,
california_housing,20640,8,Local CQR (Fixed h=2.20),RELU,Overall,,,90%,0.9008961007507871,0.006978081203318753,1.549624590425696,0.04123428947564443,1.7876772261074554,1.4805159091949462,1.4762166110511683,0.8774477951427103,0.01097600025545931,0.92298510529019,0.04553731014747964,,2.0840365901945055,0.06893367139058341,0.5566041704064231,0.21243025242588556,0.00033848286102474887,0.00011713920194487662
california_housing,20640,8,Local CQR (Fixed h=2.20),RELU,Bin 1,0,1,90%,0.8883777239709442,0.011896482805363913,1.7949972019438376,,,,,,,,,826.0,,,,,,
california_housing,20640,8,Local CQR (Fixed h=2.20),RELU,Bin 2,3,2,90%,0.8973365617433414,0.01149547454766994,1.38901526313681,,,,,,,,,826.0,,,,,,
california_housing,20640,8,Local CQR (Fixed h=2.20),RELU,Bin 3,2,3,90%,0.8993939393939394,0.025135080428276023,1.5924826056966277,,,,,,,,,825.0,,,,,,
california_housing,20640,8,Local CQR (Fixed h=2.20),RELU,Bin 4,4,4,90%,0.901452784503632,0.017470367077527815,1.3755516852008447,,,,,,,,,826.0,,,,,,
california_housing,20640,8,Local CQR (Fixed h=2.20),RELU,Bin 5,1,5,90%,0.9179176755447942,0.004007977084079131,1.5961280823673953,,,,,,,,,826.0,,,,,,
concrete,1030,8,Global CQR,RELU,Overall,,,90%,0.8873786407766989,0.020199982568708388,2.059525561332703,0.07405034989346247,34.02761653248484,1.9587985038757325,0.5893555045127868,0.8129032258064516,0.04740947889257764,0.935113696456901,0.12221047065044946,,2.525146007537842,0.06960357839621138,0.30581832528114317,0.05321502030707028,0.002781472873398191,0.0017281327119441719
concrete,1030,8,Global CQR,RELU,Bin 1,0,1,90%,0.867741935483871,0.04493028476511002,2.2090901136398315,,,,,,,,,62.0,,,,,,
concrete,1030,8,Global CQR,RELU,Bin 2,3,2,90%,0.8774193548387096,0.06000346850883312,1.8915936470031738,,,,,,,,,62.0,,,,,,
concrete,1030,8,Global CQR,RELU,Bin 3,1,3,90%,0.8838709677419354,0.07169713151900924,1.9450323343276978,,,,,,,,,62.0,,,,,,
concrete,1030,8,Global CQR,RELU,Bin 4,4,4,90%,0.896774193548387,0.01644845004384768,2.3298476457595827,,,,,,,,,62.0,,,,,,
concrete,1030,8,Global CQR,RELU,Bin 5,2,5,90%,0.9114754098360655,0.03040530654260887,1.919810175895691,,,,,,,,,61.0,,,,,,
concrete,1030,8,Local CQR (Silverman),RELU,Overall,,,90%,0.8699029126213592,0.019025163050743147,2.0447688033393634,0.08368873737266996,33.776409060748236,1.9068291991949082,0.6208451604617029,0.7903225806451614,0.0353369391938817,0.922316234796404,0.1319936541512427,,2.620620325315535,0.0886412053779876,0.249515256807502,0.051018266559165665,0.003912301891477933,0.0022367965887614923
concrete,1030,8,Local CQR (Silverman),RELU,Bin 1,0,1,90%,0.8483870967741935,0.05359112169624563,2.2056561317605174,,,,,,,,,62.0,,,,,,
concrete,1030,8,Local CQR (Silverman),RELU,Bin 2,3,2,90%,0.867741935483871,0.06642342026443228,1.8752657888036584,,,,,,,,,62.0,,,,,,
concrete,1030,8,Local CQR (Silverman),RELU,Bin 3,4,3,90%,0.8741935483870968,0.0158031596308592,2.2350183215849815,,,,,,,,,62.0,,,,,,
concrete,1030,8,Local CQR (Silverman),RELU,Bin 4,1,4,90%,0.8741935483870968,0.06720215050322469,1.9751802939440934,,,,,,,,,62.0,,,,,,
concrete,1030,8,Local CQR (Silverman),RELU,Bin 5,2,5,90%,0.8852459016393442,0.04751271064324406,1.9308866720341267,,,,,,,,,61.0,,,,,,
concrete,1030,8,Local CQR (Scott),RELU,Overall,,,90%,0.8686084142394822,0.01657766792862874,2.043437050366668,0.08007417541970242,33.75497511079128,1.907768303155899,0.6225578716085561,0.7870967741935484,0.032896900087695406,0.922316234796404,0.1352194606028556,,2.624741081793906,0.0896156250017066,0.2475727914066339,0.04794133666486588,0.004070470465879598,0.0020593501522004776
concrete,1030,8,Local CQR (Scott),RELU,Bin 1,0,1,90%,0.8483870967741935,0.05059479723018747,2.1986873133959133,,,,,,,,,62.0,,,,,,
concrete,1030,8,Local CQR (Scott),RELU,Bin 2,3,2,90%,0.864516129032258,0.07111421833886647,1.8802627442464714,,,,,,,,,62.0,,,,,,
concrete,1030,8,Local CQR (Scott),RELU,Bin 3,4,3,90%,0.8709677419354838,0.017668469596940826,2.2358868373994856,,,,,,,,,62.0,,,,,,
concrete,1030,8,Local CQR (Scott),RELU,Bin 4,1,4,90%,0.8741935483870968,0.06720215050322469,1.9715735524772633,,,,,,,,,62.0,,,,,,
concrete,1030,8,Local CQR (Scott),RELU,Bin 5,2,5,90%,0.8852459016393442,0.04751271064324406,1.9289278822477722,,,,,,,,,61.0,,,,,,
concrete,1030,8,Local CQR (ISJ),RELU,Overall,,,90%,0.8686084142394822,0.01657766792862874,2.043437050366668,0.08007417541970242,33.75497511079128,1.907768303155899,0.6225578716085561,0.7870967741935484,0.032896900087695406,0.922316234796404,0.1352194606028556,,2.624741081793906,0.0896156250017066,0.2475727914066339,0.04794133666486588,0.004070470465879598,0.0020593501522004776
concrete,1030,8,Local CQR (ISJ),RELU,Bin 1,0,1,90%,0.8483870967741935,0.05059479723018747,2.1986873133959133,,,,,,,,,62.0,,,,,,
concrete,1030,8,Local CQR (ISJ),RELU,Bin 2,3,2,90%,0.864516129032258,0.07111421833886647,1.8802627442464714,,,,,,,,,62.0,,,,,,
concrete,1030,8,Local CQR (ISJ),RELU,Bin 3,4,3,90%,0.8709677419354838,0.017668469596940826,2.2358868373994856,,,,,,,,,62.0,,,,,,
concrete,1030,8,Local CQR (ISJ),RELU,Bin 4,1,4,90%,0.8741935483870968,0.06720215050322469,1.9715735524772633,,,,,,,,,62.0,,,,,,
concrete,1030,8,Local CQR (ISJ),RELU,Bin 5,2,5,90%,0.8852459016393442,0.04751271064324406,1.9289278822477722,,,,,,,,,61.0,,,,,,
concrete,1030,8,Local CQR (Fixed h=0.60),RELU,Overall,,,90%,0.8802588996763754,0.01637425325653529,2.057006687142895,0.07341204847449681,33.98357954965587,1.913884511590004,0.6068910495651392,0.8,0.034742998755706495,0.938339502908514,0.13833950290851402,,2.521930086694682,0.06845096588821219,0.3106808609311423,0.05124161902052508,0.00325676945066125,0.0014797573937184677
concrete,1030,8,Local CQR (Fixed h=0.60),RELU,Bin 1,0,1,90%,0.870967741935484,0.05948093198253477,2.24908780497649,,,,,,,,,62.0,,,,,,
concrete,1030,8,Local CQR (Fixed h=0.60),RELU,Bin 2,3,2,90%,0.870967741935484,0.06451612903225806,1.869077457066986,,,,,,,,,62.0,,,,,,
concrete,1030,8,Local CQR (Fixed h=0.60),RELU,Bin 3,1,3,90%,0.8774193548387096,0.06086439440036517,1.959474898718538,,,,,,,,,62.0,,,,,,
concrete,1030,8,Local CQR (Fixed h=0.60),RELU,Bin 4,4,4,90%,0.8806451612903226,0.021878483816533106,2.2776771020745077,,,,,,,,,62.0,,,,,,
concrete,1030,8,Local CQR (Fixed h=0.60),RELU,Bin 5,2,5,90%,0.9016393442622951,0.042748868230837025,1.9276294431359067,,,,,,,,,61.0,,,,,,
concrete,1030,8,Local CQR (Fixed h=0.80),RELU,Overall,,,90%,0.884789644012945,0.014984902139534271,2.0548898532890196,0.06753521798106175,33.94872532301942,1.912517973780632,0.6077288272834664,0.8096774193548388,0.034442187909778446,0.938339502908514,0.1286620835536753,,2.5215252579560556,0.07265192341271465,0.30996818236733314,0.054171802653799214,0.0028293223404246403,0.0012217942860472848
concrete,1030,8,Local CQR (Fixed h=0.80),RELU,Bin 1,0,1,90%,0.867741935483871,0.057161435956997915,2.2471100739293517,,,,,,,,,62.0,,,,,,
concrete,1030,8,Local CQR (Fixed h=0.80),RELU,Bin 2,3,2,90%,0.870967741935484,0.05948093198253477,1.8621817232259819,,,,,,,,,62.0,,,,,,
concrete,1030,8,Local CQR (Fixed h=0.80),RELU,Bin 3,4,3,90%,0.8870967741935484,0.02040179135592501,2.2913269671461274,,,,,,,,,62.0,,,,,,
concrete,1030,8,Local CQR (Fixed h=0.80),RELU,Bin 4,1,4,90%,0.8870967741935484,0.05770498006451069,1.9523537363136008,,,,,,,,,62.0,,,,,,
concrete,1030,8,Local CQR (Fixed h=0.80),RELU,Bin 5,2,5,90%,0.9114754098360656,0.035312556112357424,1.9192896660356247,,,,,,,,,61.0,,,,,,
concrete,1030,8,Local CQR (Fixed h=1.00),RELU,Overall,,,90%,0.8867313915857606,0.015316711412555646,2.059349276443708,0.0639167708719342,34.023528987774014,1.9185463964939118,0.6123028337722743,0.8096774193548388,0.034442187909778446,0.941565309360127,0.13188789000528822,,2.5214052090897523,0.07033432220126554,0.30878813884906264,0.05129560653750257,0.002828359221126207,0.001185935490277966
concrete,1030,8,Local CQR (Fixed h=1.00),RELU,Bin 1,0,1,90%,0.870967741935484,0.06204962600539144,2.2485870843813305,,,,,,,,,62.0,,,,,,
concrete,1030,8,Local CQR (Fixed h=1.00),RELU,Bin 2,3,2,90%,0.870967741935484,0.05948093198253477,1.8634854572074069,,,,,,,,,62.0,,,,,,
concrete,1030,8,Local CQR (Fixed h=1.00),RELU,Bin 3,1,3,90%,0.8870967741935484,0.05770498006451069,1.9533022834288498,,,,,,,,,62.0,,,,,,
concrete,1030,8,Local CQR (Fixed h=1.00),RELU,Bin 4,4,4,90%,0.8903225806451612,0.0158031596308592,2.3082424750010815,,,,,,,,,62.0,,,,,,
concrete,1030,8,Local CQR (Fixed h=1.00),RELU,Bin 5,2,5,90%,0.9147540983606557,0.03178806463879561,1.9208959642614498,,,,,,,,,61.0,,,,,,
concrete,1030,8,Local CQR (Fixed h=1.20),RELU,Overall,,,90%,0.8873786407766989,0.015096315585360011,2.0635852614508092,0.059086419372289194,34.095555297945864,1.9160358548164367,0.6210418995341059,0.8064516129032258,0.03677985242255285,0.9447911158117399,0.13833950290851402,,2.5155964206771553,0.07156434559330727,0.3158236240569675,0.053868246781605754,0.00300942061550706,0.0012903988706317404
concrete,1030,8,Local CQR (Fixed h=1.20),RELU,Bin 1,3,1,90%,0.867741935483871,0.06403042981057809,1.8643145404155212,,,,,,,,,62.0,,,,,,
concrete,1030,8,Local CQR (Fixed h=1.20),RELU,Bin 2,0,2,90%,0.870967741935484,0.06204962600539144,2.245116548468509,,,,,,,,,62.0,,,,,,
concrete,1030,8,Local CQR (Fixed h=1.20),RELU,Bin 3,1,3,90%,0.8903225806451612,0.0589537641370873,1.952895619588033,,,,,,,,,62.0,,,,,,
concrete,1030,8,Local CQR (Fixed h=1.20),RELU,Bin 4,4,4,90%,0.8935483870967742,0.019354838709677403,2.332669977242908,,,,,,,,,62.0,,,,,,
concrete,1030,8,Local CQR (Fixed h=1.20),RELU,Bin 5,2,5,90%,0.9147540983606557,0.03178806463879561,1.920623791376587,,,,,,,,,61.0,,,,,,
concrete,1030,8,Local CQR (Fixed h=1.40),RELU,Overall,,,90%,0.888673139158576,0.015668243931275347,2.0663354835126393,0.058566007986473725,34.141656430498664,1.924774894118309,0.6206150365845964,0.8096774193548386,0.03592106040535499,0.941565309360127,0.13188789000528822,,2.516402850013142,0.07108419967964781,0.31473852189587725,0.05523938375049179,0.00283044038657886,0.0013162254343637634
concrete,1030,8,Local CQR (Fixed h=1.40),RELU,Bin 1,0,1,90%,0.867741935483871,0.05339659792660275,2.2434659936134853,,,,,,,,,62.0,,,,,,
concrete,1030,8,Local CQR (Fixed h=1.40),RELU,Bin 2,3,2,90%,0.8741935483870968,0.06563545144959937,1.8703828246963603,,,,,,,,,62.0,,,,,,
concrete,1030,8,Local CQR (Fixed h=1.40),RELU,Bin 3,1,3,90%,0.8903225806451612,0.0589537641370873,1.9531263584932013,,,,,,,,,62.0,,,,,,
concrete,1030,8,Local CQR (Fixed h=1.40),RELU,Bin 4,4,4,90%,0.896774193548387,0.021878483816533102,2.3383830256279436,,,,,,,,,62.0,,,,,,
concrete,1030,8,Local CQR (Fixed h=1.40),RELU,Bin 5,2,5,90%,0.9147540983606557,0.03178806463879561,1.9240238664702314,,,,,,,,,61.0,,,,,,
concrete,1030,8,Local CQR (Fixed h=1.60),RELU,Overall,,,90%,0.889967637540453,0.0179604361495296,2.068736260922017,0.05929384238842508,34.18202852448404,1.940686321258545,0.6197108039223602,0.8161290322580645,0.042795158585230975,0.938551031200423,0.1224219989423585,,2.515867613246333,0.07190188682252015,0.31077249330107565,0.05033706522032585,0.002734706775756799,0.001503162972953949
concrete,1030,8,Local CQR (Fixed h=1.60),RELU,Bin 1,0,1,90%,0.864516129032258,0.042795158585230926,2.2400105089790396,,,,,,,,,62.0,,,,,,
concrete,1030,8,Local CQR (Fixed h=1.60),RELU,Bin 2,3,2,90%,0.8806451612903226,0.06337704098189839,1.8756764650465019,,,,,,,,,62.0,,,,,,
concrete,1030,8,Local CQR (Fixed h=1.60),RELU,Bin 3,1,3,90%,0.8870967741935484,0.06531760235908575,1.954456188926293,,,,,,,,,62.0,,,,,,
concrete,1030,8,Local CQR (Fixed h=1.60),RELU,Bin 4,4,4,90%,0.9032258064516128,0.022809896167307966,2.3469543654832146,,,,,,,,,62.0,,,,,,
concrete,1030,8,Local CQR (Fixed h=1.60),RELU,Bin 5,2,5,90%,0.9147540983606557,0.03178806463879561,1.9242534075726252,,,,,,,,,61.0,,,,,,
concrete,1030,8,Local CQR (Fixed h=1.80),RELU,Overall,,,90%,0.89126213592233,0.0193742777308683,2.0710091146691716,0.05991280409226023,34.22015276258642,1.9475856751203537,0.6176352362258345,0.8193548387096774,0.04375696763306625,0.938551031200423,0.1191961924907456,,2.518822517349689,0.07060044088128004,0.3092190797342997,0.05190432434790757,0.002638973164934739,0.0015770182204005215
concrete,1030,8,Local CQR (Fixed h=1.80),RELU,Bin 1,0,1,90%,0.867741935483871,0.04003120530964789,2.238939432451321,,,,,,,,,62.0,,,,,,
concrete,1030,8,Local CQR (Fixed h=1.80),RELU,Bin 2,3,2,90%,0.8806451612903226,0.06337704098189839,1.8821567189429078,,,,,,,,,62.0,,,,,,
concrete,1030,8,Local CQR (Fixed h=1.80),RELU,Bin 3,1,3,90%,0.8870967741935484,0.06531760235908575,1.9572828017295367,,,,,,,,,62.0,,,,,,
concrete,1030,8,Local CQR (Fixed h=1.80),RELU,Bin 4,4,4,90%,0.9064516129032258,0.021397579292615463,2.3474914627450127,,,,,,,,,62.0,,,,,,
concrete,1030,8,Local CQR (Fixed h=1.80),RELU,Bin 5,2,5,90%,0.9147540983606557,0.03178806463879561,1.9268500106378657,,,,,,,,,61.0,,,,,,
concrete,1030,8,Local CQR (Fixed h=2.00),RELU,Overall,,,90%,0.8893203883495145,0.017535556225429214,2.0723675633277323,0.06232464715197017,34.24244841965044,1.955558145046234,0.614697409741176,0.8161290322580645,0.042795158585230975,0.938339502908514,0.12221047065044947,,2.518650818522115,0.0697593135173748,0.30846676898138076,0.05163551117002809,0.00269932696306169,0.001527465102246047
concrete,1030,8,Local CQR (Fixed h=2.00),RELU,Bin 1,0,1,90%,0.864516129032258,0.042795158585230926,2.237971907217176,,,,,,,,,62.0,,,,,,
concrete,1030,8,Local CQR (Fixed h=2.00),RELU,Bin 2,3,2,90%,0.8806451612903226,0.06337704098189839,1.8850024013870186,,,,,,,,,62.0,,,,,,
concrete,1030,8,Local CQR (Fixed h=2.00),RELU,Bin 3,1,3,90%,0.8870967741935484,0.06531760235908575,1.9587129480776286,,,,,,,,,62.0,,,,,,
concrete,1030,8,Local CQR (Fixed h=2.00),RELU,Bin 4,4,4,90%,0.9,0.01880952224143644,2.3493781212597122,,,,,,,,,62.0,,,,,,
concrete,1030,8,Local CQR (Fixed h=2.00),RELU,Bin 5,2,5,90%,0.9147540983606557,0.03178806463879561,1.9284512071458042,,,,,,,,,61.0,,,,,,
concrete,1030,8,Local CQR (Fixed h=2.20),RELU,Overall,,,90%,0.8893203883495147,0.016678444953689496,2.072136795467736,0.06437031101301345,34.23818140852862,1.9558723449707032,0.6114234118590849,0.8161290322580645,0.03620958761394138,0.938339502908514,0.12221047065044947,,2.52131235929851,0.06890629086469326,0.30709403145971625,0.052473991810961844,0.002595268690429016,0.0014993464315382547
concrete,1030,8,Local CQR (Fixed h=2.20),RELU,Bin 1,0,1,90%,0.864516129032258,0.042795158585230926,2.236475704790604,,,,,,,,,62.0,,,,,,
concrete,1030,8,Local CQR (Fixed h=2.20),RELU,Bin 2,3,2,90%,0.8838709677419356,0.05895376413708731,1.8874118292644138,,,,,,,,,62.0,,,,,,
concrete,1030,8,Local CQR (Fixed h=2.20),RELU,Bin 3,1,3,90%,0.8870967741935484,0.06531760235908575,1.9569549427277617,,,,,,,,,62.0,,,,,,
concrete,1030,8,Local CQR (Fixed h=2.20),RELU,Bin 4,4,4,90%,0.896774193548387,0.021878483816533102,2.3482290348458674,,,,,,,,,62.0,,,,,,
concrete,1030,8,Local CQR (Fixed h=2.20),RELU,Bin 5,2,5,90%,0.9147540983606557,0.03178806463879561,1.9293087881730226,,,,,,,,,61.0,,,,,,
energy,768,8,Global CQR,RELU,Overall,,,90%,0.9056277056277056,0.0253015397336839,0.8801308751106263,0.045211408484503716,8.885837530666038,0.902455997467041,0.4826500713825226,0.826086956521739,0.04762804847871007,0.9740980573543017,0.14801110083256244,,1.0141901135444642,0.0857094347644451,0.6539340019226074,0.06607789241561535,0.004149869797126551,0.0019385726190137252
energy,768,8,Global CQR,RELU,Bin 1,2,1,90%,0.8391304347826086,0.04259982161362046,0.8709332585334778,,,,,,,,,46.0,,,,,,
energy,768,8,Global CQR,RELU,Bin 2,1,2,90%,0.8826086956521738,0.03532190610711288,1.1305634558200837,,,,,,,,,46.0,,,,,,
energy,768,8,Global CQR,RELU,Bin 3,3,3,90%,0.9130434782608695,0.06874516652539954,0.5757197678089142,,,,,,,,,46.0,,,,,,
energy,768,8,Global CQR,RELU,Bin 4,0,4,90%,0.9434782608695652,0.05253498249388945,1.1183321952819825,,,,,,,,,46.0,,,,,,
energy,768,8,Global CQR,RELU,Bin 5,4,5,90%,0.948936170212766,0.04169344243035194,0.7088298439979553,,,,,,,,,47.0,,,,,,
energy,768,8,Local CQR (Silverman),RELU,Overall,,,90%,0.9021645021645022,0.02648841305762486,0.876982630269997,0.08111550451720059,8.849540072555405,0.7805519521236419,0.5077475754225094,0.8304347826086957,0.04215373789057675,0.9827937095282145,0.15235892691951897,,0.9965704854335877,0.0818863484038415,0.6273128034318193,0.052600720973190164,0.003979497861044481,0.002154163481270774
energy,768,8,Local CQR (Silverman),RELU,Bin 1,2,1,90%,0.8391304347826087,0.02948839123097941,0.8152732087542182,,,,,,,,,46.0,,,,,,
energy,768,8,Local CQR (Silverman),RELU,Bin 2,3,2,90%,0.8869565217391303,0.06650895017729717,0.542087647124477,,,,,,,,,46.0,,,,,,
energy,768,8,Local CQR (Silverman),RELU,Bin 3,1,3,90%,0.9,0.04476360930863915,1.1829724098353283,,,,,,,,,46.0,,,,,,
energy,768,8,Local CQR (Silverman),RELU,Bin 4,4,4,90%,0.9361702127659575,0.04463016375192133,0.6815110248137027,,,,,,,,,47.0,,,,,,
energy,768,8,Local CQR (Silverman),RELU,Bin 5,0,5,90%,0.9478260869565217,0.05601782055097881,1.16731824354957,,,,,,,,,46.0,,,,,,
energy,768,8,Local CQR (Scott),RELU,Overall,,,90%,0.9012987012987013,0.02729676670205099,0.8744621074464156,0.07989315405480879,8.82427954978795,0.7692284941673279,0.5063038274317295,0.8347826086956524,0.0447636093086391,0.9827937095282145,0.14801110083256244,,0.9958896385546113,0.08250937442261465,0.6271198363901036,0.05598445325455945,0.004051331509437675,0.002585317181404413
energy,768,8,Local CQR (Scott),RELU,Bin 1,2,1,90%,0.8391304347826087,0.0379034690742667,0.8110688558415227,,,,,,,,,46.0,,,,,,
energy,768,8,Local CQR (Scott),RELU,Bin 2,3,2,90%,0.8869565217391303,0.06650895017729717,0.54194710481426,,,,,,,,,46.0,,,,,,
energy,768,8,Local CQR (Scott),RELU,Bin 3,1,3,90%,0.8956521739130434,0.04215373789057679,1.1776743963036849,,,,,,,,,46.0,,,,,,
energy,768,8,Local CQR (Scott),RELU,Bin 4,4,4,90%,0.9361702127659575,0.04463016375192133,0.6806661609322466,,,,,,,,,47.0,,,,,,
energy,768,8,Local CQR (Scott),RELU,Bin 5,0,5,90%,0.9478260869565217,0.05601782055097881,1.1651669746993676,,,,,,,,,46.0,,,,,,
energy,768,8,Local CQR (ISJ),RELU,Overall,,,90%,0.9012987012987013,0.02729676670205099,0.8744621074464156,0.07989315405480879,8.82427954978795,0.7692284941673279,0.5063038274317295,0.8347826086956524,0.0447636093086391,0.9827937095282145,0.14801110083256244,,0.9958896385546113,0.08250937442261465,0.6271198363901036,0.05598445325455945,0.004051331509437675,0.002585317181404413
energy,768,8,Local CQR (ISJ),RELU,Bin 1,2,1,90%,0.8391304347826087,0.0379034690742667,0.8110688558415227,,,,,,,,,46.0,,,,,,
energy,768,8,Local CQR (ISJ),RELU,Bin 2,3,2,90%,0.8869565217391303,0.06650895017729717,0.54194710481426,,,,,,,,,46.0,,,,,,
energy,768,8,Local CQR (ISJ),RELU,Bin 3,1,3,90%,0.8956521739130434,0.04215373789057679,1.1776743963036849,,,,,,,,,46.0,,,,,,
energy,768,8,Local CQR (ISJ),RELU,Bin 4,4,4,90%,0.9361702127659575,0.04463016375192133,0.6806661609322466,,,,,,,,,47.0,,,,,,
energy,768,8,Local CQR (ISJ),RELU,Bin 5,0,5,90%,0.9478260869565217,0.05601782055097881,1.1651669746993676,,,,,,,,,46.0,,,,,,
energy,768,8,Local CQR (Fixed h=0.60),RELU,Overall,,,90%,0.922943722943723,0.022972292920210552,0.8929881810787178,0.0761441976738193,9.01116244450743,0.8483846947550774,0.5113936401212653,0.8608695652173914,0.0488042267840079,0.978445883441258,0.1175763182238668,,1.0007015625280995,0.08647535444688291,0.6455775922435579,0.06013211865422084,0.0035396218083608806,0.0015211966846864506
energy,768,8,Local CQR (Fixed h=0.60),RELU,Bin 1,2,1,90%,0.8782608695652174,0.02948839123097941,0.8410993827749854,,,,,,,,,46.0,,,,,,
energy,768,8,Local CQR (Fixed h=0.60),RELU,Bin 2,3,2,90%,0.9043478260869564,0.06240304388872749,0.5519168374978978,,,,,,,,,46.0,,,,,,
energy,768,8,Local CQR (Fixed h=0.60),RELU,Bin 3,1,3,90%,0.9217391304347826,0.05253498249388945,1.1944736414953419,,,,,,,,,46.0,,,,,,
energy,768,8,Local CQR (Fixed h=0.60),RELU,Bin 4,4,4,90%,0.9404255319148935,0.04738522861982997,0.6915805896228933,,,,,,,,,47.0,,,,,,
energy,768,8,Local CQR (Fixed h=0.60),RELU,Bin 5,0,5,90%,0.9695652173913045,0.022169650059099048,1.1902488799036843,,,,,,,,,46.0,,,,,,
energy,768,8,Local CQR (Fixed h=0.80),RELU,Overall,,,90%,0.9238095238095239,0.023328473740792173,0.9018715719478729,0.06590400996628888,9.101647403135601,0.9288344398140908,0.5142389674309512,0.8608695652173914,0.0488042267840079,0.9827937095282145,0.12192414431082332,,1.0058240729331713,0.08574207970308971,0.6473395223396583,0.06511173025967085,0.003730288791085788,0.0013951526574396602
energy,768,8,Local CQR (Fixed h=0.80),RELU,Bin 1,2,1,90%,0.8782608695652174,0.02948839123097941,0.864087235312099,,,,,,,,,46.0,,,,,,
energy,768,8,Local CQR (Fixed h=0.80),RELU,Bin 2,3,2,90%,0.9043478260869564,0.06240304388872749,0.5562847789862881,,,,,,,,,46.0,,,,,,
energy,768,8,Local CQR (Fixed h=0.80),RELU,Bin 3,1,3,90%,0.9260869565217392,0.05253498249388945,1.1998261135557422,,,,,,,,,46.0,,,,,,
energy,768,8,Local CQR (Fixed h=0.80),RELU,Bin 4,4,4,90%,0.9319148936170212,0.04738522861982995,0.6960932013519268,,,,,,,,,47.0,,,,,,
energy,768,8,Local CQR (Fixed h=0.80),RELU,Bin 5,0,5,90%,0.9782608695652174,0.023814024239355035,1.1975399733723506,,,,,,,,,46.0,,,,,,
energy,768,8,Local CQR (Fixed h=1.00),RELU,Overall,,,90%,0.9186147186147187,0.026881687785731637,0.9040370522220156,0.060712851599610186,9.12447818206758,0.9321190312504768,0.5145508110432193,0.8521739130434781,0.04642207935665785,0.978445883441258,0.12627197039777985,,1.005510448180623,0.0817304765771435,0.6516326081694673,0.06382400732313526,0.0036301194374962023,0.0012392778603770745
energy,768,8,Local CQR (Fixed h=1.00),RELU,Bin 1,2,1,90%,0.8652173913043477,0.031949866210215346,0.8777579143319441,,,,,,,,,46.0,,,,,,
energy,768,8,Local CQR (Fixed h=1.00),RELU,Bin 2,3,2,90%,0.9043478260869564,0.06240304388872749,0.5599296058649601,,,,,,,,,46.0,,,,,,
energy,768,8,Local CQR (Fixed h=1.00),RELU,Bin 3,4,3,90%,0.9276595744680851,0.04776583898009285,0.6949691609816349,,,,,,,,,47.0,,,,,,
energy,768,8,Local CQR (Fixed h=1.00),RELU,Bin 4,1,4,90%,0.9304347826086957,0.05567934119506825,1.1992609281902729,,,,,,,,,46.0,,,,,,
energy,768,8,Local CQR (Fixed h=1.00),RELU,Bin 5,0,5,90%,0.9652173913043478,0.02608695652173911,1.1928126058986652,,,,,,,,,46.0,,,,,,
energy,768,8,Local CQR (Fixed h=1.20),RELU,Overall,,,90%,0.9194805194805195,0.027597190390492157,0.9044477490732422,0.05806299295793051,9.12914311523142,0.9680960372090339,0.5151102339121169,0.8521739130434781,0.04642207935665785,0.978445883441258,0.12627197039777985,,1.009463712776249,0.08278166273427737,0.6541366821646118,0.06412189869720775,0.0036717073391975253,0.001205783127752412
energy,768,8,Local CQR (Fixed h=1.20),RELU,Bin 1,2,1,90%,0.8695652173913043,0.03888813873912679,0.8867163841167223,,,,,,,,,46.0,,,,,,
energy,768,8,Local CQR (Fixed h=1.20),RELU,Bin 2,3,2,90%,0.9043478260869564,0.06240304388872749,0.5592584107881007,,,,,,,,,46.0,,,,,,
energy,768,8,Local CQR (Fixed h=1.20),RELU,Bin 3,4,3,90%,0.9276595744680851,0.04776583898009285,0.6931410710545297,,,,,,,,,47.0,,,,,,
energy,768,8,Local CQR (Fixed h=1.20),RELU,Bin 4,1,4,90%,0.9304347826086957,0.05567934119506825,1.1948196864646417,,,,,,,,,46.0,,,,,,
energy,768,8,Local CQR (Fixed h=1.20),RELU,Bin 5,0,5,90%,0.9652173913043478,0.02608695652173911,1.1928968163774067,,,,,,,,,46.0,,,,,,
energy,768,8,Local CQR (Fixed h=1.40),RELU,Overall,,,90%,0.9194805194805195,0.027461041605460965,0.9030706196539586,0.05607620443943766,9.115688745423807,0.9521069899201393,0.5144174640911614,0.8521739130434781,0.04642207935665785,0.978445883441258,0.12627197039777985,,1.0130572193015963,0.0836367719230142,0.6558045632156018,0.06532349905039016,0.00359796364930885,0.001330894024543478
energy,768,8,Local CQR (Fixed h=1.40),RELU,Bin 1,2,1,90%,0.8695652173913043,0.03888813873912679,0.8896279847168405,,,,,,,,,46.0,,,,,,
energy,768,8,Local CQR (Fixed h=1.40),RELU,Bin 2,3,2,90%,0.9043478260869564,0.06240304388872749,0.5588173229409301,,,,,,,,,46.0,,,,,,
energy,768,8,Local CQR (Fixed h=1.40),RELU,Bin 3,1,3,90%,0.9260869565217392,0.05253498249388945,1.187469326834316,,,,,,,,,46.0,,,,,,
energy,768,8,Local CQR (Fixed h=1.40),RELU,Bin 4,4,4,90%,0.9319148936170212,0.04738522861982995,0.6932993475109972,,,,,,,,,47.0,,,,,,
energy,768,8,Local CQR (Fixed h=1.40),RELU,Bin 5,0,5,90%,0.9652173913043478,0.02608695652173911,1.1906993613132963,,,,,,,,,46.0,,,,,,
energy,768,8,Local CQR (Fixed h=1.60),RELU,Overall,,,90%,0.9177489177489179,0.027921238955146494,0.9006857696420703,0.058618178118128104,9.091290573864114,0.9349496021866799,0.5124762052005831,0.8521739130434781,0.044339300118198095,0.978445883441258,0.12627197039777985,,1.0165029629871445,0.08543824168926989,0.6558373227801969,0.0657312746207255,0.0035528740048658136,0.0013707561688620616
energy,768,8,Local CQR (Fixed h=1.60),RELU,Bin 1,2,1,90%,0.8739130434782609,0.037401414204533176,0.8904403935631982,,,,,,,,,46.0,,,,,,
energy,768,8,Local CQR (Fixed h=1.60),RELU,Bin 2,3,2,90%,0.9043478260869564,0.06240304388872749,0.5592268948321758,,,,,,,,,46.0,,,,,,
energy,768,8,Local CQR (Fixed h=1.60),RELU,Bin 3,1,3,90%,0.9130434782608695,0.05668871656697957,1.179146088368219,,,,,,,,,46.0,,,,,,
energy,768,8,Local CQR (Fixed h=1.60),RELU,Bin 4,4,4,90%,0.9361702127659575,0.04851810319570799,0.6947497777165251,,,,,,,,,47.0,,,,,,
energy,768,8,Local CQR (Fixed h=1.60),RELU,Bin 5,0,5,90%,0.9608695652173914,0.03194986621021538,1.1843425631199194,,,,,,,,,46.0,,,,,,
energy,768,8,Local CQR (Fixed h=1.80),RELU,Overall,,,90%,0.9134199134199135,0.02611792749610106,0.8970098770380794,0.06006307863328118,9.05398151138736,0.9210766464471817,0.5085093926582023,0.8347826086956521,0.0447636093086391,0.978445883441258,0.14366327474560592,,1.0170420192891645,0.08528668080351341,0.6561952908614063,0.06611391372832617,0.003987656613561465,0.001419324762700671
energy,768,8,Local CQR (Fixed h=1.80),RELU,Bin 1,2,1,90%,0.8521739130434781,0.04433930011819814,0.8890203025353991,,,,,,,,,46.0,,,,,,
energy,768,8,Local CQR (Fixed h=1.80),RELU,Bin 2,3,2,90%,0.9043478260869564,0.06240304388872749,0.5607122307886249,,,,,,,,,46.0,,,,,,
energy,768,8,Local CQR (Fixed h=1.80),RELU,Bin 3,1,3,90%,0.9130434782608695,0.05668871656697957,1.1696328690680473,,,,,,,,,46.0,,,,,,
energy,768,8,Local CQR (Fixed h=1.80),RELU,Bin 4,4,4,90%,0.9361702127659575,0.04851810319570799,0.6969229477200102,,,,,,,,,47.0,,,,,,
energy,768,8,Local CQR (Fixed h=1.80),RELU,Bin 5,0,5,90%,0.9608695652173914,0.03194986621021538,1.1731107509330563,,,,,,,,,46.0,,,,,,
energy,768,8,Local CQR (Fixed h=2.00),RELU,Overall,,,90%,0.9142857142857143,0.02715911193308766,0.8934300657281111,0.056193019688912806,9.018308235728904,0.9106073752045631,0.5037883564109406,0.8304347826086957,0.04642207935665785,0.9740980573543017,0.14366327474560592,,1.0188329087513865,0.08700664149701431,0.654972131647867,0.06598652193687626,0.004075568156048336,0.001492271477688713
energy,768,8,Local CQR (Fixed h=2.00),RELU,Bin 1,2,1,90%,0.8478260869565217,0.047628048478710105,0.8858088053115036,,,,,,,,,46.0,,,,,,
energy,768,8,Local CQR (Fixed h=2.00),RELU,Bin 2,3,2,90%,0.9086956521739131,0.06507230237867724,0.56354169515164,,,,,,,,,46.0,,,,,,
energy,768,8,Local CQR (Fixed h=2.00),RELU,Bin 3,1,3,90%,0.9130434782608695,0.05668871656697957,1.1620968755172645,,,,,,,,,46.0,,,,,,
energy,768,8,Local CQR (Fixed h=2.00),RELU,Bin 4,4,4,90%,0.9446808510638298,0.03946220636381148,0.6995831174736328,,,,,,,,,47.0,,,,,,
energy,768,8,Local CQR (Fixed h=2.00),RELU,Bin 5,0,5,90%,0.9565217391304348,0.030743773095067296,1.1603338992790035,,,,,,,,,46.0,,,,,,
energy,768,8,Local CQR (Fixed h=2.20),RELU,Overall,,,90%,0.9142857142857143,0.02797488211498445,0.8921816476818287,0.05484080395463311,9.005940117938849,0.9078776732087135,0.5011255128776508,0.826086956521739,0.0495728445695277,0.9740980573543017,0.14801110083256244,,1.0194593302937816,0.08756220289622799,0.6542773429734716,0.06683827058964158,0.004376712897315586,0.0020846393406300998
energy,768,8,Local CQR (Fixed h=2.20),RELU,Bin 1,2,1,90%,0.8478260869565217,0.04560038470305008,0.8841192817234476,,,,,,,,,46.0,,,,,,
energy,768,8,Local CQR (Fixed h=2.20),RELU,Bin 2,3,2,90%,0.9043478260869564,0.073528410979512,0.5660237113418787,,,,,,,,,46.0,,,,,,
energy,768,8,Local CQR (Fixed h=2.20),RELU,Bin 3,1,3,90%,0.9130434782608695,0.05668871656697957,1.160531345787256,,,,,,,,,46.0,,,,,,
energy,768,8,Local CQR (Fixed h=2.20),RELU,Bin 4,4,4,90%,0.948936170212766,0.04169344243035194,0.7021682549981361,,,,,,,,,47.0,,,,,,
energy,768,8,Local CQR (Fixed h=2.20),RELU,Bin 5,0,5,90%,0.9565217391304348,0.030743773095067296,1.152196370486332,,,,,,,,,46.0,,,,,,
bio,45730,9,Global CQR,RELU,Overall,,,90%,0.9003389089318903,0.006014132674350899,2.3115891933441164,0.03227939066183337,14.158400791537137,2.3965246200561525,0.48560712337493894,0.8638773016399417,0.014604152138383222,0.9276424454821679,0.06376514384222616,,2.658523988723755,0.016292339206813774,0.38442068696022036,0.026736776285835248,0.0006087989725990453,0.00034783493128462027
bio,45730,9,Global CQR,RELU,Bin 1,1,1,90%,0.8735921268452707,0.012930996609377339,2.3951199531555174,,,,,,,,,1829.0,,,,,,
bio,45730,9,Global CQR,RELU,Bin 2,4,2,90%,0.8866666666666667,0.02702482758687852,2.1585230350494387,,,,,,,,,1830.0,,,,,,
bio,45730,9,Global CQR,RELU,Bin 3,3,3,90%,0.9072717331875342,0.008853923446690936,2.3748828887939455,,,,,,,,,1829.0,,,,,,
bio,45730,9,Global CQR,RELU,Bin 4,2,4,90%,0.9163477310005467,0.0078014473402895305,2.480398750305176,,,,,,,,,1829.0,,,,,,
bio,45730,9,Global CQR,RELU,Bin 5,0,5,90%,0.9178142076502732,0.0222387588147762,2.1491931915283202,,,,,,,,,1830.0,,,,,,
bio,45730,9,Local CQR (Silverman),RELU,Overall,,,90%,0.8993768448671696,0.004293359966403037,2.305927498936988,0.028857798392761664,14.123780779872103,2.405270683765411,0.49279641609146746,0.8690166623345196,0.014436572424954849,0.9274058206132528,0.058389158278733345,,2.6502346249494506,0.02006583349403741,0.387782487365127,0.024574243742630553,0.0005113037310021747,0.00033649016932159407
bio,45730,9,Local CQR (Silverman),RELU,Bin 1,1,1,90%,0.8787315472936031,0.008550253822777298,2.407228819792097,,,,,,,,,1829.0,,,,,,
bio,45730,9,Local CQR (Silverman),RELU,Bin 2,4,2,90%,0.8818579234972675,0.02339002084945995,2.1172528870953022,,,,,,,,,1830.0,,,,,,
bio,45730,9,Local CQR (Silverman),RELU,Bin 3,3,3,90%,0.8960087479496993,0.0061411136499066096,2.362154538777111,,,,,,,,,1829.0,,,,,,
bio,45730,9,Local CQR (Silverman),RELU,Bin 4,2,4,90%,0.919409513395298,0.00567774958370573,2.489726825391679,,,,,,,,,1829.0,,,,,,
bio,45730,9,Local CQR (Silverman),RELU,Bin 5,0,5,90%,0.9208743169398907,0.016015311136812878,2.1534609414905796,,,,,,,,,1830.0,,,,,,
bio,45730,9,Local CQR (Scott),RELU,Overall,,,90%,0.8995299005138296,0.004320223561028855,2.3059571125510834,0.02892035409147291,14.123962274988648,2.4048342943191527,0.4927784427597988,0.8691259519520058,0.014220231769991987,0.9274058803670074,0.05827992841500176,,2.650072419690068,0.01959025604716775,0.3877989703936179,0.02438231808556991,0.0005119694444336993,0.00033024824408172326
bio,45730,9,Local CQR (Scott),RELU,Bin 1,1,1,90%,0.8787315472936031,0.008522238499026205,2.407205091759831,,,,,,,,,1829.0,,,,,,
bio,45730,9,Local CQR (Scott),RELU,Bin 2,4,2,90%,0.8819672131147541,0.023544240759797257,2.11757247636834,,,,,,,,,1830.0,,,,,,
bio,45730,9,Local CQR (Scott),RELU,Bin 3,3,3,90%,0.8965554948059049,0.006342263531984686,2.362069740163915,,,,,,,,,1829.0,,,,,,
bio,45730,9,Local CQR (Scott),RELU,Bin 4,2,4,90%,0.9196282121377802,0.005755143736223417,2.4896520917975495,,,,,,,,,1829.0,,,,,,
bio,45730,9,Local CQR (Scott),RELU,Bin 5,0,5,90%,0.9207650273224044,0.015927813510152274,2.153472531838495,,,,,,,,,1830.0,,,,,,
bio,45730,9,Local CQR (ISJ),RELU,Overall,,,90%,0.8995299005138296,0.004320223561028855,2.305957280903741,0.028920306661874534,14.123963305917304,2.4048342943191527,0.4927783974450278,0.8691259519520058,0.014220231769991987,0.9274058803670074,0.05827992841500176,,2.6500724736685344,0.019590304775868362,0.38779898909173904,0.02438220227397872,0.0005119694444336993,0.00033024824408172326
bio,45730,9,Local CQR (ISJ),RELU,Bin 1,1,1,90%,0.8787315472936031,0.008522238499026205,2.407205094432101,,,,,,,,,1829.0,,,,,,
bio,45730,9,Local CQR (ISJ),RELU,Bin 2,4,2,90%,0.8819672131147541,0.023544240759797257,2.1175728056986585,,,,,,,,,1830.0,,,,,,
bio,45730,9,Local CQR (ISJ),RELU,Bin 3,3,3,90%,0.8965554948059049,0.006342263531984686,2.3620696940183836,,,,,,,,,1829.0,,,,,,
bio,45730,9,Local CQR (ISJ),RELU,Bin 4,2,4,90%,0.9196282121377802,0.005755143736223417,2.489652397505177,,,,,,,,,1829.0,,,,,,
bio,45730,9,Local CQR (ISJ),RELU,Bin 5,0,5,90%,0.9207650273224044,0.015927813510152274,2.153472781904408,,,,,,,,,1830.0,,,,,,
bio,45730,9,Local CQR (Fixed h=0.60),RELU,Overall,,,90%,0.9030283152946321,0.00609326420593489,2.315108244072284,0.03129285788289017,14.17998047472717,2.4055618405342103,0.49233912621195375,0.8683605661070727,0.015471995946353023,0.9302566124998879,0.06189604639281521,,2.655150197456365,0.01769077614513593,0.38550453751683095,0.02591368170432474,0.0005866585782512291,0.0003491390236572691
bio,45730,9,Local CQR (Fixed h=0.60),RELU,Bin 1,1,1,90%,0.8775287042099509,0.010181829937220145,2.4029842766795153,,,,,,,,,1829.0,,,,,,
bio,45730,9,Local CQR (Fixed h=0.60),RELU,Bin 2,4,2,90%,0.8892896174863388,0.02876331650699953,2.1533914092602466,,,,,,,,,1830.0,,,,,,
bio,45730,9,Local CQR (Fixed h=0.60),RELU,Bin 3,3,3,90%,0.9084745762711863,0.008833642615033641,2.3770434613743396,,,,,,,,,1829.0,,,,,,
bio,45730,9,Local CQR (Fixed h=0.60),RELU,Bin 4,2,4,90%,0.9188627665390923,0.00805482640161963,2.48794071573485,,,,,,,,,1829.0,,,,,,
bio,45730,9,Local CQR (Fixed h=0.60),RELU,Bin 5,0,5,90%,0.9209836065573771,0.019281488712788664,2.1543576653570424,,,,,,,,,1830.0,,,,,,
bio,45730,9,Local CQR (Fixed h=0.80),RELU,Overall,,,90%,0.9022193068765716,0.0055799270225059695,2.314907875965221,0.03149429762462686,14.178750552091538,2.4022724270820617,0.4906731095353177,0.8663926359472613,0.0164774728368463,0.9292819092519725,0.06288927330471128,,2.6567618035258973,0.017124881179187514,0.38481861302190407,0.02629080263888611,0.0006041221756704943,0.00037987591268214796
bio,45730,9,Local CQR (Fixed h=0.80),RELU,Bin 1,1,1,90%,0.8764352104975396,0.011473870652443678,2.4003572195915006,,,,,,,,,1829.0,,,,,,
bio,45730,9,Local CQR (Fixed h=0.80),RELU,Bin 2,4,2,90%,0.887431693989071,0.028735065033772707,2.1574792678869974,,,,,,,,,1830.0,,,,,,
bio,45730,9,Local CQR (Fixed h=0.80),RELU,Bin 3,3,3,90%,0.9092400218698742,0.008788860053541857,2.3781654769814424,,,,,,,,,1829.0,,,,,,
bio,45730,9,Local CQR (Fixed h=0.80),RELU,Bin 4,2,4,90%,0.9179879715691633,0.007416435192045124,2.4860153686990496,,,,,,,,,1829.0,,,,,,
bio,45730,9,Local CQR (Fixed h=0.80),RELU,Bin 5,0,5,90%,0.9199999999999999,0.020218874610159643,2.1526968086547535,,,,,,,,,1830.0,,,,,,
bio,45730,9,Local CQR (Fixed h=1.00),RELU,Overall,,,90%,0.9015196239204111,0.005680465155205791,2.3139821884874876,0.03161240123918177,14.173078750014175,2.399737226963043,0.4888996504435962,0.8649711538748814,0.015726069435040898,0.9284075325583272,0.06343637868344551,,2.6578969772092607,0.016700584800461216,0.3844399653633594,0.026467258708491665,0.0006120588335448817,0.0003774809362029065
bio,45730,9,Local CQR (Fixed h=1.00),RELU,Bin 1,1,1,90%,0.8751230180426461,0.011319640716988565,2.398142752945912,,,,,,,,,1829.0,,,,,,
bio,45730,9,Local CQR (Fixed h=1.00),RELU,Bin 2,4,2,90%,0.8868852459016395,0.028753763968205545,2.159111429382462,,,,,,,,,1830.0,,,,,,
bio,45730,9,Local CQR (Fixed h=1.00),RELU,Bin 3,3,3,90%,0.9089119737561508,0.008690351661587962,2.3778411697288755,,,,,,,,,1829.0,,,,,,
bio,45730,9,Local CQR (Fixed h=1.00),RELU,Bin 4,2,4,90%,0.9175505740841989,0.007427712497645342,2.4840949349044257,,,,,,,,,1829.0,,,,,,
bio,45730,9,Local CQR (Fixed h=1.00),RELU,Bin 5,0,5,90%,0.9191256830601093,0.020750642126827874,2.1508944982583404,,,,,,,,,1830.0,,,,,,
bio,45730,9,Local CQR (Fixed h=1.20),RELU,Overall,,,90%,0.9010167267956707,0.005757872240150142,2.313178757598009,0.03172933297173232,14.168154451686698,2.39817156791687,0.4875537176876102,0.8643151174011898,0.015674304111176405,0.9280796039521133,0.0637644865509236,,2.6583434938541415,0.01656081817445159,0.38431155310525317,0.02654322826873157,0.000614500942921929,0.0003856541584587275
bio,45730,9,Local CQR (Fixed h=1.20),RELU,Bin 1,1,1,90%,0.8745762711864407,0.011487410376528263,2.396742109440271,,,,,,,,,1829.0,,,,,,
bio,45730,9,Local CQR (Fixed h=1.20),RELU,Bin 2,4,2,90%,0.8866666666666667,0.028819321921485487,2.159543818135649,,,,,,,,,1830.0,,,,,,
bio,45730,9,Local CQR (Fixed h=1.20),RELU,Bin 3,3,3,90%,0.9080371787862219,0.008661409009650208,2.3771004237963766,,,,,,,,,1829.0,,,,,,
bio,45730,9,Local CQR (Fixed h=1.20),RELU,Bin 4,2,4,90%,0.9171131765992346,0.007588562743749581,2.4826656467035337,,,,,,,,,1829.0,,,,,,
bio,45730,9,Local CQR (Fixed h=1.20),RELU,Bin 5,0,5,90%,0.9186885245901639,0.021131084657673344,2.1500149986066455,,,,,,,,,1830.0,,,,,,
bio,45730,9,Local CQR (Fixed h=1.40),RELU,Overall,,,90%,0.9007980758718706,0.00567844489546192,2.3125308043524955,0.03186395971426074,14.164184130167097,2.397423195838928,0.486615361887851,0.8639869497799568,0.015069393505929791,0.9278610247171407,0.06387407493718385,,2.658388790834992,0.01654595004691811,0.38430451246442854,0.026585549194490393,0.0006101561469825712,0.0003741917212494537
bio,45730,9,Local CQR (Fixed h=1.40),RELU,Bin 1,1,1,90%,0.8740295243302351,0.011642498986730362,2.3958898542942797,,,,,,,,,1829.0,,,,,,
bio,45730,9,Local CQR (Fixed h=1.40),RELU,Bin 2,4,2,90%,0.8871038251366119,0.02846905382323923,2.159423594707267,,,,,,,,,1830.0,,,,,,
bio,45730,9,Local CQR (Fixed h=1.40),RELU,Bin 3,3,3,90%,0.9077091306724988,0.008487089299915693,2.376298040068495,,,,,,,,,1829.0,,,,,,
bio,45730,9,Local CQR (Fixed h=1.40),RELU,Bin 4,2,4,90%,0.9168944778567523,0.007400294943986275,2.4816598878736507,,,,,,,,,1829.0,,,,,,
bio,45730,9,Local CQR (Fixed h=1.40),RELU,Bin 5,0,5,90%,0.9182513661202186,0.02142912739638429,2.149555461960412,,,,,,,,,1830.0,,,,,,
bio,45730,9,Local CQR (Fixed h=1.60),RELU,Overall,,,90%,0.9006887504099705,0.0057524726891546194,2.3121966236478366,0.03196143893019138,14.16213475686045,2.3970697045326235,0.4861396759209827,0.8638776004087158,0.015123381017755053,0.9277517350996544,0.06387413469093864,,2.658374524073916,0.016505349698266104,0.38433133886583865,0.026623397682638054,0.0006093893123496929,0.0003747069241879593
bio,45730,9,Local CQR (Fixed h=1.60),RELU,Bin 1,1,1,90%,0.873920174958994,0.011805681422649112,2.3955901068178536,,,,,,,,,1829.0,,,,,,
bio,45730,9,Local CQR (Fixed h=1.60),RELU,Bin 2,4,2,90%,0.8869945355191255,0.028353021283098585,2.1591988601234275,,,,,,,,,1830.0,,,,,,
bio,45730,9,Local CQR (Fixed h=1.60),RELU,Bin 3,3,3,90%,0.9077091306724986,0.008366477534560367,2.3757756157137124,,,,,,,,,1829.0,,,,,,
bio,45730,9,Local CQR (Fixed h=1.60),RELU,Bin 4,2,4,90%,0.9165664297430289,0.007627853483475251,2.481165557179117,,,,,,,,,1829.0,,,,,,
bio,45730,9,Local CQR (Fixed h=1.60),RELU,Bin 5,0,5,90%,0.9182513661202186,0.02142912739638429,2.149425623983633,,,,,,,,,1830.0,,,,,,
bio,45730,9,Local CQR (Fixed h=1.80),RELU,Overall,,,90%,0.9006012900404503,0.005741575087560501,2.3120124246088176,0.032038624904369435,14.1610040658955,2.3969571113586428,0.4859249428829028,0.863986890026202,0.0149466368128068,0.9277517350996544,0.0637648450734523,,2.6583711097345395,0.016449948376183566,0.3843578270794921,0.02665193208964213,0.000606048668366361,0.0003700292954699754
bio,45730,9,Local CQR (Fixed h=1.80),RELU,Bin 1,1,1,90%,0.873920174958994,0.011805681422649112,2.3954476534896627,,,,,,,,,1829.0,,,,,,
bio,45730,9,Local CQR (Fixed h=1.80),RELU,Bin 2,4,2,90%,0.8871038251366119,0.028022932044237243,2.159012004343457,,,,,,,,,1830.0,,,,,,
bio,45730,9,Local CQR (Fixed h=1.80),RELU,Bin 3,3,3,90%,0.9074904319300163,0.008258592712301484,2.375487072874184,,,,,,,,,1829.0,,,,,,
bio,45730,9,Local CQR (Fixed h=1.80),RELU,Bin 4,2,4,90%,0.9165664297430289,0.007651331081262289,2.480930423901145,,,,,,,,,1829.0,,,,,,
bio,45730,9,Local CQR (Fixed h=1.80),RELU,Bin 5,0,5,90%,0.9179234972677597,0.021921764691902473,2.149357551974677,,,,,,,,,1830.0,,,,,,
bio,45730,9,Local CQR (Fixed h=2.00),RELU,Overall,,,90%,0.9004700994861704,0.005825559857055943,2.311908344527688,0.03211000098385524,14.160364315470384,2.3969156622886656,0.4858310730394546,0.8638775406549609,0.015005050635283559,0.9276424454821679,0.06376490482720709,,2.658387685432416,0.016410024350645258,0.3843741669021298,0.02667072052162845,0.0006056548748961954,0.00037125434666892263
bio,45730,9,Local CQR (Fixed h=2.00),RELU,Bin 1,1,1,90%,0.8738108255877529,0.011970635042890324,2.395354252066229,,,,,,,,,1829.0,,,,,,
bio,45730,9,Local CQR (Fixed h=2.00),RELU,Bin 2,4,2,90%,0.8869945355191258,0.027907184609884797,2.158889063295038,,,,,,,,,1830.0,,,,,,
bio,45730,9,Local CQR (Fixed h=2.00),RELU,Bin 3,3,3,90%,0.9073810825587753,0.008317743140836163,2.3753400616971048,,,,,,,,,1829.0,,,,,,
bio,45730,9,Local CQR (Fixed h=2.00),RELU,Bin 4,2,4,90%,0.9162383816293055,0.007873154729360315,2.480809219755913,,,,,,,,,1829.0,,,,,,
bio,45730,9,Local CQR (Fixed h=2.00),RELU,Bin 5,0,5,90%,0.9179234972677597,0.021921764691902473,2.1493216823815,,,,,,,,,1830.0,,,,,,
bio,45730,9,Local CQR (Fixed h=2.20),RELU,Overall,,,90%,0.9004700994861704,0.005824739136033984,2.3118460448068014,0.032167043512054176,14.159980881436912,2.3967491149902345,0.48577931935202356,0.8638775406549609,0.015005050635283559,0.9276424454821679,0.06376490482720709,,2.6584104946800937,0.016389162365035192,0.38438247331956277,0.026684658507163526,0.0006059896788759386,0.00037218616373077025
bio,45730,9,Local CQR (Fixed h=2.20),RELU,Bin 1,1,1,90%,0.8738108255877529,0.011970635042890324,2.39529636140206,,,,,,,,,1829.0,,,,,,
bio,45730,9,Local CQR (Fixed h=2.20),RELU,Bin 2,4,2,90%,0.8869945355191258,0.027907184609884797,2.1588188131304227,,,,,,,,,1830.0,,,,,,
bio,45730,9,Local CQR (Fixed h=2.20),RELU,Bin 3,3,3,90%,0.9072717331875342,0.008382183880475381,2.3752582622248988,,,,,,,,,1829.0,,,,,,
bio,45730,9,Local CQR (Fixed h=2.20),RELU,Bin 4,2,4,90%,0.9163477310005467,0.007786105246109531,2.4807191915317204,,,,,,,,,1829.0,,,,,,
bio,45730,9,Local CQR (Fixed h=2.20),RELU,Bin 5,0,5,90%,0.9179234972677597,0.021921764691902473,2.1493101289037795,,,,,,,,,1830.0,,,,,,
community,1994,100,Global CQR,RELU,Overall,,,90%,0.8958263772954925,0.011154118923866481,1.6690518140792847,0.08874805076988174,0.375830872996636,1.5416174173355102,0.7911392569541931,0.8266666666666668,0.03666666666666667,0.9533333333333334,0.12666666666666665,,2.3119653701782226,0.1378141501613221,0.5428694903850555,0.060008839921848044,0.0023600193018383825,0.0014084196501765497
community,1994,100,Global CQR,RELU,Bin 1,0,1,90%,0.8766666666666666,0.05280993172584953,2.286486530303955,,,,,,,,,120.0,,,,,,
community,1994,100,Global CQR,RELU,Bin 2,1,2,90%,0.8800000000000001,0.0351978534699048,1.8508705615997314,,,,,,,,,120.0,,,,,,
community,1994,100,Global CQR,RELU,Bin 3,3,3,90%,0.9016666666666666,0.035118845842842465,1.3086755752563477,,,,,,,,,120.0,,,,,,
community,1994,100,Global CQR,RELU,Bin 4,2,4,90%,0.9092436974789916,0.023409055928040535,1.6204953908920288,,,,,,,,,119.0,,,,,,
community,1994,100,Global CQR,RELU,Bin 5,4,5,90%,0.9116666666666667,0.06944222218666551,1.2783263444900512,,,,,,,,,120.0,,,,,,
community,1994,100,Local CQR (Silverman),RELU,Overall,,,90%,0.8991652754590985,0.017937063129967644,1.7028790830596965,0.10789122550157809,0.3833794937458069,1.545040813088417,0.9339147459965045,0.8433333333333334,0.033082388735465346,0.9382212885154061,0.09488795518207285,,2.324458870595025,0.1251053218123271,0.5384414521825613,0.06292789800578029,0.0015845903067109202,0.0005202708564337739
community,1994,100,Local CQR (Silverman),RELU,Bin 1,4,1,90%,0.8850000000000001,0.04390646624106499,1.2227656655346015,,,,,,,,,120.0,,,,,,
community,1994,100,Local CQR (Silverman),RELU,Bin 2,0,2,90%,0.8933333333333333,0.04725815626252608,2.369413572757815,,,,,,,,,120.0,,,,,,
community,1994,100,Local CQR (Silverman),RELU,Bin 3,3,3,90%,0.8933333333333333,0.03590109871423004,1.2940039036454014,,,,,,,,,120.0,,,,,,
community,1994,100,Local CQR (Silverman),RELU,Bin 4,1,4,90%,0.9016666666666667,0.03391164991562634,1.9604296825593337,,,,,,,,,120.0,,,,,,
community,1994,100,Local CQR (Silverman),RELU,Bin 5,2,5,90%,0.922689075630252,0.02216958984583684,1.6674876622949575,,,,,,,,,119.0,,,,,,
community,1994,100,Local CQR (Scott),RELU,Overall,,,90%,0.8981636060100167,0.01926749655593123,1.7037042600460068,0.10875293631583646,0.38355549743618395,1.5519479125738145,0.9355203170638557,0.8416666666666668,0.03291402943021916,0.9383333333333332,0.09666666666666668,,2.325162910046699,0.12583367181127378,0.53810053861001,0.06243232409982145,0.0016937722147682612,0.0005124744217388507
community,1994,100,Local CQR (Scott),RELU,Bin 1,4,1,90%,0.8866666666666667,0.04582575694955842,1.2222244440351584,,,,,,,,,120.0,,,,,,
community,1994,100,Local CQR (Scott),RELU,Bin 2,3,2,90%,0.8916666666666666,0.038005847503304616,1.292861147277678,,,,,,,,,120.0,,,,,,
community,1994,100,Local CQR (Scott),RELU,Bin 3,0,3,90%,0.8950000000000001,0.0479003595439997,2.36934966768759,,,,,,,,,120.0,,,,,,
community,1994,100,Local CQR (Scott),RELU,Bin 4,1,4,90%,0.8983333333333334,0.03778594682918212,1.9625784364606567,,,,,,,,,120.0,,,,,,
community,1994,100,Local CQR (Scott),RELU,Bin 5,2,5,90%,0.9193277310924369,0.023529411764705882,1.6712370446405742,,,,,,,,,119.0,,,,,,
community,1994,100,Local CQR (ISJ),RELU,Overall,,,90%,0.8981636060100167,0.01926749655593123,1.7037042600460068,0.10875293631583646,0.38355549743618395,1.5519479125738145,0.9355203170638557,0.8416666666666668,0.03291402943021916,0.9383333333333332,0.09666666666666668,,2.325162910046699,0.12583367181127378,0.53810053861001,0.06243232409982145,0.0016937722147682612,0.0005124744217388507
community,1994,100,Local CQR (ISJ),RELU,Bin 1,4,1,90%,0.8866666666666667,0.04582575694955842,1.2222244440351584,,,,,,,,,120.0,,,,,,
community,1994,100,Local CQR (ISJ),RELU,Bin 2,3,2,90%,0.8916666666666666,0.038005847503304616,1.292861147277678,,,,,,,,,120.0,,,,,,
community,1994,100,Local CQR (ISJ),RELU,Bin 3,0,3,90%,0.8950000000000001,0.0479003595439997,2.36934966768759,,,,,,,,,120.0,,,,,,
community,1994,100,Local CQR (ISJ),RELU,Bin 4,1,4,90%,0.8983333333333334,0.03778594682918212,1.9625784364606567,,,,,,,,,120.0,,,,,,
community,1994,100,Local CQR (ISJ),RELU,Bin 5,2,5,90%,0.9193277310924369,0.023529411764705882,1.6712370446405742,,,,,,,,,119.0,,,,,,
community,1994,100,Local CQR (Fixed h=0.60),RELU,Overall,,,90%,0.9048414023372287,0.013480219858555149,1.7110232091106112,0.09129482408464111,0.38529463465150765,1.5275123238563537,0.929630196856803,0.8616666666666667,0.02718251071716683,0.9400000000000001,0.07833333333333334,,2.2786812377412597,0.12409066707591686,0.5559632661235652,0.058219332119997705,0.00110135544413844,0.00027886266377538584
community,1994,100,Local CQR (Fixed h=0.60),RELU,Bin 1,3,1,90%,0.89,0.03308238873546534,1.273011027801161,,,,,,,,,120.0,,,,,,
community,1994,100,Local CQR (Fixed h=0.60),RELU,Bin 2,1,2,90%,0.9016666666666667,0.02758824226207811,1.9547576387490455,,,,,,,,,120.0,,,,,,
community,1994,100,Local CQR (Fixed h=0.60),RELU,Bin 3,4,3,90%,0.9066666666666666,0.02321398046197353,1.2622550549792746,,,,,,,,,120.0,,,,,,
community,1994,100,Local CQR (Fixed h=0.60),RELU,Bin 4,2,4,90%,0.9109243697478991,0.024122185032617368,1.6384581770622677,,,,,,,,,119.0,,,,,,
community,1994,100,Local CQR (Fixed h=0.60),RELU,Bin 5,0,5,90%,0.915,0.04515405728048024,2.4260294383609042,,,,,,,,,120.0,,,,,,
community,1994,100,Local CQR (Fixed h=0.80),RELU,Overall,,,90%,0.9048414023372287,0.01343880587479005,1.7102778446939904,0.09210571017793168,0.3851221825495544,1.5238772243261338,0.9247654163254817,0.8583333333333334,0.0223606797749979,0.9416666666666668,0.08333333333333333,,2.274490288767547,0.1261695287095787,0.5574468924766585,0.05808327645947911,0.0012074735776663604,0.00012691906727892757
community,1994,100,Local CQR (Fixed h=0.80),RELU,Bin 1,3,1,90%,0.8916666666666666,0.031180478223116172,1.2683388343484452,,,,,,,,,120.0,,,,,,
community,1994,100,Local CQR (Fixed h=0.80),RELU,Bin 2,1,2,90%,0.8966666666666667,0.031001792062897143,1.9472564655309543,,,,,,,,,120.0,,,,,,
community,1994,100,Local CQR (Fixed h=0.80),RELU,Bin 3,4,3,90%,0.9066666666666666,0.030459444804161788,1.266907000982513,,,,,,,,,120.0,,,,,,
community,1994,100,Local CQR (Fixed h=0.80),RELU,Bin 4,2,4,90%,0.9109243697478991,0.027410935176974953,1.6301198682520819,,,,,,,,,119.0,,,,,,
community,1994,100,Local CQR (Fixed h=0.80),RELU,Bin 5,0,5,90%,0.9183333333333333,0.042946995755750395,2.4380990712189425,,,,,,,,,120.0,,,,,,
community,1994,100,Local CQR (Fixed h=1.00),RELU,Overall,,,90%,0.9055091819699499,0.012740423391211288,1.7113994999398447,0.09229551116211909,0.3853689142286333,1.5246946185827255,0.9233319403779777,0.8583333333333334,0.0223606797749979,0.9433333333333334,0.08499999999999999,,2.273721047804904,0.13076747009389045,0.5571409895075742,0.057980465916065926,0.0011951880752300917,0.00013921898689222658
community,1994,100,Local CQR (Fixed h=1.00),RELU,Bin 1,3,1,90%,0.8916666666666666,0.031180478223116172,1.2701836206546673,,,,,,,,,120.0,,,,,,
community,1994,100,Local CQR (Fixed h=1.00),RELU,Bin 2,1,2,90%,0.8966666666666667,0.031001792062897143,1.9351907145992542,,,,,,,,,120.0,,,,,,
community,1994,100,Local CQR (Fixed h=1.00),RELU,Bin 3,4,3,90%,0.9083333333333332,0.032058973436118916,1.2722895003296435,,,,,,,,,120.0,,,,,,
community,1994,100,Local CQR (Fixed h=1.00),RELU,Bin 4,2,4,90%,0.9126050420168067,0.022921313776446812,1.6235741933510333,,,,,,,,,119.0,,,,,,
community,1994,100,Local CQR (Fixed h=1.00),RELU,Bin 5,0,5,90%,0.9183333333333333,0.042946995755750395,2.4550275932097185,,,,,,,,,120.0,,,,,,
community,1994,100,Local CQR (Fixed h=1.20),RELU,Overall,,,90%,0.9045075125208681,0.012643803825550234,1.7082662947783755,0.08945480925530766,0.38468032429648746,1.5263340085744859,0.913436647113232,0.8566666666666667,0.022607766610417565,0.9433333333333334,0.08666666666666664,,2.2740046430080634,0.12574329776127446,0.5574223771326723,0.057915789100222596,0.0012090769641189805,0.00026888870041290926
community,1994,100,Local CQR (Fixed h=1.20),RELU,Bin 1,3,1,90%,0.89,0.03265986323710903,1.275338017893955,,,,,,,,,120.0,,,,,,
community,1994,100,Local CQR (Fixed h=1.20),RELU,Bin 2,1,2,90%,0.8933333333333333,0.030459444804161795,1.920790992057882,,,,,,,,,120.0,,,,,,
community,1994,100,Local CQR (Fixed h=1.20),RELU,Bin 3,4,3,90%,0.9116666666666667,0.0339934634239519,1.2726015479552248,,,,,,,,,120.0,,,,,,
community,1994,100,Local CQR (Fixed h=1.20),RELU,Bin 4,2,4,90%,0.9126050420168067,0.022921313776446812,1.6191726491387404,,,,,,,,,119.0,,,,,,
community,1994,100,Local CQR (Fixed h=1.20),RELU,Bin 5,0,5,90%,0.915,0.041298372311212875,2.4526858197990804,,,,,,,,,120.0,,,,,,
community,1994,100,Local CQR (Fixed h=1.40),RELU,Overall,,,90%,0.9018363939899834,0.013288646906265364,1.704569764512098,0.08855656525452732,0.38384653226156085,1.5267470747232437,0.902762463458053,0.8566666666666667,0.024381231397213012,0.9416666666666668,0.085,,2.276929673056844,0.12399293957741686,0.555504671593237,0.05853123966267578,0.0011822415240606051,0.0005002620050676549
community,1994,100,Local CQR (Fixed h=1.40),RELU,Bin 1,3,1,90%,0.8883333333333333,0.03316624790355399,1.2799180051715424,,,,,,,,,120.0,,,,,,
community,1994,100,Local CQR (Fixed h=1.40),RELU,Bin 2,1,2,90%,0.8916666666666666,0.028382310609877365,1.9049480139976367,,,,,,,,,120.0,,,,,,
community,1994,100,Local CQR (Fixed h=1.40),RELU,Bin 3,0,3,90%,0.9083333333333332,0.04249182927993989,2.4432042660160613,,,,,,,,,120.0,,,,,,
community,1994,100,Local CQR (Fixed h=1.40),RELU,Bin 4,2,4,90%,0.9092436974789916,0.023409055928040552,1.6149292879651824,,,,,,,,,119.0,,,,,,
community,1994,100,Local CQR (Fixed h=1.40),RELU,Bin 5,4,5,90%,0.9116666666666667,0.0339934634239519,1.279102245438844,,,,,,,,,120.0,,,,,,
community,1994,100,Local CQR (Fixed h=1.60),RELU,Overall,,,90%,0.9025041736227045,0.013000282025997845,1.70098390276194,0.08663007780305301,0.38304719607385657,1.5250924974679947,0.8919885381042846,0.8566666666666667,0.024381231397213012,0.9433333333333334,0.0866666666666667,,2.279122728295313,0.12878434601135436,0.5530900498997008,0.05942892395144875,0.0012093137254901968,0.0004886469625686494
community,1994,100,Local CQR (Fixed h=1.60),RELU,Bin 1,3,1,90%,0.89,0.03628590176179542,1.2839892704070857,,,,,,,,,120.0,,,,,,
community,1994,100,Local CQR (Fixed h=1.60),RELU,Bin 2,1,2,90%,0.8916666666666666,0.028382310609877365,1.8919877910381184,,,,,,,,,120.0,,,,,,
community,1994,100,Local CQR (Fixed h=1.60),RELU,Bin 3,0,3,90%,0.905,0.04102844541697059,2.4312021406088022,,,,,,,,,120.0,,,,,,
community,1994,100,Local CQR (Fixed h=1.60),RELU,Bin 4,2,4,90%,0.9109243697478991,0.021653947439874158,1.612553417072201,,,,,,,,,119.0,,,,,,
community,1994,100,Local CQR (Fixed h=1.60),RELU,Bin 5,4,5,90%,0.915,0.03511884584284246,1.28444997396941,,,,,,,,,120.0,,,,,,
community,1994,100,Local CQR (Fixed h=1.80),RELU,Overall,,,90%,0.9008347245409014,0.01395164101220445,1.6969386224801308,0.08608454677064303,0.38213740932946755,1.5303663671016694,0.8804214119259477,0.85,0.026874192494328507,0.945,0.095,,2.2819903191888025,0.12924229925477865,0.5508059579074696,0.059747149970816885,0.0013684463981671101,0.0006827626426869496
community,1994,100,Local CQR (Fixed h=1.80),RELU,Bin 1,1,1,90%,0.8883333333333333,0.030092450142113,1.881415931658509,,,,,,,,,120.0,,,,,,
community,1994,100,Local CQR (Fixed h=1.80),RELU,Bin 2,3,2,90%,0.8933333333333333,0.033911649915626375,1.2890913166385145,,,,,,,,,120.0,,,,,,
community,1994,100,Local CQR (Fixed h=1.80),RELU,Bin 3,0,3,90%,0.8983333333333332,0.047551142058957004,2.4138133478009456,,,,,,,,,120.0,,,,,,
community,1994,100,Local CQR (Fixed h=1.80),RELU,Bin 4,2,4,90%,0.9092436974789916,0.02400480144048016,1.6131396791169876,,,,,,,,,119.0,,,,,,
community,1994,100,Local CQR (Fixed h=1.80),RELU,Bin 5,4,5,90%,0.915,0.03815174380753198,1.2865345126576722,,,,,,,,,120.0,,,,,,
community,1994,100,Local CQR (Fixed h=2.00),RELU,Overall,,,90%,0.9008347245409014,0.011595162173078691,1.6929047049332613,0.0852546318835482,0.38123449303989426,1.5337135940790176,0.8686966448637866,0.8466666666666667,0.02449489742783176,0.9466666666666667,0.10000000000000002,,2.286239936700921,0.1280777121916596,0.5485297295591813,0.05986696637311415,0.0014240019537226658,0.0007166624415048589
community,1994,100,Local CQR (Fixed h=2.00),RELU,Bin 1,1,1,90%,0.8833333333333332,0.030731814857642974,1.8724551263218747,,,,,,,,,120.0,,,,,,
community,1994,100,Local CQR (Fixed h=2.00),RELU,Bin 2,0,2,90%,0.8966666666666667,0.04702245326555293,2.39649057483611,,,,,,,,,120.0,,,,,,
community,1994,100,Local CQR (Fixed h=2.00),RELU,Bin 3,3,3,90%,0.8983333333333332,0.033911649915626375,1.293990011665349,,,,,,,,,120.0,,,,,,
community,1994,100,Local CQR (Fixed h=2.00),RELU,Bin 4,2,4,90%,0.9092436974789916,0.02400480144048016,1.6139519283908004,,,,,,,,,119.0,,,,,,
community,1994,100,Local CQR (Fixed h=2.00),RELU,Bin 5,4,5,90%,0.9166666666666667,0.03979112128771108,1.286977943647653,,,,,,,,,120.0,,,,,,
community,1994,100,Local CQR (Fixed h=2.20),RELU,Overall,,,90%,0.899499165275459,0.011293178314048592,1.6904525871763318,0.08534736077742193,0.38068318510213334,1.5342715084552765,0.8581491170625529,0.8433333333333334,0.026034165586355504,0.9483333333333333,0.10500000000000002,,2.28971996902611,0.12881361163707586,0.5465394636711992,0.06043508454421228,0.001595987414573673,0.0008851100830567603
community,1994,100,Local CQR (Fixed h=2.20),RELU,Bin 1,1,1,90%,0.8800000000000001,0.031001792062897143,1.865688429774406,,,,,,,,,120.0,,,,,,
community,1994,100,Local CQR (Fixed h=2.20),RELU,Bin 2,0,2,90%,0.8933333333333333,0.0463680924774785,2.3817965059075505,,,,,,,,,120.0,,,,,,
community,1994,100,Local CQR (Fixed h=2.20),RELU,Bin 3,3,3,90%,0.8983333333333332,0.033911649915626375,1.298993392465636,,,,,,,,,120.0,,,,,,
community,1994,100,Local CQR (Fixed h=2.20),RELU,Bin 4,2,4,90%,0.9109243697478991,0.025266044333399833,1.61573160239691,,,,,,,,,119.0,,,,,,
community,1994,100,Local CQR (Fixed h=2.20),RELU,Bin 5,4,5,90%,0.915,0.047842333648024434,1.2894303304639956,,,,,,,,,120.0,,,,,,
blog_data,52397,280,Global CQR,RELU,Overall,,,90%,0.8978625954198473,0.002728807444747384,0.46121726632118226,0.04947971528249772,17.71899388927472,0.0798334926366806,1.4000197887420653,0.8476145038167939,0.02751601342304655,0.9414122137404579,0.09379770992366414,,1.2008439302444458,0.10806250032280892,0.7320012211799621,0.026696252072602535,0.001301584989219743,0.0010267657614696165
blog_data,52397,280,Global CQR,RELU,Bin 1,4,1,90%,0.8618320610687021,0.044573020121146396,1.3982542276382446,,,,,,,,,2096.0,,,,,,
blog_data,52397,280,Global CQR,RELU,Bin 2,3,2,90%,0.8871183206106871,0.011839753716981769,0.4743517994880676,,,,,,,,,2096.0,,,,,,
blog_data,52397,280,Global CQR,RELU,Bin 3,2,3,90%,0.8991412213740457,0.006818347360667889,0.21921250224113464,,,,,,,,,2096.0,,,,,,
blog_data,52397,280,Global CQR,RELU,Bin 4,1,4,90%,0.9067748091603054,0.022123416217469733,0.1313119113445282,,,,,,,,,2096.0,,,,,,
blog_data,52397,280,Global CQR,RELU,Bin 5,0,5,90%,0.9344465648854963,0.0314503585192237,0.08295583128929138,,,,,,,,,2096.0,,,,,,
blog_data,52397,280,Local CQR (Silverman),RELU,Overall,,,90%,0.8945801526717558,0.0014067875949604761,0.5253564930690551,0.030959634853214162,20.238186201168432,0.07952861785888672,1.5987475123671353,0.8529580152671757,0.02763784444883894,0.9298664122137404,0.07690839694656489,,1.3157227801869715,0.1223941656390688,0.6631157586906763,0.015336342896766287,0.0009438843890216188,0.0007422625137990381
blog_data,52397,280,Local CQR (Silverman),RELU,Bin 1,4,1,90%,0.8559160305343513,0.031530448645270485,1.545841092565468,,,,,,,,,2096.0,,,,,,
blog_data,52397,280,Local CQR (Silverman),RELU,Bin 2,3,2,90%,0.8945610687022901,0.008833425046590153,0.5810009452404473,,,,,,,,,2096.0,,,,,,
blog_data,52397,280,Local CQR (Silverman),RELU,Bin 3,2,3,90%,0.8974236641221374,0.008582483519759114,0.25907374193013755,,,,,,,,,2096.0,,,,,,
blog_data,52397,280,Local CQR (Silverman),RELU,Bin 4,1,4,90%,0.9033396946564887,0.015458604267357453,0.14966369991065592,,,,,,,,,2096.0,,,,,,
blog_data,52397,280,Local CQR (Silverman),RELU,Bin 5,0,5,90%,0.9216603053435115,0.029574611645512235,0.09120298569856695,,,,,,,,,2096.0,,,,,,
blog_data,52397,280,Local CQR (Scott),RELU,Overall,,,90%,0.8948854961832062,0.0009685937053778358,0.5297009664240018,0.03090427269325339,20.406723773832123,0.07953097820281982,1.6177204327216148,0.8529580152671757,0.026566160472167796,0.9299618320610687,0.07700381679389315,,1.3137164163802835,0.11622679050736982,0.6606196708790862,0.017478789191951404,0.0009323866616164566,0.0007222444134540833
blog_data,52397,280,Local CQR (Scott),RELU,Bin 1,4,1,90%,0.856202290076336,0.030917503027792777,1.5590153764458197,,,,,,,,,2096.0,,,,,,
blog_data,52397,280,Local CQR (Scott),RELU,Bin 2,3,2,90%,0.8951335877862595,0.008794169776712967,0.5869622294823923,,,,,,,,,2096.0,,,,,,
blog_data,52397,280,Local CQR (Scott),RELU,Bin 3,2,3,90%,0.8979961832061069,0.00876305456024342,0.2600187849025727,,,,,,,,,2096.0,,,,,,
blog_data,52397,280,Local CQR (Scott),RELU,Bin 4,1,4,90%,0.9032442748091603,0.015419681995939289,0.15012499437375224,,,,,,,,,2096.0,,,,,,
blog_data,52397,280,Local CQR (Scott),RELU,Bin 5,0,5,90%,0.921851145038168,0.029668361461563677,0.09238344691547154,,,,,,,,,2096.0,,,,,,
blog_data,52397,280,Local CQR (ISJ),RELU,Overall,,,90%,0.8948854961832062,0.0009685937053778358,0.5297009585718861,0.030904273428777614,20.40672346447537,0.07953097820281982,1.6177204333720763,0.8529580152671757,0.026566160472167796,0.9299618320610687,0.07700381679389315,,1.3137164117358988,0.11622678802759152,0.6606196714570026,0.01747878805295645,0.0009323866616164566,0.0007222444134540833
blog_data,52397,280,Local CQR (ISJ),RELU,Bin 1,4,1,90%,0.856202290076336,0.030917503027792777,1.5590153766391937,,,,,,,,,2096.0,,,,,,
blog_data,52397,280,Local CQR (ISJ),RELU,Bin 2,3,2,90%,0.8951335877862595,0.008794169776712967,0.5869622293913929,,,,,,,,,2096.0,,,,,,
blog_data,52397,280,Local CQR (ISJ),RELU,Bin 3,2,3,90%,0.8979961832061069,0.00876305456024342,0.2600187896572944,,,,,,,,,2096.0,,,,,,
blog_data,52397,280,Local CQR (ISJ),RELU,Bin 4,1,4,90%,0.9032442748091603,0.015419681995939289,0.15012495204194204,,,,,,,,,2096.0,,,,,,
blog_data,52397,280,Local CQR (ISJ),RELU,Bin 5,0,5,90%,0.921851145038168,0.029668361461563677,0.09238344512960717,,,,,,,,,2096.0,,,,,,
blog_data,52397,280,Local CQR (Fixed h=0.60),RELU,Overall,,,90%,0.8977862595419847,0.00290013552868258,0.48902270063473524,0.04631239718359122,18.795423555757928,0.07965279296040535,1.6806850228209058,0.8501908396946565,0.025151774011246728,0.940267175572519,0.0900763358778626,,1.2097201653246816,0.10509659071997503,0.7037653882972922,0.04628769673284165,0.0011849251209137004,0.0008555555270900381
blog_data,52397,280,Local CQR (Fixed h=0.60),RELU,Bin 1,4,1,90%,0.8642175572519084,0.0418441870345064,1.52363983362483,,,,,,,,,2096.0,,,,,,
blog_data,52397,280,Local CQR (Fixed h=0.60),RELU,Bin 2,3,2,90%,0.8879770992366411,0.010601484284222275,0.48423928253815635,,,,,,,,,2096.0,,,,,,
blog_data,52397,280,Local CQR (Fixed h=0.60),RELU,Bin 3,2,3,90%,0.8986641221374045,0.008989744819323568,0.2225160598942836,,,,,,,,,2096.0,,,,,,
blog_data,52397,280,Local CQR (Fixed h=0.60),RELU,Bin 4,1,4,90%,0.9047709923664122,0.021653368428824957,0.13165386190366016,,,,,,,,,2096.0,,,,,,
blog_data,52397,280,Local CQR (Fixed h=0.60),RELU,Bin 5,0,5,90%,0.9333015267175574,0.030873002759689627,0.08306446521274588,,,,,,,,,2096.0,,,,,,
blog_data,52397,280,Local CQR (Fixed h=0.80),RELU,Overall,,,90%,0.8977290076335878,0.002917663704761982,0.48441150964948676,0.047206945903588454,18.61593710839035,0.07968623712658882,1.633878914674974,0.8499045801526716,0.025741438228961657,0.9407442748091602,0.09083969465648856,,1.206974600529412,0.1086778878277197,0.7089565619312267,0.040208293897388135,0.0012102678311287222,0.0008905804713188118
blog_data,52397,280,Local CQR (Fixed h=0.80),RELU,Bin 1,4,1,90%,0.8637404580152671,0.04221355065319063,1.504488015582497,,,,,,,,,2096.0,,,,,,
blog_data,52397,280,Local CQR (Fixed h=0.80),RELU,Bin 2,3,2,90%,0.8873091603053436,0.011376190944800623,0.48180917760007136,,,,,,,,,2096.0,,,,,,
blog_data,52397,280,Local CQR (Fixed h=0.80),RELU,Bin 3,2,3,90%,0.8983778625954197,0.008635364386831107,0.22145048701826425,,,,,,,,,2096.0,,,,,,
blog_data,52397,280,Local CQR (Fixed h=0.80),RELU,Bin 4,1,4,90%,0.9053435114503816,0.021596528159709253,0.13135742793341332,,,,,,,,,2096.0,,,,,,
blog_data,52397,280,Local CQR (Fixed h=0.80),RELU,Bin 5,0,5,90%,0.9338740458015268,0.03073289458208243,0.08295244011318822,,,,,,,,,2096.0,,,,,,
blog_data,52397,280,Local CQR (Fixed h=1.00),RELU,Overall,,,90%,0.897881679389313,0.0031712711252878654,0.4829359578954692,0.047065459750161236,18.55922274107673,0.07972610667347908,1.619291336189948,0.8498091603053435,0.02655759090862276,0.9409351145038167,0.09112595419847327,,1.207193450621491,0.11062033026830305,0.7092070606586255,0.040506482471852207,0.001225087043295845,0.000940360042003404
blog_data,52397,280,Local CQR (Fixed h=1.00),RELU,Bin 1,4,1,90%,0.8636450381679388,0.042990215345649264,1.497579735794677,,,,,,,,,2096.0,,,,,,
blog_data,52397,280,Local CQR (Fixed h=1.00),RELU,Bin 2,3,2,90%,0.8876908396946565,0.011874308962316761,0.48177210680864047,,,,,,,,,2096.0,,,,,,
blog_data,52397,280,Local CQR (Fixed h=1.00),RELU,Bin 3,2,3,90%,0.8981870229007634,0.008359998516721192,0.22119498396334986,,,,,,,,,2096.0,,,,,,
blog_data,52397,280,Local CQR (Fixed h=1.00),RELU,Bin 4,1,4,90%,0.9059160305343511,0.021403418340260834,0.13125088027427828,,,,,,,,,2096.0,,,,,,
blog_data,52397,280,Local CQR (Fixed h=1.00),RELU,Bin 5,0,5,90%,0.9339694656488551,0.03070621954728139,0.08288208263640058,,,,,,,,,2096.0,,,,,,
blog_data,52397,280,Local CQR (Fixed h=1.20),RELU,Overall,,,90%,0.8978435114503818,0.003139066441977405,0.47991931788293635,0.04495619643422067,18.44949011923965,0.07974412515759469,1.5867262795317119,0.8495229007633588,0.02683588844821144,0.9412213740458014,0.09169847328244277,,1.2046976440973343,0.10882068640424869,0.7147212586343448,0.03416596168635175,0.0012352991521473113,0.0009459731585116453
blog_data,52397,280,Local CQR (Fixed h=1.20),RELU,Bin 1,4,1,90%,0.8635496183206108,0.043552653920736255,1.48298793715711,,,,,,,,,2096.0,,,,,,
blog_data,52397,280,Local CQR (Fixed h=1.20),RELU,Bin 2,3,2,90%,0.8874045801526718,0.011627917563887358,0.4812899964427458,,,,,,,,,2096.0,,,,,,
blog_data,52397,280,Local CQR (Fixed h=1.20),RELU,Bin 3,2,3,90%,0.8981870229007634,0.007778912489385036,0.22118327704716814,,,,,,,,,2096.0,,,,,,
blog_data,52397,280,Local CQR (Fixed h=1.20),RELU,Bin 4,1,4,90%,0.906202290076336,0.02147179800732275,0.13125333176554316,,,,,,,,,2096.0,,,,,,
blog_data,52397,280,Local CQR (Fixed h=1.20),RELU,Bin 5,0,5,90%,0.9338740458015268,0.03076398622283631,0.0828820470021149,,,,,,,,,2096.0,,,,,,
blog_data,52397,280,Local CQR (Fixed h=1.40),RELU,Overall,,,90%,0.8977862595419847,0.0031580365791507568,0.47734012586397884,0.045663857041317965,18.349184337658738,0.07976028397679329,1.5604010665014814,0.8488549618320611,0.027241321954283148,0.9411259541984733,0.0922709923664122,,1.202561052473651,0.10965240134858055,0.7197303399296038,0.02957472603892333,0.0012559254996795054,0.0009596203002949871
blog_data,52397,280,Local CQR (Fixed h=1.40),RELU,Bin 1,4,1,90%,0.8630725190839694,0.04426493704100457,1.4733219110685976,,,,,,,,,2096.0,,,,,,
blog_data,52397,280,Local CQR (Fixed h=1.40),RELU,Bin 2,3,2,90%,0.8873091603053436,0.011676364174404378,0.47871144871855736,,,,,,,,,2096.0,,,,,,
blog_data,52397,280,Local CQR (Fixed h=1.40),RELU,Bin 3,2,3,90%,0.8981870229007634,0.007437853156452303,0.22051240895138982,,,,,,,,,2096.0,,,,,,
blog_data,52397,280,Local CQR (Fixed h=1.40),RELU,Bin 4,1,4,90%,0.9063931297709924,0.021515853194754127,0.13126464262418094,,,,,,,,,2096.0,,,,,,
blog_data,52397,280,Local CQR (Fixed h=1.40),RELU,Bin 5,0,5,90%,0.9339694656488551,0.03070621954728139,0.08289021795716862,,,,,,,,,2096.0,,,,,,
blog_data,52397,280,Local CQR (Fixed h=1.60),RELU,Overall,,,90%,0.8977862595419847,0.0032146152097746335,0.47671644392054535,0.0459244406673633,18.324681421100582,0.07977184727787971,1.5554062430478754,0.8486641221374047,0.027181093443822652,0.9414122137404581,0.09274809160305346,,1.2020131669098686,0.10920111656642241,0.7206357658471736,0.030322944991144348,0.0012620076044519556,0.0009640408469587446
blog_data,52397,280,Local CQR (Fixed h=1.60),RELU,Bin 1,4,1,90%,0.8633587786259541,0.04475343427467505,1.4695282021448555,,,,,,,,,2096.0,,,,,,
blog_data,52397,280,Local CQR (Fixed h=1.60),RELU,Bin 2,3,2,90%,0.8871183206106871,0.012000160246001916,0.479389238486445,,,,,,,,,2096.0,,,,,,
blog_data,52397,280,Local CQR (Fixed h=1.60),RELU,Bin 3,2,3,90%,0.8982824427480915,0.007313170326854848,0.22049584339305275,,,,,,,,,2096.0,,,,,,
blog_data,52397,280,Local CQR (Fixed h=1.60),RELU,Bin 4,1,4,90%,0.906202290076336,0.02151627636448137,0.1312711538187982,,,,,,,,,2096.0,,,,,,
blog_data,52397,280,Local CQR (Fixed h=1.60),RELU,Bin 5,0,5,90%,0.9339694656488551,0.03070621954728139,0.08289778175957516,,,,,,,,,2096.0,,,,,,
blog_data,52397,280,Local CQR (Fixed h=1.80),RELU,Overall,,,90%,0.8978435114503818,0.0033151222520012838,0.4755789089749677,0.04631998304087628,18.27971873821594,0.07978029325604438,1.544884183611327,0.8488549618320611,0.02720787813049893,0.9416984732824428,0.0928435114503817,,1.2013554467413423,0.10817984824227711,0.721842247593622,0.031204841442667056,0.001266893319153896,0.0009752538892088525
blog_data,52397,280,Local CQR (Fixed h=1.80),RELU,Bin 1,4,1,90%,0.8634541984732824,0.04465750798079574,1.4633430246260188,,,,,,,,,2096.0,,,,,,
blog_data,52397,280,Local CQR (Fixed h=1.80),RELU,Bin 2,3,2,90%,0.8868320610687024,0.012577334923077433,0.48006253836926194,,,,,,,,,2096.0,,,,,,
blog_data,52397,280,Local CQR (Fixed h=1.80),RELU,Bin 3,2,3,90%,0.898473282442748,0.0075821261547018865,0.22030719819297406,,,,,,,,,2096.0,,,,,,
blog_data,52397,280,Local CQR (Fixed h=1.80),RELU,Bin 4,1,4,90%,0.906202290076336,0.02129081737493291,0.13127631523125655,,,,,,,,,2096.0,,,,,,
blog_data,52397,280,Local CQR (Fixed h=1.80),RELU,Bin 5,0,5,90%,0.9342557251908398,0.030788836929303422,0.0829054684553274,,,,,,,,,2096.0,,,,,,
blog_data,52397,280,Local CQR (Fixed h=2.00),RELU,Overall,,,90%,0.8978244274809161,0.0032713286011016836,0.47410990585038937,0.04714824142357308,18.22115146756521,0.07978636249899865,1.5306581839829119,0.8484732824427482,0.027459703432984647,0.941793893129771,0.09332061068702288,,1.2008838941777775,0.10703836118932109,0.7232651632964482,0.03176156151603366,0.0012800936716974535,0.0009817537572208942
blog_data,52397,280,Local CQR (Fixed h=2.00),RELU,Bin 1,4,1,90%,0.8632633587786259,0.04516555119493981,1.4565559198375158,,,,,,,,,2096.0,,,,,,
blog_data,52397,280,Local CQR (Fixed h=2.00),RELU,Bin 2,3,2,90%,0.8868320610687024,0.012638718083815614,0.4796013111428567,,,,,,,,,2096.0,,,,,,
blog_data,52397,280,Local CQR (Fixed h=2.00),RELU,Bin 3,2,3,90%,0.898473282442748,0.007695360745670208,0.22020057781531924,,,,,,,,,2096.0,,,,,,
blog_data,52397,280,Local CQR (Fixed h=2.00),RELU,Bin 4,1,4,90%,0.906297709923664,0.021335673024730575,0.1312802512677678,,,,,,,,,2096.0,,,,,,
blog_data,52397,280,Local CQR (Fixed h=2.00),RELU,Bin 5,0,5,90%,0.9342557251908398,0.030788836929303422,0.08291146918848682,,,,,,,,,2096.0,,,,,,
blog_data,52397,280,Local CQR (Fixed h=2.20),RELU,Overall,,,90%,0.8978053435114504,0.0031779250314301066,0.47304122674832555,0.04714812317405807,18.180935012761793,0.07979211881756783,1.5115523929724006,0.8481870229007633,0.027654311427056592,0.9418893129770993,0.0937022900763359,,1.200085894390114,0.10694313871747331,0.7256960312891745,0.028936899088235667,0.0012907264291125236,0.0009866688537599631
blog_data,52397,280,Local CQR (Fixed h=2.20),RELU,Bin 1,4,1,90%,0.8629770992366412,0.0453775301616951,1.4516002098154384,,,,,,,,,2096.0,,,,,,
blog_data,52397,280,Local CQR (Fixed h=2.20),RELU,Bin 2,3,2,90%,0.8867366412213741,0.012578058819300835,0.4792069490812807,,,,,,,,,2096.0,,,,,,
blog_data,52397,280,Local CQR (Fixed h=2.20),RELU,Bin 3,2,3,90%,0.8986641221374045,0.0072141443402426765,0.2201990582779377,,,,,,,,,2096.0,,,,,,
blog_data,52397,280,Local CQR (Fixed h=2.20),RELU,Bin 4,1,4,90%,0.9063931297709924,0.021382137917472132,0.13128361413708553,,,,,,,,,2096.0,,,,,,
blog_data,52397,280,Local CQR (Fixed h=2.20),RELU,Bin 5,0,5,90%,0.9342557251908398,0.031053846533637384,0.08291630242988537,,,,,,,,,2096.0,,,,,,
rf1,4017,64,Global CQR,RELU,Overall,,,90%,0.9019900497512439,0.010238365983709797,0.5123950600624084,0.02740935508065836,17.417352338575277,0.5152224898338318,0.18811772763729095,0.8645962732919255,0.014379921618372926,0.9390295031055901,0.07443322981366456,,0.5684359550476075,0.0264670006056754,0.6261679649353027,0.028169446715084905,0.001020590267061455,0.0007541518423182304
rf1,4017,64,Global CQR,RELU,Bin 1,1,1,90%,0.8683229813664596,0.018592086393907768,0.5764375329017639,,,,,,,,,161.0,,,,,,
rf1,4017,64,Global CQR,RELU,Bin 2,0,2,90%,0.8944099378881987,0.019641476150114166,0.5111372709274292,,,,,,,,,161.0,,,,,,
rf1,4017,64,Global CQR,RELU,Bin 3,2,3,90%,0.9112499999999999,0.031224989991991983,0.45506250858306885,,,,,,,,,160.0,,,,,,
rf1,4017,64,Global CQR,RELU,Bin 4,4,4,90%,0.9155279503105591,0.01867490233338249,0.5573404192924499,,,,,,,,,161.0,,,,,,
rf1,4017,64,Global CQR,RELU,Bin 5,3,5,90%,0.9204968944099378,0.0350037336735537,0.4616415202617645,,,,,,,,,161.0,,,,,,
rf1,4017,64,Local CQR (Silverman),RELU,Overall,,,90%,0.9039800995024875,0.008667289248847939,0.5064526452307604,0.027474205255995084,17.215656297726134,0.5031104028224945,0.18964460962145244,0.8745341614906833,0.014379921618372942,0.924223602484472,0.04968944099378878,,0.5568276618315435,0.027335540068452187,0.6502625457802746,0.03019172651216336,0.0004744843707804477,0.0002257454066680128
rf1,4017,64,Local CQR (Silverman),RELU,Bin 1,1,1,90%,0.8919254658385094,0.02681619024214023,0.586799575425453,,,,,,,,,161.0,,,,,,
rf1,4017,64,Local CQR (Silverman),RELU,Bin 2,0,2,90%,0.8993788819875776,0.012668371462342298,0.5025391560788296,,,,,,,,,161.0,,,,,,
rf1,4017,64,Local CQR (Silverman),RELU,Bin 3,4,3,90%,0.9055900621118014,0.020562665040058194,0.525456394199629,,,,,,,,,161.0,,,,,,
rf1,4017,64,Local CQR (Silverman),RELU,Bin 4,3,4,90%,0.9080745341614908,0.019002557193513472,0.45892599966168773,,,,,,,,,161.0,,,,,,
rf1,4017,64,Local CQR (Silverman),RELU,Bin 5,2,5,90%,0.915,0.017940875118009174,0.45824265988543633,,,,,,,,,160.0,,,,,,
rf1,4017,64,Local CQR (Scott),RELU,Overall,,,90%,0.9044776119402984,0.008982820937944185,0.5059771781490736,0.027419724462194473,17.199486522935793,0.5020681187510491,0.18993952693027571,0.8770186335403727,0.013263451244759418,0.9217391304347826,0.044720496894409933,,0.5561126543116288,0.026975145397992464,0.6513102728098885,0.02980611137817421,0.0004568344079125034,0.00029849477800057646
rf1,4017,64,Local CQR (Scott),RELU,Bin 1,1,1,90%,0.8968944099378883,0.028759843236745915,0.5870573621914253,,,,,,,,,161.0,,,,,,
rf1,4017,64,Local CQR (Scott),RELU,Bin 2,0,2,90%,0.8981366459627329,0.011520022975771054,0.5014494947788324,,,,,,,,,161.0,,,,,,
rf1,4017,64,Local CQR (Scott),RELU,Bin 3,4,3,90%,0.9043478260869566,0.020260256435155395,0.5241337240019941,,,,,,,,,161.0,,,,,,
rf1,4017,64,Local CQR (Scott),RELU,Bin 4,3,4,90%,0.9093167701863354,0.016480123181890176,0.4588315676620103,,,,,,,,,161.0,,,,,,
rf1,4017,64,Local CQR (Scott),RELU,Bin 5,2,5,90%,0.91375,0.01828592354790976,0.45811647063586863,,,,,,,,,160.0,,,,,,
rf1,4017,64,Local CQR (ISJ),RELU,Overall,,,90%,0.9044776119402984,0.008982820937944185,0.5059771781490736,0.027419724462194473,17.199486522935793,0.5020681187510491,0.18993952693027571,0.8770186335403727,0.013263451244759418,0.9217391304347826,0.044720496894409933,,0.5561126543116288,0.026975145397992464,0.6513102728098885,0.02980611137817421,0.0004568344079125034,0.00029849477800057646
rf1,4017,64,Local CQR (ISJ),RELU,Bin 1,1,1,90%,0.8968944099378883,0.028759843236745915,0.5870573621914253,,,,,,,,,161.0,,,,,,
rf1,4017,64,Local CQR (ISJ),RELU,Bin 2,0,2,90%,0.8981366459627329,0.011520022975771054,0.5014494947788324,,,,,,,,,161.0,,,,,,
rf1,4017,64,Local CQR (ISJ),RELU,Bin 3,4,3,90%,0.9043478260869566,0.020260256435155395,0.5241337240019941,,,,,,,,,161.0,,,,,,
rf1,4017,64,Local CQR (ISJ),RELU,Bin 4,3,4,90%,0.9093167701863354,0.016480123181890176,0.4588315676620103,,,,,,,,,161.0,,,,,,
rf1,4017,64,Local CQR (ISJ),RELU,Bin 5,2,5,90%,0.91375,0.01828592354790976,0.45811647063586863,,,,,,,,,160.0,,,,,,
rf1,4017,64,Local CQR (Fixed h=0.60),RELU,Overall,,,90%,0.9057213930348258,0.009220772633259045,0.5100017802233794,0.02823623222738422,17.3363909392103,0.5098251566290856,0.1869482035240028,0.8782608695652174,0.010091973173460838,0.9341149068322983,0.055854037267080756,,0.5640360934474501,0.026827820729605815,0.636034478038342,0.030891674100004544,0.0005983069350140813,0.0003981809391354259
rf1,4017,64,Local CQR (Fixed h=0.60),RELU,Bin 1,1,1,90%,0.884472049689441,0.016005091585993975,0.5820704615125376,,,,,,,,,161.0,,,,,,
rf1,4017,64,Local CQR (Fixed h=0.60),RELU,Bin 2,0,2,90%,0.9043478260869566,0.022429155385425812,0.5132440551398149,,,,,,,,,161.0,,,,,,
rf1,4017,64,Local CQR (Fixed h=0.60),RELU,Bin 3,4,3,90%,0.906832298136646,0.01712304192806238,0.5344360105045463,,,,,,,,,161.0,,,,,,
rf1,4017,64,Local CQR (Fixed h=0.60),RELU,Bin 4,3,4,90%,0.9118012422360249,0.020562665040058194,0.45959581848210795,,,,,,,,,161.0,,,,,,
rf1,4017,64,Local CQR (Fixed h=0.60),RELU,Bin 5,2,5,90%,0.92125,0.0248746859276655,0.46035418532323097,,,,,,,,,160.0,,,,,,
rf1,4017,64,Local CQR (Fixed h=0.80),RELU,Overall,,,90%,0.9069651741293532,0.009517973368014439,0.5105995315974995,0.02836310600092757,17.35679043475056,0.5122600181028247,0.1869226444745971,0.8770186335403727,0.012043925111593388,0.93777950310559,0.06076086956521738,,0.565230342817136,0.026615184493198434,0.6347144807370854,0.03041029422250451,0.0007153377088075303,0.0005447427885452005
rf1,4017,64,Local CQR (Fixed h=0.80),RELU,Bin 1,1,1,90%,0.8807453416149068,0.015908383198590958,0.5807233788397002,,,,,,,,,161.0,,,,,,
rf1,4017,64,Local CQR (Fixed h=0.80),RELU,Bin 2,4,2,90%,0.906832298136646,0.015214222004864445,0.5380414445577941,,,,,,,,,161.0,,,,,,
rf1,4017,64,Local CQR (Fixed h=0.80),RELU,Bin 3,0,3,90%,0.906832298136646,0.020412020776590028,0.513964299341629,,,,,,,,,161.0,,,,,,
rf1,4017,64,Local CQR (Fixed h=0.80),RELU,Bin 4,3,4,90%,0.9155279503105589,0.02503036233491912,0.460375308594811,,,,,,,,,161.0,,,,,,
rf1,4017,64,Local CQR (Fixed h=0.80),RELU,Bin 5,2,5,90%,0.925,0.026809513236909013,0.45957631224766377,,,,,,,,,160.0,,,,,,
rf1,4017,64,Local CQR (Fixed h=1.00),RELU,Overall,,,90%,0.9054726368159205,0.010043099123475818,0.5107629998285897,0.028203915411933803,17.362370798375235,0.5132594890892506,0.18692722453537877,0.8745341614906833,0.01490683229813664,0.9352872670807454,0.060753105590062084,,0.5660583156452917,0.026808848048444377,0.6326951133873056,0.030157801101517643,0.0007200435939971446,0.0005391154975131737
rf1,4017,64,Local CQR (Fixed h=1.00),RELU,Bin 1,1,1,90%,0.8770186335403727,0.017302345685943007,0.5798877703847353,,,,,,,,,161.0,,,,,,
rf1,4017,64,Local CQR (Fixed h=1.00),RELU,Bin 2,0,2,90%,0.9055900621118014,0.019002557193513465,0.5140077102050092,,,,,,,,,161.0,,,,,,
rf1,4017,64,Local CQR (Fixed h=1.00),RELU,Bin 3,4,3,90%,0.9080745341614908,0.01326345124475937,0.5401346795769952,,,,,,,,,161.0,,,,,,
rf1,4017,64,Local CQR (Fixed h=1.00),RELU,Bin 4,3,4,90%,0.9142857142857143,0.026175537274168305,0.4604029146156141,,,,,,,,,161.0,,,,,,
rf1,4017,64,Local CQR (Fixed h=1.00),RELU,Bin 5,2,5,90%,0.9225,0.027271780286589276,0.4590607926389203,,,,,,,,,160.0,,,,,,
rf1,4017,64,Local CQR (Fixed h=1.20),RELU,Overall,,,90%,0.9049751243781096,0.009589221526067834,0.51104066410468,0.028129933193459074,17.371776231510825,0.513200830668211,0.18702246195741784,0.8732919254658384,0.01394406479543083,0.9327950310559006,0.05950310559006211,,0.5664707312147268,0.02704340965466206,0.6318229640297531,0.02993473190165752,0.0006976674318120438,0.0005700578502216989
rf1,4017,64,Local CQR (Fixed h=1.20),RELU,Bin 1,1,1,90%,0.8770186335403727,0.017302345685943007,0.5797560468871401,,,,,,,,,161.0,,,,,,
rf1,4017,64,Local CQR (Fixed h=1.20),RELU,Bin 2,4,2,90%,0.9055900621118014,0.013832954938708111,0.5418207250442933,,,,,,,,,161.0,,,,,,
rf1,4017,64,Local CQR (Fixed h=1.20),RELU,Bin 3,0,3,90%,0.9055900621118014,0.019002557193513465,0.513953621474945,,,,,,,,,161.0,,,,,,
rf1,4017,64,Local CQR (Fixed h=1.20),RELU,Bin 4,3,4,90%,0.9142857142857143,0.025579205319222368,0.4605797092389802,,,,,,,,,161.0,,,,,,
rf1,4017,64,Local CQR (Fixed h=1.20),RELU,Bin 5,2,5,90%,0.9225,0.02610076627227637,0.4587685463391245,,,,,,,,,160.0,,,,,,
rf1,4017,64,Local CQR (Fixed h=1.40),RELU,Overall,,,90%,0.9054726368159205,0.010104525378900468,0.5113260750302034,0.027836331572996302,17.381461108288548,0.5138683602213859,0.18689727210107848,0.8720496894409937,0.012789602659611167,0.9353183229813664,0.06326863354037264,,0.566645289520126,0.027032709620804687,0.6315553270662947,0.030118344376606362,0.0008003831955750154,0.0007077449804243079
rf1,4017,64,Local CQR (Fixed h=1.40),RELU,Bin 1,1,1,90%,0.8770186335403727,0.017302345685943007,0.5798422180949161,,,,,,,,,161.0,,,,,,
rf1,4017,64,Local CQR (Fixed h=1.40),RELU,Bin 2,0,2,90%,0.9043478260869564,0.020260256435155378,0.5139458411529383,,,,,,,,,161.0,,,,,,
rf1,4017,64,Local CQR (Fixed h=1.40),RELU,Bin 3,4,3,90%,0.906832298136646,0.015214222004864443,0.5429882676242301,,,,,,,,,161.0,,,,,,
rf1,4017,64,Local CQR (Fixed h=1.40),RELU,Bin 4,3,4,90%,0.9180124223602485,0.03127870388078053,0.4609781908391981,,,,,,,,,161.0,,,,,,
rf1,4017,64,Local CQR (Fixed h=1.40),RELU,Bin 5,2,5,90%,0.9212499999999999,0.02669269563007827,0.4585480435797945,,,,,,,,,160.0,,,,,,
rf1,4017,64,Local CQR (Fixed h=1.60),RELU,Overall,,,90%,0.9057213930348258,0.009774568509646031,0.5117276168850006,0.02760226400928668,17.395079256841278,0.5141954272985458,0.18696768926300425,0.8720496894409937,0.012789602659611167,0.9365605590062112,0.06451086956521737,,0.5670287188837555,0.026979056797536125,0.6309415737429285,0.02976459146453607,0.0008090248374869787,0.0006967384256222496
rf1,4017,64,Local CQR (Fixed h=1.60),RELU,Bin 1,1,1,90%,0.8757763975155279,0.016196776161994157,0.5797840125534846,,,,,,,,,161.0,,,,,,
rf1,4017,64,Local CQR (Fixed h=1.60),RELU,Bin 2,0,2,90%,0.9043478260869564,0.020260256435155378,0.5140307283202498,,,,,,,,,161.0,,,,,,
rf1,4017,64,Local CQR (Fixed h=1.60),RELU,Bin 3,4,3,90%,0.9093167701863354,0.01278960265961116,0.5447742465814078,,,,,,,,,161.0,,,,,,
rf1,4017,64,Local CQR (Fixed h=1.60),RELU,Bin 4,2,4,90%,0.91875,0.028504385627478434,0.4583147193817421,,,,,,,,,160.0,,,,,,
rf1,4017,64,Local CQR (Fixed h=1.60),RELU,Bin 5,3,5,90%,0.9204968944099379,0.030529703670669563,0.46140262046076863,,,,,,,,,161.0,,,,,,
rf1,4017,64,Local CQR (Fixed h=1.80),RELU,Overall,,,90%,0.9059701492537314,0.009749212906599724,0.5120321276416975,0.027530464679555805,17.405380149258182,0.5144391722977162,0.18707964849899555,0.8720496894409937,0.013379291446296895,0.9365605590062112,0.06451086956521737,,0.5672344207541267,0.026750886803523433,0.630544243554642,0.029464543867176327,0.0008328474017206117,0.0006840504784748261
rf1,4017,64,Local CQR (Fixed h=1.80),RELU,Bin 1,1,1,90%,0.8770186335403727,0.016850509274845382,0.5794836330302754,,,,,,,,,161.0,,,,,,
rf1,4017,64,Local CQR (Fixed h=1.80),RELU,Bin 2,0,2,90%,0.9043478260869564,0.020260256435155378,0.5139844566467942,,,,,,,,,161.0,,,,,,
rf1,4017,64,Local CQR (Fixed h=1.80),RELU,Bin 3,4,3,90%,0.9118012422360249,0.014379921618372935,0.5468309124943261,,,,,,,,,161.0,,,,,,
rf1,4017,64,Local CQR (Fixed h=1.80),RELU,Bin 4,2,4,90%,0.9174999999999999,0.029685855217594793,0.45791042817756533,,,,,,,,,160.0,,,,,,
rf1,4017,64,Local CQR (Fixed h=1.80),RELU,Bin 5,3,5,90%,0.919254658385093,0.031913621313453724,0.4616150482355253,,,,,,,,,161.0,,,,,,
rf1,4017,64,Local CQR (Fixed h=2.00),RELU,Overall,,,90%,0.9062189054726367,0.00965353627459317,0.5123018270692052,0.02762960138490852,17.414475099673545,0.5148334771394729,0.1873434609396385,0.8720496894409937,0.013379291446296895,0.9390450310559005,0.0669953416149068,,0.5674669496520464,0.026572186064198623,0.6301865664036027,0.02909463961580336,0.0008933388951043546,0.0006762907364554545
rf1,4017,64,Local CQR (Fixed h=2.00),RELU,Bin 1,1,1,90%,0.8770186335403727,0.016850509274845382,0.5790605067790295,,,,,,,,,161.0,,,,,,
rf1,4017,64,Local CQR (Fixed h=2.00),RELU,Bin 2,0,2,90%,0.901863354037267,0.0220124784430675,0.513794399133843,,,,,,,,,161.0,,,,,,
rf1,4017,64,Local CQR (Fixed h=2.00),RELU,Bin 3,4,3,90%,0.9130434782608695,0.018001710243713585,0.5489336984590715,,,,,,,,,161.0,,,,,,
rf1,4017,64,Local CQR (Fixed h=2.00),RELU,Bin 4,2,4,90%,0.9174999999999999,0.029685855217594793,0.45758626616094267,,,,,,,,,160.0,,,,,,
rf1,4017,64,Local CQR (Fixed h=2.00),RELU,Bin 5,3,5,90%,0.9217391304347824,0.03181676639718185,0.46179441660874004,,,,,,,,,161.0,,,,,,
rf1,4017,64,Local CQR (Fixed h=2.20),RELU,Overall,,,90%,0.9059701492537314,0.009126336481514499,0.5124135735690298,0.02759421094008993,17.41821203902628,0.5151789397001266,0.18744465263303128,0.8720496894409937,0.012789602659611167,0.9377950310559007,0.06574534161490682,,0.5675410174630323,0.026546803510077082,0.6295758599812745,0.029020731224238143,0.0008792763951043546,0.0006901987100348279
rf1,4017,64,Local CQR (Fixed h=2.20),RELU,Bin 1,1,1,90%,0.8757763975155279,0.016196776161994157,0.5786548514358746,,,,,,,,,161.0,,,,,,
rf1,4017,64,Local CQR (Fixed h=2.20),RELU,Bin 2,0,2,90%,0.901863354037267,0.0220124784430675,0.5134715963802907,,,,,,,,,161.0,,,,,,
rf1,4017,64,Local CQR (Fixed h=2.20),RELU,Bin 3,4,3,90%,0.9142857142857143,0.01817234638301589,0.5504213903538929,,,,,,,,,161.0,,,,,,
rf1,4017,64,Local CQR (Fixed h=2.20),RELU,Bin 4,2,4,90%,0.91625,0.029208303613869814,0.45728245788253846,,,,,,,,,160.0,,,,,,
rf1,4017,64,Local CQR (Fixed h=2.20),RELU,Bin 5,3,5,90%,0.9217391304347826,0.030580207764201645,0.46189514250257374,,,,,,,,,161.0,,,,,,
rf2,7679,576,Global CQR,RELU,Overall,,,90%,0.9050097592713078,0.002536576277113574,0.3049288809299469,0.0134788843257363,18.13703526178985,0.24987681806087494,0.21218160092830657,0.8609480096450779,0.016094972958230983,0.9472460763991709,0.0862980667540928,,0.48858346939086916,0.07119285474430845,0.47438623309135436,0.07666705124883956,0.0011470165708205777,0.0006526052155488905
rf2,7679,576,Global CQR,RELU,Bin 1,4,1,90%,0.8655844155844156,0.018320436337228404,0.4267387747764587,,,,,,,,,308.0,,,,,,
rf2,7679,576,Global CQR,RELU,Bin 2,3,2,90%,0.9029315960912051,0.015054358316991985,0.2513254642486572,,,,,,,,,307.0,,,,,,
rf2,7679,576,Global CQR,RELU,Bin 3,2,3,90%,0.9068403908794789,0.029754233867541963,0.23903146386146545,,,,,,,,,307.0,,,,,,
rf2,7679,576,Global CQR,RELU,Bin 4,0,4,90%,0.9240259740259742,0.03548331452549155,0.3277680933475494,,,,,,,,,308.0,,,,,,
rf2,7679,576,Global CQR,RELU,Bin 5,1,5,90%,0.9257328990228013,0.023434665470495056,0.2793095052242279,,,,,,,,,307.0,,,,,,
rf2,7679,576,Local CQR (Silverman),RELU,Overall,,,90%,0.8999349381912817,0.001812412267688238,0.30205369710973135,0.017792891166510432,17.964265541703107,0.2456166312098503,0.22407338376669966,0.8616121663352935,0.019677741799529355,0.9361880790219551,0.07457591268666183,,0.47786824360354113,0.072440028036772,0.483543414645629,0.08681793299881034,0.0008230021417538095,0.0005143687712957327
rf2,7679,576,Local CQR (Silverman),RELU,Bin 1,4,1,90%,0.8616883116883118,0.019759901369744065,0.43158225338519,,,,,,,,,308.0,,,,,,
rf2,7679,576,Local CQR (Silverman),RELU,Bin 2,3,2,90%,0.8925081433224754,0.011283718616083897,0.2443051783276983,,,,,,,,,307.0,,,,,,
rf2,7679,576,Local CQR (Silverman),RELU,Bin 3,2,3,90%,0.9094462540716612,0.019695396036261865,0.234166727201097,,,,,,,,,307.0,,,,,,
rf2,7679,576,Local CQR (Silverman),RELU,Bin 4,0,4,90%,0.9136363636363637,0.021982221921832152,0.3253441696158042,,,,,,,,,308.0,,,,,,
rf2,7679,576,Local CQR (Silverman),RELU,Bin 5,1,5,90%,0.9224755700325733,0.020539260938676814,0.2743723751661589,,,,,,,,,307.0,,,,,,
rf2,7679,576,Local CQR (Scott),RELU,Overall,,,90%,0.9009759271307743,0.0012615952784427798,0.30247595594988663,0.018138147927409382,17.989158236614077,0.24522478878498077,0.22513292976828403,0.863481957781632,0.01714363130195134,0.9355366132239096,0.07205465544227758,,0.4771159796629564,0.07177601059145033,0.4844785966175982,0.08709873986380084,0.0007755423558808015,0.00048816390059670833
rf2,7679,576,Local CQR (Scott),RELU,Bin 1,4,1,90%,0.864935064935065,0.018662477744415464,0.43245077183131464,,,,,,,,,308.0,,,,,,
rf2,7679,576,Local CQR (Scott),RELU,Bin 2,3,2,90%,0.8905537459283387,0.011762521228187491,0.24419154431488885,,,,,,,,,307.0,,,,,,
rf2,7679,576,Local CQR (Scott),RELU,Bin 3,2,3,90%,0.9094462540716612,0.018926174653203853,0.234685402254935,,,,,,,,,307.0,,,,,,
rf2,7679,576,Local CQR (Scott),RELU,Bin 4,0,4,90%,0.9175324675324676,0.019759901369744072,0.32597708874261133,,,,,,,,,308.0,,,,,,
rf2,7679,576,Local CQR (Scott),RELU,Bin 5,1,5,90%,0.9224755700325733,0.020539260938676814,0.27457505094876405,,,,,,,,,307.0,,,,,,
rf2,7679,576,Local CQR (ISJ),RELU,Overall,,,90%,0.9009759271307743,0.0012615952784427798,0.30247595594988663,0.018138147927409382,17.989158236614077,0.24522478878498077,0.22513292976828403,0.863481957781632,0.01714363130195134,0.9355366132239096,0.07205465544227758,,0.4771159796629564,0.07177601059145033,0.4844785966175982,0.08709873986380084,0.0007755423558808015,0.00048816390059670833
rf2,7679,576,Local CQR (ISJ),RELU,Bin 1,4,1,90%,0.864935064935065,0.018662477744415464,0.43245077183131464,,,,,,,,,308.0,,,,,,
rf2,7679,576,Local CQR (ISJ),RELU,Bin 2,3,2,90%,0.8905537459283387,0.011762521228187491,0.24419154431488885,,,,,,,,,307.0,,,,,,
rf2,7679,576,Local CQR (ISJ),RELU,Bin 3,2,3,90%,0.9094462540716612,0.018926174653203853,0.234685402254935,,,,,,,,,307.0,,,,,,
rf2,7679,576,Local CQR (ISJ),RELU,Bin 4,0,4,90%,0.9175324675324676,0.019759901369744072,0.32597708874261133,,,,,,,,,308.0,,,,,,
rf2,7679,576,Local CQR (ISJ),RELU,Bin 5,1,5,90%,0.9224755700325733,0.020539260938676814,0.27457505094876405,,,,,,,,,307.0,,,,,,
rf2,7679,576,Local CQR (Fixed h=0.60),RELU,Overall,,,90%,0.9042290175666883,0.004533832502325119,0.299757087908724,0.016600929124302423,17.82961555892357,0.2455138921737671,0.2135715937952571,0.8629066373366048,0.015350827720543057,0.9356339100638774,0.07272727272727275,,0.48289990200017013,0.0709747136456576,0.4773152940582306,0.07880290879371299,0.0008075332036783003,0.00048705597410371
rf2,7679,576,Local CQR (Fixed h=0.60),RELU,Bin 1,4,1,90%,0.8636363636363636,0.016037777967829216,0.42308603193514144,,,,,,,,,308.0,,,,,,
rf2,7679,576,Local CQR (Fixed h=0.60),RELU,Bin 2,3,2,90%,0.8990228013029317,0.013029315960912058,0.2453351655216578,,,,,,,,,307.0,,,,,,
rf2,7679,576,Local CQR (Fixed h=0.60),RELU,Bin 3,2,3,90%,0.911400651465798,0.01914910548104114,0.23360223880990222,,,,,,,,,307.0,,,,,,
rf2,7679,576,Local CQR (Fixed h=0.60),RELU,Bin 4,1,4,90%,0.9218241042345277,0.020394105332245647,0.2732031665323757,,,,,,,,,307.0,,,,,,
rf2,7679,576,Local CQR (Fixed h=0.60),RELU,Bin 5,0,5,90%,0.9253246753246753,0.01603777796782917,0.3230811396897952,,,,,,,,,308.0,,,,,,
rf2,7679,576,Local CQR (Fixed h=0.80),RELU,Overall,,,90%,0.9050097592713076,0.004903433619106507,0.30021804285113907,0.016439369384296198,17.85714948584378,0.24641738831996918,0.21285658289528198,0.8635559879859553,0.016104814390511916,0.9356317949151827,0.0720758069292271,,0.4836284017414534,0.07155862803688366,0.47771911546055834,0.07882195003980812,0.00079960414033427,0.0004907546630915523
rf2,7679,576,Local CQR (Fixed h=0.80),RELU,Bin 1,4,1,90%,0.864935064935065,0.017375439169168373,0.42305167728260934,,,,,,,,,308.0,,,,,,
rf2,7679,576,Local CQR (Fixed h=0.80),RELU,Bin 2,3,2,90%,0.9003257328990226,0.012799272120122808,0.24604261224476637,,,,,,,,,307.0,,,,,,
rf2,7679,576,Local CQR (Fixed h=0.80),RELU,Bin 3,2,3,90%,0.9094462540716612,0.015194662918163656,0.2343870095672019,,,,,,,,,307.0,,,,,,
rf2,7679,576,Local CQR (Fixed h=0.80),RELU,Bin 4,1,4,90%,0.9224755700325733,0.020948449760017633,0.27408056879288695,,,,,,,,,307.0,,,,,,
rf2,7679,576,Local CQR (Fixed h=0.80),RELU,Bin 5,0,5,90%,0.9279220779220779,0.016090274926446584,0.3230538530632031,,,,,,,,,308.0,,,,,,
rf2,7679,576,Local CQR (Fixed h=1.00),RELU,Overall,,,90%,0.9048796356538713,0.006053196278263119,0.3009031165409385,0.016446792298070917,17.89803910921832,0.2477927640080452,0.21249019095983748,0.8629024070392148,0.016053564198555106,0.9362832607132281,0.07338085367401329,,0.4841672164889109,0.07235493205838477,0.4777950674082535,0.07918093369999601,0.0008427686720363491,0.0005010163846701453
rf2,7679,576,Local CQR (Fixed h=1.00),RELU,Bin 1,4,1,90%,0.8655844155844156,0.017971886367659784,0.4236675363844381,,,,,,,,,308.0,,,,,,
rf2,7679,576,Local CQR (Fixed h=1.00),RELU,Bin 2,3,2,90%,0.8990228013029317,0.015278227230695175,0.24687737262282972,,,,,,,,,307.0,,,,,,
rf2,7679,576,Local CQR (Fixed h=1.00),RELU,Bin 3,2,3,90%,0.9094462540716612,0.015194662918163656,0.23499839106204554,,,,,,,,,307.0,,,,,,
rf2,7679,576,Local CQR (Fixed h=1.00),RELU,Bin 4,1,4,90%,0.9224755700325733,0.023525042456374982,0.2751201510981502,,,,,,,,,307.0,,,,,,
rf2,7679,576,Local CQR (Fixed h=1.00),RELU,Bin 5,0,5,90%,0.9279220779220779,0.01771192428179981,0.3233790359695672,,,,,,,,,308.0,,,,,,
rf2,7679,576,Local CQR (Fixed h=1.20),RELU,Overall,,,90%,0.9064411190631099,0.005751993781470477,0.3016206889965304,0.01636699644805347,17.94078158025335,0.24827617257833481,0.21235302742852866,0.8648568044333516,0.016175403236798072,0.9414399932315242,0.07658318879817254,,0.48495261318176963,0.07282811421409369,0.47758219647376227,0.07842118154675704,0.0009295642411979168,0.000644956245247102
rf2,7679,576,Local CQR (Fixed h=1.20),RELU,Bin 1,4,1,90%,0.8655844155844156,0.016883116883116885,0.4243796944787556,,,,,,,,,308.0,,,,,,
rf2,7679,576,Local CQR (Fixed h=1.20),RELU,Bin 2,3,2,90%,0.9022801302931596,0.012699406312454682,0.24789232682278958,,,,,,,,,307.0,,,,,,
rf2,7679,576,Local CQR (Fixed h=1.20),RELU,Bin 3,2,3,90%,0.9087947882736156,0.015553532750896845,0.23554184071731782,,,,,,,,,307.0,,,,,,
rf2,7679,576,Local CQR (Fixed h=1.20),RELU,Bin 4,1,4,90%,0.92442996742671,0.02334393858914518,0.27578215187154587,,,,,,,,,307.0,,,,,,
rf2,7679,576,Local CQR (Fixed h=1.20),RELU,Bin 5,0,5,90%,0.9311688311688311,0.024069809081624195,0.32403455528841874,,,,,,,,,308.0,,,,,,
rf2,7679,576,Local CQR (Fixed h=1.40),RELU,Overall,,,90%,0.9063109954456733,0.005285646327024077,0.30219173137699634,0.016284331964853186,17.974755253618735,0.24844068326056004,0.21237607838224415,0.866155505732053,0.01575924945539774,0.9446909767756674,0.07853547104361439,,0.4854532228970613,0.07285676176290802,0.47762648802250157,0.07766219611380062,0.000954088539836254,0.0006546397726841781
rf2,7679,576,Local CQR (Fixed h=1.40),RELU,Bin 1,4,1,90%,0.8662337662337662,0.015826048840199933,0.42475307893322467,,,,,,,,,308.0,,,,,,
rf2,7679,576,Local CQR (Fixed h=1.40),RELU,Bin 2,3,2,90%,0.9009771986970684,0.012463274573100326,0.2484123434835032,,,,,,,,,307.0,,,,,,
rf2,7679,576,Local CQR (Fixed h=1.40),RELU,Bin 3,2,3,90%,0.90814332247557,0.014479550990809694,0.23581869942758002,,,,,,,,,307.0,,,,,,
rf2,7679,576,Local CQR (Fixed h=1.40),RELU,Bin 4,1,4,90%,0.92442996742671,0.025515512739499868,0.27645695855968455,,,,,,,,,307.0,,,,,,
rf2,7679,576,Local CQR (Fixed h=1.40),RELU,Bin 5,0,5,90%,0.9318181818181819,0.026216401608034238,0.32504391676456024,,,,,,,,,308.0,,,,,,
rf2,7679,576,Local CQR (Fixed h=1.60),RELU,Overall,,,90%,0.9065712426805466,0.005066472956130605,0.30272211443860675,0.016201975662615626,18.006309486025437,0.24869755059480667,0.2124384004375217,0.8655061550827023,0.016437105347489617,0.9446402132069884,0.07913405812428616,,0.4856942770679081,0.07266841789474826,0.4777522115288443,0.07755673990865104,0.0010041649325933989,0.000660475771514232
rf2,7679,576,Local CQR (Fixed h=1.60),RELU,Bin 1,4,1,90%,0.8655844155844156,0.01650424029498552,0.42516890254549,,,,,,,,,308.0,,,,,,
rf2,7679,576,Local CQR (Fixed h=1.60),RELU,Bin 2,3,2,90%,0.9029315960912051,0.01388096140238601,0.24884570408915851,,,,,,,,,307.0,,,,,,
rf2,7679,576,Local CQR (Fixed h=1.60),RELU,Bin 3,2,3,90%,0.9087947882736156,0.014855705864483888,0.23619881120816796,,,,,,,,,307.0,,,,,,
rf2,7679,576,Local CQR (Fixed h=1.60),RELU,Bin 4,1,4,90%,0.9250814332247558,0.027096591977961475,0.2770259610453093,,,,,,,,,307.0,,,,,,
rf2,7679,576,Local CQR (Fixed h=1.60),RELU,Bin 5,0,5,90%,0.9305194805194805,0.02774787093405388,0.3258968560744754,,,,,,,,,308.0,,,,,,
rf2,7679,576,Local CQR (Fixed h=1.80),RELU,Overall,,,90%,0.9072218607677293,0.004684450227716331,0.30320456164938114,0.016001324347103996,18.034994632392166,0.24965137243270874,0.2123783191910209,0.8662337662337662,0.01722921969015794,0.9465946106011252,0.08036084436735902,,0.4858656146020065,0.07236955556140236,0.4778096285508595,0.07736604527068168,0.0010035210984744637,0.0006382193330751719
rf2,7679,576,Local CQR (Fixed h=1.80),RELU,Bin 1,4,1,90%,0.8662337662337662,0.01722921969015794,0.42567029627668973,,,,,,,,,308.0,,,,,,
rf2,7679,576,Local CQR (Fixed h=1.80),RELU,Bin 2,3,2,90%,0.9029315960912051,0.012082890547877144,0.2492493183488566,,,,,,,,,307.0,,,,,,
rf2,7679,576,Local CQR (Fixed h=1.80),RELU,Bin 3,2,3,90%,0.90814332247557,0.015054358316991985,0.2366010748001622,,,,,,,,,307.0,,,,,,
rf2,7679,576,Local CQR (Fixed h=1.80),RELU,Bin 4,1,4,90%,0.9276872964169381,0.025928011390400532,0.2775034032501159,,,,,,,,,307.0,,,,,,
rf2,7679,576,Local CQR (Fixed h=1.80),RELU,Bin 5,0,5,90%,0.9311688311688311,0.026883430577252544,0.32652384580306515,,,,,,,,,308.0,,,,,,
rf2,7679,576,Local CQR (Fixed h=2.00),RELU,Overall,,,90%,0.907612231620039,0.004582125403164343,0.30357916519450595,0.015769094524098273,18.05726727301191,0.2500335812568665,0.21247615481911603,0.8674563221794493,0.019245622093986236,0.9472460763991709,0.07978975421972163,,0.4860580873592631,0.07223346093060776,0.4777991376422543,0.077347392909965,0.0010109316555612512,0.000672888296460257
rf2,7679,576,Local CQR (Fixed h=2.00),RELU,Bin 1,4,1,90%,0.8675324675324676,0.019306582788725327,0.42604494067271814,,,,,,,,,308.0,,,,,,
rf2,7679,576,Local CQR (Fixed h=2.00),RELU,Bin 2,3,2,90%,0.9029315960912051,0.012082890547877144,0.24951736713101305,,,,,,,,,307.0,,,,,,
rf2,7679,576,Local CQR (Fixed h=2.00),RELU,Bin 3,2,3,90%,0.9087947882736156,0.015553532750896843,0.236852320321875,,,,,,,,,307.0,,,,,,
rf2,7679,576,Local CQR (Fixed h=2.00),RELU,Bin 4,1,4,90%,0.9283387622149837,0.02581317622952307,0.2778479489294587,,,,,,,,,307.0,,,,,,
rf2,7679,576,Local CQR (Fixed h=2.00),RELU,Bin 5,0,5,90%,0.9305194805194805,0.027442268323526562,0.32715753508888956,,,,,,,,,308.0,,,,,,
rf2,7679,576,Local CQR (Fixed h=2.20),RELU,Overall,,,90%,0.907612231620039,0.004488793314420384,0.3038946005105536,0.015531868306917556,18.076025546506138,0.2500190958380699,0.21254760770420683,0.8668069715300986,0.02016327152461916,0.9478975421972166,0.08109057066711789,,0.4863133606694217,0.0720068206605279,0.4775104638570086,0.0774104950241121,0.0010420110925058236,0.0007068069988203536
rf2,7679,576,Local CQR (Fixed h=2.20),RELU,Bin 1,4,1,90%,0.8668831168831168,0.020223911042074594,0.4263796790224778,,,,,,,,,308.0,,,,,,
rf2,7679,576,Local CQR (Fixed h=2.20),RELU,Bin 2,3,2,90%,0.9035830618892507,0.012463274573100326,0.24972397262891843,,,,,,,,,307.0,,,,,,
rf2,7679,576,Local CQR (Fixed h=2.20),RELU,Bin 3,2,3,90%,0.9094462540716612,0.01614268624542524,0.2371292784949613,,,,,,,,,307.0,,,,,,
rf2,7679,576,Local CQR (Fixed h=2.20),RELU,Bin 4,1,4,90%,0.9289902280130292,0.02617239013237873,0.27816985205531797,,,,,,,,,307.0,,,,,,
rf2,7679,576,Local CQR (Fixed h=2.20),RELU,Bin 5,0,5,90%,0.9292207792207792,0.02840862708341216,0.3275940492525454,,,,,,,,,308.0,,,,,,
scm1d,9803,280,Global CQR,RELU,Overall,,,90%,0.8933197348291688,0.009661519496412087,0.8047553181648255,0.01405203882070608,185.93685519366346,0.6831407666206359,0.46709285378456117,0.8481214623253882,0.030717154091511052,0.935204081632653,0.08708261930726491,,1.1072656631469726,0.03422140055795245,0.5993511795997619,0.015305012782898891,0.0011773978791137336,0.000889443513139645
scm1d,9803,280,Global CQR,RELU,Bin 1,4,1,90%,0.8666666666666668,0.03568152293731929,1.0939488649368285,,,,,,,,,393.0,,,,,,
scm1d,9803,280,Global CQR,RELU,Bin 2,2,2,90%,0.8826530612244898,0.02872589440869232,0.7581420540809631,,,,,,,,,392.0,,,,,,
scm1d,9803,280,Global CQR,RELU,Bin 3,3,3,90%,0.8831632653061223,0.024963530250459335,0.8704320788383484,,,,,,,,,392.0,,,,,,
scm1d,9803,280,Global CQR,RELU,Bin 4,1,4,90%,0.9,0.01025497512359275,0.6858454704284668,,,,,,,,,392.0,,,,,,
scm1d,9803,280,Global CQR,RELU,Bin 5,0,5,90%,0.9341836734693878,0.014009724711985718,0.6146703481674194,,,,,,,,,392.0,,,,,,
scm1d,9803,280,Local CQR (Silverman),RELU,Overall,,,90%,0.8913819479857217,0.008654035057867002,0.8101318747199333,0.016744742677802096,187.1810166875427,0.6818335987627506,0.4917054021498085,0.8592628654515242,0.02307281305278335,0.9163265306122449,0.05706366516072079,,1.0975823664992237,0.026079406395246026,0.5971428207861332,0.017088436640541875,0.0006115132412678825,0.0003742842343570219
scm1d,9803,280,Local CQR (Silverman),RELU,Bin 1,2,1,90%,0.8770408163265305,0.027446893176148488,0.7644083580743446,,,,,,,,,392.0,,,,,,
scm1d,9803,280,Local CQR (Silverman),RELU,Bin 2,4,2,90%,0.887531806615776,0.023945629223447513,1.1386005604952234,,,,,,,,,393.0,,,,,,
scm1d,9803,280,Local CQR (Silverman),RELU,Bin 3,3,3,90%,0.8877551020408163,0.024785628166308415,0.8928804824784475,,,,,,,,,392.0,,,,,,
scm1d,9803,280,Local CQR (Silverman),RELU,Bin 4,1,4,90%,0.8964285714285714,0.011247656982167674,0.6837631329951086,,,,,,,,,392.0,,,,,,
scm1d,9803,280,Local CQR (Silverman),RELU,Bin 5,0,5,90%,0.9081632653061223,0.00883699391616775,0.5701689092356863,,,,,,,,,392.0,,,,,,
scm1d,9803,280,Local CQR (Scott),RELU,Overall,,,90%,0.8910759816420194,0.00937853253040096,0.8103016078881474,0.016532412070152464,187.22009914339193,0.6818331882357598,0.49255170505839685,0.8582450537466896,0.023790177855998258,0.9158163265306122,0.05757127278392273,,1.0980979782630411,0.02639924461737188,0.5967290404448684,0.016993328690566183,0.0006403808591123154,0.00039621460174738563
scm1d,9803,280,Local CQR (Scott),RELU,Bin 1,2,1,90%,0.8770408163265305,0.027446893176148488,0.7643360586095678,,,,,,,,,392.0,,,,,,
scm1d,9803,280,Local CQR (Scott),RELU,Bin 2,4,2,90%,0.8865139949109414,0.02597913286127273,1.1392006978235971,,,,,,,,,393.0,,,,,,
scm1d,9803,280,Local CQR (Scott),RELU,Bin 3,3,3,90%,0.8877551020408163,0.024785628166308415,0.8929535464222106,,,,,,,,,392.0,,,,,,
scm1d,9803,280,Local CQR (Scott),RELU,Bin 4,1,4,90%,0.8959183673469386,0.011790020416623817,0.6837181158268787,,,,,,,,,392.0,,,,,,
scm1d,9803,280,Local CQR (Scott),RELU,Bin 5,0,5,90%,0.9081632653061223,0.00883699391616775,0.5704605924678321,,,,,,,,,392.0,,,,,,
scm1d,9803,280,Local CQR (ISJ),RELU,Overall,,,90%,0.8910759816420194,0.00937853253040096,0.8103016078881474,0.016532412070152464,187.22009914339193,0.6818331882357598,0.49255170505839685,0.8582450537466896,0.023790177855998258,0.9158163265306122,0.05757127278392273,,1.0980979782630411,0.02639924461737188,0.5967290404448684,0.016993328690566183,0.0006403808591123154,0.00039621460174738563
scm1d,9803,280,Local CQR (ISJ),RELU,Bin 1,2,1,90%,0.8770408163265305,0.027446893176148488,0.7643360586095678,,,,,,,,,392.0,,,,,,
scm1d,9803,280,Local CQR (ISJ),RELU,Bin 2,4,2,90%,0.8865139949109414,0.02597913286127273,1.1392006978235971,,,,,,,,,393.0,,,,,,
scm1d,9803,280,Local CQR (ISJ),RELU,Bin 3,3,3,90%,0.8877551020408163,0.024785628166308415,0.8929535464222106,,,,,,,,,392.0,,,,,,
scm1d,9803,280,Local CQR (ISJ),RELU,Bin 4,1,4,90%,0.8959183673469386,0.011790020416623817,0.6837181158268787,,,,,,,,,392.0,,,,,,
scm1d,9803,280,Local CQR (ISJ),RELU,Bin 5,0,5,90%,0.9081632653061223,0.00883699391616775,0.5704605924678321,,,,,,,,,392.0,,,,,,
scm1d,9803,280,Local CQR (Fixed h=0.60),RELU,Overall,,,90%,0.8931157572667008,0.00955434038032057,0.8097636863010795,0.01775969137237026,187.09826101340172,0.6794846504926682,0.48728489637759403,0.8577335514358415,0.022264539069393734,0.923469387755102,0.06573583631926053,,1.0987426010606929,0.02915380699819251,0.5993279680116566,0.015966423690950516,0.0006852914663397932,0.0004147406125278327
scm1d,9803,280,Local CQR (Fixed h=0.60),RELU,Bin 1,2,1,90%,0.8795918367346939,0.03050150036252064,0.7637591823916502,,,,,,,,,392.0,,,,,,
scm1d,9803,280,Local CQR (Fixed h=0.60),RELU,Bin 2,4,2,90%,0.8865139949109416,0.02324312925530633,1.1371043723915302,,,,,,,,,393.0,,,,,,
scm1d,9803,280,Local CQR (Fixed h=0.60),RELU,Bin 3,3,3,90%,0.8872448979591837,0.0259853705678507,0.8902649347546833,,,,,,,,,392.0,,,,,,
scm1d,9803,280,Local CQR (Fixed h=0.60),RELU,Bin 4,1,4,90%,0.8954081632653061,0.00994570851511117,0.6824708452239177,,,,,,,,,392.0,,,,,,
scm1d,9803,280,Local CQR (Fixed h=0.60),RELU,Bin 5,0,5,90%,0.9168367346938775,0.010774853103032084,0.5743840439729773,,,,,,,,,392.0,,,,,,
scm1d,9803,280,Local CQR (Fixed h=0.80),RELU,Overall,,,90%,0.893727689954105,0.008034489501777107,0.8100373867347603,0.018858638993498534,187.1625036231374,0.6810330644249916,0.487061004532278,0.8587539595991067,0.021499441481257986,0.9275510204081634,0.06879706080905645,,1.100233606768666,0.030447946169766073,0.6004306458612085,0.012562892576796504,0.00070663568071216,0.00044902143975422064
scm1d,9803,280,Local CQR (Fixed h=0.80),RELU,Bin 1,2,1,90%,0.8775510204081632,0.02826917383101033,0.7633382125719621,,,,,,,,,392.0,,,,,,
scm1d,9803,280,Local CQR (Fixed h=0.80),RELU,Bin 2,4,2,90%,0.8854961832061068,0.02264488087662796,1.1355928304528393,,,,,,,,,393.0,,,,,,
scm1d,9803,280,Local CQR (Fixed h=0.80),RELU,Bin 3,3,3,90%,0.8872448979591836,0.0251712171092735,0.8886626557931685,,,,,,,,,392.0,,,,,,
scm1d,9803,280,Local CQR (Fixed h=0.80),RELU,Bin 4,1,4,90%,0.8969387755102041,0.010152933031700185,0.6820077775445368,,,,,,,,,392.0,,,,,,
scm1d,9803,280,Local CQR (Fixed h=0.80),RELU,Bin 5,0,5,90%,0.9214285714285715,0.01179002041662384,0.5797549587303811,,,,,,,,,392.0,,,,,,
scm1d,9803,280,Local CQR (Fixed h=1.00),RELU,Overall,,,90%,0.8939316675165733,0.008532993641347053,0.8097412150838845,0.019407532333745748,187.09378038670198,0.6830406844615936,0.48514205894771206,0.8592654619099548,0.021169467131078014,0.9270408163265307,0.06777535441657576,,1.101662681021339,0.032337354880236986,0.600141062279936,0.012338367824368512,0.000691687837706282,0.00044707225455254475
scm1d,9803,280,Local CQR (Fixed h=1.00),RELU,Bin 1,2,1,90%,0.8770408163265306,0.027304261551550305,0.7629236997105181,,,,,,,,,392.0,,,,,,
scm1d,9803,280,Local CQR (Fixed h=1.00),RELU,Bin 2,4,2,90%,0.8854961832061068,0.023869800304444945,1.13238239984727,,,,,,,,,393.0,,,,,,
scm1d,9803,280,Local CQR (Fixed h=1.00),RELU,Bin 3,3,3,90%,0.888265306122449,0.023347063650301113,0.8872601107912784,,,,,,,,,392.0,,,,,,
scm1d,9803,280,Local CQR (Fixed h=1.00),RELU,Bin 4,1,4,90%,0.8969387755102041,0.010023919747136987,0.681989168963034,,,,,,,,,392.0,,,,,,
scm1d,9803,280,Local CQR (Fixed h=1.00),RELU,Bin 5,0,5,90%,0.9219387755102041,0.011476757019593872,0.5833276318604773,,,,,,,,,392.0,,,,,,
scm1d,9803,280,Local CQR (Fixed h=1.20),RELU,Overall,,,90%,0.8941356450790412,0.009171054419731324,0.8088500835580206,0.019560851118875462,186.88767448000846,0.6830719858407974,0.4817694282352224,0.859269356597601,0.022794051326252087,0.9285714285714285,0.06930207197382768,,1.1024034530587454,0.03367976788019119,0.6005276162322627,0.010971338811251884,0.0007341093433917301,0.0004986102502949209
scm1d,9803,280,Local CQR (Fixed h=1.20),RELU,Bin 1,2,1,90%,0.8775510204081632,0.02646184179569376,0.7622688290587037,,,,,,,,,392.0,,,,,,
scm1d,9803,280,Local CQR (Fixed h=1.20),RELU,Bin 2,4,2,90%,0.8829516539440204,0.026492448009812437,1.1273535721048076,,,,,,,,,393.0,,,,,,
scm1d,9803,280,Local CQR (Fixed h=1.20),RELU,Bin 3,3,3,90%,0.888265306122449,0.022839825801632022,0.8855509680990433,,,,,,,,,392.0,,,,,,
scm1d,9803,280,Local CQR (Fixed h=1.20),RELU,Bin 4,1,4,90%,0.898469387755102,0.009324319838008714,0.6819899240945827,,,,,,,,,392.0,,,,,,
scm1d,9803,280,Local CQR (Fixed h=1.20),RELU,Bin 5,0,5,90%,0.923469387755102,0.013206305209739573,0.5862746155336119,,,,,,,,,392.0,,,,,,
scm1d,9803,280,Local CQR (Fixed h=1.40),RELU,Overall,,,90%,0.8941356450790412,0.009406219112835379,0.8081161674828264,0.020062475027026763,186.71785584292698,0.6842541411519051,0.47994636740645386,0.8577400425819182,0.023903603607521206,0.9295918367346939,0.07185179415277561,,1.10396895848539,0.03582084814298056,0.5981527625110944,0.011060407099581187,0.0007828048388962196,0.0005365928291905216
scm1d,9803,280,Local CQR (Fixed h=1.40),RELU,Bin 1,2,1,90%,0.878061224489796,0.02730426155155031,0.7615153506417208,,,,,,,,,392.0,,,,,,
scm1d,9803,280,Local CQR (Fixed h=1.40),RELU,Bin 2,4,2,90%,0.8814249363867684,0.027053504040716568,1.1230362579226494,,,,,,,,,393.0,,,,,,
scm1d,9803,280,Local CQR (Fixed h=1.40),RELU,Bin 3,3,3,90%,0.8872448979591837,0.023568998902961418,0.8838622542297733,,,,,,,,,392.0,,,,,,
scm1d,9803,280,Local CQR (Fixed h=1.40),RELU,Bin 4,1,4,90%,0.898469387755102,0.009324319838008714,0.6820740141411673,,,,,,,,,392.0,,,,,,
scm1d,9803,280,Local CQR (Fixed h=1.40),RELU,Bin 5,0,5,90%,0.9255102040816325,0.012329638748565876,0.5892895929011688,,,,,,,,,392.0,,,,,,
scm1d,9803,280,Local CQR (Fixed h=1.60),RELU,Overall,,,90%,0.893523712391637,0.008746095491899405,0.8076739505092931,0.019906713494681358,186.61496319481307,0.6831830263137817,0.47789808167010983,0.857738744352703,0.02279980419113862,0.9295918367346939,0.07185309238199096,,1.1043656597670723,0.03589627138005465,0.5986221348304774,0.0102948991524439,0.0007856957483467133,0.0005288297883801693
scm1d,9803,280,Local CQR (Fixed h=1.60),RELU,Bin 1,2,1,90%,0.8770408163265306,0.026432313973446166,0.76098641430655,,,,,,,,,392.0,,,,,,
scm1d,9803,280,Local CQR (Fixed h=1.60),RELU,Bin 2,4,2,90%,0.8798982188295167,0.02541473992709162,1.1194029159066634,,,,,,,,,393.0,,,,,,
scm1d,9803,280,Local CQR (Fixed h=1.60),RELU,Bin 3,3,3,90%,0.886734693877551,0.02369017707396714,0.8824104581912028,,,,,,,,,392.0,,,,,,
scm1d,9803,280,Local CQR (Fixed h=1.60),RELU,Bin 4,1,4,90%,0.8974489795918366,0.009324319838008714,0.682369817171854,,,,,,,,,392.0,,,,,,
scm1d,9803,280,Local CQR (Fixed h=1.60),RELU,Bin 5,0,5,90%,0.926530612244898,0.010871059057480854,0.5924049200176509,,,,,,,,,392.0,,,,,,
scm1d,9803,280,Local CQR (Fixed h=1.80),RELU,Overall,,,90%,0.893421723610403,0.009330719438231687,0.8074556871207619,0.01959378867041566,186.56408079537465,0.6828086689114571,0.4771960215235265,0.8557005244846028,0.024502518824684044,0.9295918367346939,0.0738913122500909,,1.1038081699926008,0.034277783567212144,0.6008832449484303,0.010490994052170842,0.0008361668303377958,0.0005753217528916122
scm1d,9803,280,Local CQR (Fixed h=1.80),RELU,Bin 1,2,1,90%,0.8770408163265306,0.027682979522960272,0.7604524278576125,,,,,,,,,392.0,,,,,,
scm1d,9803,280,Local CQR (Fixed h=1.80),RELU,Bin 2,4,2,90%,0.8793893129770993,0.02748091603053434,1.1173054163389229,,,,,,,,,393.0,,,,,,
scm1d,9803,280,Local CQR (Fixed h=1.80),RELU,Bin 3,3,3,90%,0.8857142857142856,0.02334706365030115,0.8808477250032354,,,,,,,,,392.0,,,,,,
scm1d,9803,280,Local CQR (Fixed h=1.80),RELU,Bin 4,1,4,90%,0.8974489795918366,0.009324319838008714,0.6826040512882172,,,,,,,,,392.0,,,,,,
scm1d,9803,280,Local CQR (Fixed h=1.80),RELU,Bin 5,0,5,90%,0.9275510204081632,0.010280327387556047,0.5952783821331223,,,,,,,,,392.0,,,,,,
scm1d,9803,280,Local CQR (Fixed h=2.00),RELU,Overall,,,90%,0.8942376338602752,0.009010868989744703,0.8070236772959906,0.019151635697981746,186.46367155942644,0.6823947221040726,0.4761481289165116,0.8562107285662357,0.02513006828746967,0.9306122448979591,0.07440151633172358,,1.104128672288349,0.03429216526481468,0.6008926894620643,0.010783368784349353,0.0008297111868559136,0.0005639615785970794
scm1d,9803,280,Local CQR (Fixed h=2.00),RELU,Bin 1,2,1,90%,0.8790816326530614,0.02740893065012916,0.7599478641353852,,,,,,,,,392.0,,,,,,
scm1d,9803,280,Local CQR (Fixed h=2.00),RELU,Bin 2,4,2,90%,0.8793893129770993,0.02748091603053434,1.1147952582658702,,,,,,,,,393.0,,,,,,
scm1d,9803,280,Local CQR (Fixed h=2.00),RELU,Bin 3,3,3,90%,0.8857142857142856,0.02334706365030115,0.8791378966181027,,,,,,,,,392.0,,,,,,
scm1d,9803,280,Local CQR (Fixed h=2.00),RELU,Bin 4,1,4,90%,0.898469387755102,0.009324319838008712,0.6827736773566171,,,,,,,,,392.0,,,,,,
scm1d,9803,280,Local CQR (Fixed h=2.00),RELU,Bin 5,0,5,90%,0.9285714285714286,0.011178011377656465,0.5976785585198703,,,,,,,,,392.0,,,,,,
scm1d,9803,280,Local CQR (Fixed h=2.20),RELU,Overall,,,90%,0.8942376338602754,0.008923872658532351,0.8065045433649903,0.018611389479304068,186.3431905309601,0.6821329936385154,0.475153239541606,0.854681414550553,0.0257592668237653,0.9316326530612246,0.07695123851067147,,1.104397685856386,0.034347244729364,0.6009043196599324,0.011035194455754193,0.0008774101021673027,0.0005791756189460523
scm1d,9803,280,Local CQR (Fixed h=2.20),RELU,Bin 1,4,1,90%,0.8783715012722647,0.02835295323599818,1.112290460140499,,,,,,,,,393.0,,,,,,
scm1d,9803,280,Local CQR (Fixed h=2.20),RELU,Bin 2,2,2,90%,0.8795918367346939,0.026774779108983522,0.7593998656113994,,,,,,,,,392.0,,,,,,
scm1d,9803,280,Local CQR (Fixed h=2.20),RELU,Bin 3,3,3,90%,0.8841836734693876,0.024712002119004782,0.8774355089149382,,,,,,,,,392.0,,,,,,
scm1d,9803,280,Local CQR (Fixed h=2.20),RELU,Bin 4,1,4,90%,0.8989795918367347,0.00877788292555371,0.682936899122611,,,,,,,,,392.0,,,,,,
scm1d,9803,280,Local CQR (Fixed h=2.20),RELU,Bin 5,0,5,90%,0.9301020408163266,0.0117013723889589,0.5996799169212809,,,,,,,,,392.0,,,,,,
scm20d,8966,61,Global CQR,RELU,Overall,,,90%,0.9013377926421404,0.005404325370586759,1.363787627220154,0.024932222067797823,302.56026423100536,1.2809850215911864,0.5363675713539123,0.875644636715893,0.019885488271382278,0.9231197771587742,0.04747514044288139,,1.740310287475586,0.03605294716046208,0.5093529701232911,0.03223527536732078,0.00044583915200220635,0.0003778603930067391
scm20d,8966,61,Global CQR,RELU,Bin 1,4,1,90%,0.8896935933147633,0.02805499345295638,1.469224762916565,,,,,,,,,359.0,,,,,,
scm20d,8966,61,Global CQR,RELU,Bin 2,3,2,90%,0.8930362116991644,0.01877693542769105,1.4156312704086305,,,,,,,,,359.0,,,,,,
scm20d,8966,61,Global CQR,RELU,Bin 3,2,3,90%,0.9011173184357542,0.013977649165583018,1.2782421350479125,,,,,,,,,358.0,,,,,,
scm20d,8966,61,Global CQR,RELU,Bin 4,1,4,90%,0.9069637883008357,0.015113827260446267,1.3457930564880372,,,,,,,,,359.0,,,,,,
scm20d,8966,61,Global CQR,RELU,Bin 5,0,5,90%,0.9158774373259053,0.014463236752921644,1.3098085403442383,,,,,,,,,359.0,,,,,,
scm20d,8966,61,Local CQR (Silverman),RELU,Overall,,,90%,0.9020066889632108,0.007080688743902066,1.3640145837432116,0.027720089196142737,302.6112304659185,1.2765990672633052,0.5610906465650023,0.8845660665100137,0.013715202370909382,0.9197398110829275,0.03517374457291358,,1.7339441921712762,0.03268268850232688,0.5081833037593897,0.038057054965750174,0.0002699590546924,0.00015903043526997512
scm20d,8966,61,Local CQR (Silverman),RELU,Bin 1,4,1,90%,0.8941504178272981,0.02207422034112418,1.4878369512186906,,,,,,,,,359.0,,,,,,
scm20d,8966,61,Local CQR (Silverman),RELU,Bin 2,3,2,90%,0.901949860724234,0.01702585714756112,1.4393272850229237,,,,,,,,,359.0,,,,,,
scm20d,8966,61,Local CQR (Silverman),RELU,Bin 3,0,3,90%,0.9030640668523677,0.0092216965778534,1.252779858276082,,,,,,,,,359.0,,,,,,
scm20d,8966,61,Local CQR (Silverman),RELU,Bin 4,1,4,90%,0.9047353760445682,0.011605942426740751,1.3440152198099597,,,,,,,,,359.0,,,,,,
scm20d,8966,61,Local CQR (Silverman),RELU,Bin 5,2,5,90%,0.9061452513966481,0.01566239750712422,1.295923936848305,,,,,,,,,358.0,,,,,,
scm20d,8966,61,Local CQR (Scott),RELU,Overall,,,90%,0.9018952062430323,0.007242087745334094,1.3638771700464116,0.027752786409004703,302.58056150176463,1.2766402795910836,0.5616921205008741,0.8851231695740808,0.012758664329143262,0.9197398110829275,0.03461664150884673,,1.7344904762601643,0.032615050203625706,0.5080411238416958,0.038222961409938055,0.0002653656700973085,0.00014612389476295257
scm20d,8966,61,Local CQR (Scott),RELU,Bin 1,4,1,90%,0.8941504178272981,0.021213852662573574,1.48844170183732,,,,,,,,,359.0,,,,,,
scm20d,8966,61,Local CQR (Scott),RELU,Bin 2,3,2,90%,0.901949860724234,0.01702585714756112,1.4386413147784558,,,,,,,,,359.0,,,,,,
scm20d,8966,61,Local CQR (Scott),RELU,Bin 3,0,3,90%,0.9025069637883009,0.010120279735144844,1.2524636378454712,,,,,,,,,359.0,,,,,,
scm20d,8966,61,Local CQR (Scott),RELU,Bin 4,1,4,90%,0.9047353760445682,0.011605942426740751,1.3438542800882838,,,,,,,,,359.0,,,,,,
scm20d,8966,61,Local CQR (Scott),RELU,Bin 5,2,5,90%,0.9061452513966481,0.01566239750712422,1.295795272513912,,,,,,,,,358.0,,,,,,
scm20d,8966,61,Local CQR (ISJ),RELU,Overall,,,90%,0.9018952062430323,0.007242087745334094,1.3638770891116763,0.02775263828549709,302.5805437111106,1.2766402795910836,0.5616921117462403,0.8851231695740808,0.012758664329143262,0.9197398110829275,0.03461664150884673,,1.7344903953254291,0.032614961924967,0.5080412319827537,0.03822294007462938,0.0002653656700973085,0.00014612389476295257
scm20d,8966,61,Local CQR (ISJ),RELU,Bin 1,4,1,90%,0.8941504178272981,0.021213852662573574,1.48844170183732,,,,,,,,,359.0,,,,,,
scm20d,8966,61,Local CQR (ISJ),RELU,Bin 2,3,2,90%,0.901949860724234,0.01702585714756112,1.4386413147784558,,,,,,,,,359.0,,,,,,
scm20d,8966,61,Local CQR (ISJ),RELU,Bin 3,0,3,90%,0.9025069637883009,0.010120279735144844,1.252463233397241,,,,,,,,,359.0,,,,,,
scm20d,8966,61,Local CQR (ISJ),RELU,Bin 4,1,4,90%,0.9047353760445682,0.011605942426740751,1.3438542800882838,,,,,,,,,359.0,,,,,,
scm20d,8966,61,Local CQR (ISJ),RELU,Bin 5,2,5,90%,0.9061452513966481,0.01566239750712422,1.295795272513912,,,,,,,,,358.0,,,,,,
scm20d,8966,61,Local CQR (Fixed h=0.60),RELU,Overall,,,90%,0.9024526198439242,0.006698246994782519,1.3650776904431425,0.028210413825794773,302.8460184842787,1.283046943694353,0.5488741397648024,0.8790495012527039,0.020471648094129383,0.920807332596754,0.04175783134405009,,1.7331352888779101,0.03701459127880518,0.5122227775159842,0.03265613955726771,0.0003524873565917398,0.00030845410866596907
scm20d,8966,61,Local CQR (Fixed h=0.60),RELU,Bin 1,4,1,90%,0.8963788300835654,0.029235970503402643,1.488159891379826,,,,,,,,,359.0,,,,,,
scm20d,8966,61,Local CQR (Fixed h=0.60),RELU,Bin 2,3,2,90%,0.9002785515320333,0.018172152011476424,1.4408916725891234,,,,,,,,,359.0,,,,,,
scm20d,8966,61,Local CQR (Fixed h=0.60),RELU,Bin 3,0,3,90%,0.9025069637883009,0.009154137451339833,1.2545414747395307,,,,,,,,,359.0,,,,,,
scm20d,8966,61,Local CQR (Fixed h=0.60),RELU,Bin 4,1,4,90%,0.9036211699164346,0.014268800529098298,1.345318269653085,,,,,,,,,359.0,,,,,,
scm20d,8966,61,Local CQR (Fixed h=0.60),RELU,Bin 5,2,5,90%,0.9094972067039107,0.012933895980771213,1.2962855222156304,,,,,,,,,358.0,,,,,,
scm20d,8966,61,Local CQR (Fixed h=0.80),RELU,Overall,,,90%,0.9046822742474916,0.00652911949357695,1.3662290604037535,0.029399183247420694,303.100145524582,1.283280374109745,0.5464568302851726,0.8840649849831157,0.018148982576638717,0.9202906895317534,0.036225704548637584,,1.734580349009884,0.03686659183410179,0.5117499096955522,0.03200011024176475,0.00031222939235395523,0.0002484010541626826
scm20d,8966,61,Local CQR (Fixed h=0.80),RELU,Bin 1,4,1,90%,0.8997214484679665,0.027006573021817977,1.4897314902280863,,,,,,,,,359.0,,,,,,
scm20d,8966,61,Local CQR (Fixed h=0.80),RELU,Bin 2,3,2,90%,0.9025069637883008,0.017792445039188108,1.4416652425347949,,,,,,,,,359.0,,,,,,
scm20d,8966,61,Local CQR (Fixed h=0.80),RELU,Bin 3,0,3,90%,0.9064066852367688,0.009086076005738181,1.2576666977132014,,,,,,,,,359.0,,,,,,
scm20d,8966,61,Local CQR (Fixed h=0.80),RELU,Bin 4,1,4,90%,0.9069637883008357,0.012897868415365166,1.3459673145710696,,,,,,,,,359.0,,,,,,
scm20d,8966,61,Local CQR (Fixed h=0.80),RELU,Bin 5,2,5,90%,0.9078212290502794,0.010451556946295912,1.2959187064033688,,,,,,,,,358.0,,,,,,
scm20d,8966,61,Local CQR (Fixed h=1.00),RELU,Overall,,,90%,0.9042363433667783,0.006494765513324175,1.367949661596937,0.030310289688975582,303.48067581486566,1.2846684902906418,0.5449829488723268,0.8829507788549821,0.01685064222609752,0.9208477925958203,0.03789701374083818,,1.735762541916106,0.03582017839499776,0.5110190335677951,0.03204841530479297,0.00031682277694904733,0.0002271755758258257
scm20d,8966,61,Local CQR (Fixed h=1.00),RELU,Bin 1,4,1,90%,0.8980501392757659,0.02482705287482696,1.493248186397436,,,,,,,,,359.0,,,,,,
scm20d,8966,61,Local CQR (Fixed h=1.00),RELU,Bin 2,3,2,90%,0.9025069637883009,0.01872728280108261,1.4421566858070496,,,,,,,,,359.0,,,,,,
scm20d,8966,61,Local CQR (Fixed h=1.00),RELU,Bin 3,0,3,90%,0.905849582172702,0.010773860504631593,1.2630447245335263,,,,,,,,,359.0,,,,,,
scm20d,8966,61,Local CQR (Fixed h=1.00),RELU,Bin 4,1,4,90%,0.9069637883008357,0.015418777162226251,1.3466268646001587,,,,,,,,,359.0,,,,,,
scm20d,8966,61,Local CQR (Fixed h=1.00),RELU,Bin 5,2,5,90%,0.9078212290502794,0.010451556946295912,1.294467160012573,,,,,,,,,358.0,,,,,,
scm20d,8966,61,Local CQR (Fixed h=1.20),RELU,Overall,,,90%,0.9033444816053511,0.006448675524628575,1.3698029906141136,0.030448949198981598,303.891625971539,1.2856780583038927,0.5441104076975364,0.8807192542910942,0.0162413249642602,0.92033426183844,0.03961500754734595,,1.736390913757257,0.03543249858025884,0.5104521488312626,0.03188854872617128,0.0003263112284745907,0.0002442999615367777
scm20d,8966,61,Local CQR (Fixed h=1.20),RELU,Bin 1,4,1,90%,0.8980501392757659,0.025747565478086543,1.496049813181162,,,,,,,,,359.0,,,,,,
scm20d,8966,61,Local CQR (Fixed h=1.20),RELU,Bin 2,3,2,90%,0.8997214484679665,0.018223317252140513,1.4422746317147233,,,,,,,,,359.0,,,,,,
scm20d,8966,61,Local CQR (Fixed h=1.20),RELU,Bin 3,2,3,90%,0.9050279329608939,0.011718534616426246,1.2930083467999691,,,,,,,,,358.0,,,,,,
scm20d,8966,61,Local CQR (Fixed h=1.20),RELU,Bin 4,0,4,90%,0.9064066852367688,0.01289786841536516,1.2700292827203499,,,,,,,,,359.0,,,,,,
scm20d,8966,61,Local CQR (Fixed h=1.20),RELU,Bin 5,1,5,90%,0.9075208913649024,0.014355541756796784,1.3474389659975003,,,,,,,,,359.0,,,,,,
scm20d,8966,61,Local CQR (Fixed h=1.40),RELU,Overall,,,90%,0.9043478260869564,0.006768387619469592,1.3709999164404427,0.030337978260164617,304.1566461487936,1.285758788883686,0.5432767661698434,0.8818350165730381,0.01691039230278946,0.9208913649025069,0.039056348329468894,,1.7371700139972979,0.03488675327751895,0.5100269259306237,0.03191913506282571,0.0003396787502576282,0.000246380524480554
scm20d,8966,61,Local CQR (Fixed h=1.40),RELU,Bin 1,4,1,90%,0.8986072423398328,0.026047174880358667,1.4971649317833542,,,,,,,,,359.0,,,,,,
scm20d,8966,61,Local CQR (Fixed h=1.40),RELU,Bin 2,3,2,90%,0.8991643454038997,0.018925111700794448,1.4408551053885985,,,,,,,,,359.0,,,,,,
scm20d,8966,61,Local CQR (Fixed h=1.40),RELU,Bin 3,2,3,90%,0.905586592178771,0.012290502793296092,1.2912665147922266,,,,,,,,,358.0,,,,,,
scm20d,8966,61,Local CQR (Fixed h=1.40),RELU,Bin 4,1,4,90%,0.9086350974930362,0.012256267409470773,1.3482237327213509,,,,,,,,,359.0,,,,,,
scm20d,8966,61,Local CQR (Fixed h=1.40),RELU,Bin 5,0,5,90%,0.9097493036211699,0.012531723542286351,1.2772671989048505,,,,,,,,,359.0,,,,,,
scm20d,8966,61,Local CQR (Fixed h=1.60),RELU,Overall,,,90%,0.9041248606465999,0.006716776067510395,1.3715195430870455,0.03011115377610606,304.2716577917575,1.28591378480196,0.5425096040044122,0.8807192542910942,0.016431308927609963,0.92033426183844,0.03961500754734597,,1.7377402407615814,0.03485017965132585,0.5097097051265534,0.03184250154561371,0.0003499523570680063,0.00024585501249936017
scm20d,8966,61,Local CQR (Fixed h=1.60),RELU,Bin 1,3,1,90%,0.8969359331476323,0.016432179614209057,1.438487971100105,,,,,,,,,359.0,,,,,,
scm20d,8966,61,Local CQR (Fixed h=1.60),RELU,Bin 2,4,2,90%,0.8991643454038997,0.027144128612991262,1.4968655535167805,,,,,,,,,359.0,,,,,,
scm20d,8966,61,Local CQR (Fixed h=1.60),RELU,Bin 3,2,3,90%,0.9039106145251397,0.013977649165582995,1.2893898280415494,,,,,,,,,358.0,,,,,,
scm20d,8966,61,Local CQR (Fixed h=1.60),RELU,Bin 4,1,4,90%,0.909192200557103,0.013826934424502344,1.3487838562466412,,,,,,,,,359.0,,,,,,
scm20d,8966,61,Local CQR (Fixed h=1.60),RELU,Bin 5,0,5,90%,0.9114206128133704,0.010773860504631597,1.2838417329506373,,,,,,,,,359.0,,,,,,
scm20d,8966,61,Local CQR (Fixed h=1.80),RELU,Overall,,,90%,0.9039018952062431,0.006506236995056781,1.371761375847776,0.029730114445656205,304.3253506718913,1.285844402015209,0.5418378351874971,0.8801605950732171,0.01611461401401819,0.9220055710306406,0.041844975957423626,,1.7383198433676363,0.034833088371830724,0.5094664962957849,0.03188882690013782,0.0003725343421110433,0.0002748286352630982
scm20d,8966,61,Local CQR (Fixed h=1.80),RELU,Bin 1,3,1,90%,0.8958217270194986,0.018189223083358793,1.4361321880845328,,,,,,,,,359.0,,,,,,
scm20d,8966,61,Local CQR (Fixed h=1.80),RELU,Bin 2,4,2,90%,0.8991643454038997,0.027144128612991262,1.4958110560634508,,,,,,,,,359.0,,,,,,
scm20d,8966,61,Local CQR (Fixed h=1.80),RELU,Bin 3,2,3,90%,0.9027932960893855,0.013843029824987533,1.2878647135773558,,,,,,,,,358.0,,,,,,
scm20d,8966,61,Local CQR (Fixed h=1.80),RELU,Bin 4,1,4,90%,0.9097493036211699,0.01426880052909826,1.3490031960389182,,,,,,,,,359.0,,,,,,
scm20d,8966,61,Local CQR (Fixed h=1.80),RELU,Bin 5,0,5,90%,0.9119777158774373,0.011632653491822362,1.289762030036544,,,,,,,,,359.0,,,,,,
scm20d,8966,61,Local CQR (Fixed h=2.00),RELU,Overall,,,90%,0.9035674470457078,0.006075552550028405,1.371626876740028,0.029155778865379307,304.29574218528916,1.2856174126267432,0.5412476296249616,0.8801605950732171,0.01611461401401819,0.9208913649025069,0.040730769829289915,,1.7386688339808714,0.03489083334204555,0.5093523038485707,0.031858085412340635,0.00036251874962712685,0.0002736759189070871
scm20d,8966,61,Local CQR (Fixed h=2.00),RELU,Bin 1,3,1,90%,0.8952646239554317,0.0177575236217373,1.4336706025741248,,,,,,,,,359.0,,,,,,
scm20d,8966,61,Local CQR (Fixed h=2.00),RELU,Bin 2,4,2,90%,0.8986072423398328,0.02675255087140492,1.4939909909034672,,,,,,,,,359.0,,,,,,
scm20d,8966,61,Local CQR (Fixed h=2.00),RELU,Bin 3,2,3,90%,0.9022346368715084,0.013220290018099693,1.2865275118463575,,,,,,,,,358.0,,,,,,
scm20d,8966,61,Local CQR (Fixed h=2.00),RELU,Bin 4,1,4,90%,0.909192200557103,0.01426880052909826,1.348915049610374,,,,,,,,,359.0,,,,,,
scm20d,8966,61,Local CQR (Fixed h=2.00),RELU,Bin 5,0,5,90%,0.9125348189415041,0.01149847768275784,1.2947931831811548,,,,,,,,,359.0,,,,,,
scm20d,8966,61,Local CQR (Fixed h=2.20),RELU,Overall,,,90%,0.9033444816053511,0.0059890194062712536,1.3710517343330957,0.028488294839013918,304.16846646452143,1.284918911755085,0.5407124666764618,0.8790448327912731,0.01578975801044018,0.9208913649025069,0.04184653211123386,,1.7389442787788354,0.03498026764194132,0.5092262562641274,0.03191204052512824,0.00037265293148791594,0.0002723765144499177
scm20d,8966,61,Local CQR (Fixed h=2.20),RELU,Bin 1,3,1,90%,0.8947075208913648,0.018172152011476414,1.4311761639755436,,,,,,,,,359.0,,,,,,
scm20d,8966,61,Local CQR (Fixed h=2.20),RELU,Bin 2,4,2,90%,0.8986072423398328,0.02675255087140492,1.491482020904178,,,,,,,,,359.0,,,,,,
scm20d,8966,61,Local CQR (Fixed h=2.20),RELU,Bin 3,2,3,90%,0.9016759776536313,0.013843029824987557,1.2851761464118001,,,,,,,,,358.0,,,,,,
scm20d,8966,61,Local CQR (Fixed h=2.20),RELU,Bin 4,1,4,90%,0.9086350974930362,0.014355541756796786,1.348633566276951,,,,,,,,,359.0,,,,,,
scm20d,8966,61,Local CQR (Fixed h=2.20),RELU,Bin 5,0,5,90%,0.9130919220055709,0.011870348608725646,1.2985515663312088,,,,,,,,,359.0,,,,,,
kin8nm,8192,8,Global CQR,RELU,Overall,,,90%,0.8949359365466748,0.007516223841090664,1.6422669172286988,0.02988416022358046,0.43354287510635103,1.566201877593994,0.632748794555664,0.878048780487805,0.0133590867684187,0.9132990228984859,0.03525024241068102,,2.0008813381195067,0.05222715489297012,0.5129440248012542,0.02500241310958015,0.00028494604677694615,0.00015763756841588475
kin8nm,8192,8,Global CQR,RELU,Bin 1,0,1,90%,0.8896341463414634,0.02372570299798017,1.6349665880203248,,,,,,,,,328.0,,,,,,
kin8nm,8192,8,Global CQR,RELU,Bin 2,4,2,90%,0.8926829268292684,0.015473875049328697,1.786751127243042,,,,,,,,,328.0,,,,,,
kin8nm,8192,8,Global CQR,RELU,Bin 3,3,3,90%,0.8951219512195122,0.01631596117104837,1.6078457832336426,,,,,,,,,328.0,,,,,,
kin8nm,8192,8,Global CQR,RELU,Bin 4,2,4,90%,0.8978593272171255,0.009975233290703434,1.6038578271865844,,,,,,,,,327.0,,,,,,
kin8nm,8192,8,Global CQR,RELU,Bin 5,1,5,90%,0.899390243902439,0.008180736503048017,1.5777960300445557,,,,,,,,,328.0,,,,,,
kin8nm,8192,8,Local CQR (Silverman),RELU,Overall,,,90%,0.8970103721781573,0.006721385895751254,1.6352261499315954,0.03731202918696004,0.4316717358896313,1.5585390575230123,0.6508267869413018,0.8774390243902438,0.0070584371358477045,0.9164093384053107,0.03897031401506679,,1.9900362745506144,0.05204820606640898,0.5287353364377354,0.02894975470933014,0.00024205586688925236,6.646231828956794e-05
kin8nm,8192,8,Local CQR (Silverman),RELU,Bin 1,0,1,90%,0.8926829268292682,0.015830189007008756,1.6348685138381835,,,,,,,,,328.0,,,,,,
kin8nm,8192,8,Local CQR (Silverman),RELU,Bin 2,1,2,90%,0.8957317073170733,0.013552506567617615,1.5758240630191456,,,,,,,,,328.0,,,,,,
kin8nm,8192,8,Local CQR (Silverman),RELU,Bin 3,4,3,90%,0.896341463414634,0.016809815551329554,1.773005324102393,,,,,,,,,328.0,,,,,,
kin8nm,8192,8,Local CQR (Silverman),RELU,Bin 4,3,4,90%,0.896951219512195,0.014861045862138968,1.5962187135319523,,,,,,,,,328.0,,,,,,
kin8nm,8192,8,Local CQR (Silverman),RELU,Bin 5,2,5,90%,0.9033639143730886,0.012916643475194419,1.5960948323688557,,,,,,,,,327.0,,,,,,
kin8nm,8192,8,Local CQR (Scott),RELU,Overall,,,90%,0.8967663209273947,0.007014085595216534,1.6345853802750867,0.03779707991322375,0.43150069898547827,1.5586519122123719,0.6505012541720632,0.876219512195122,0.007856157760198254,0.9157995823077497,0.03958007011262776,,1.9903489841589486,0.05257820402577018,0.5286535936929878,0.029278845060222537,0.00025202017384939516,6.417690307056416e-05
kin8nm,8192,8,Local CQR (Scott),RELU,Bin 1,0,1,90%,0.8920731707317072,0.016765520835204308,1.6344424493156555,,,,,,,,,328.0,,,,,,
kin8nm,8192,8,Local CQR (Scott),RELU,Bin 2,4,2,90%,0.8957317073170732,0.017503292798057728,1.77137746151037,,,,,,,,,328.0,,,,,,
kin8nm,8192,8,Local CQR (Scott),RELU,Bin 3,1,3,90%,0.8957317073170733,0.013552506567617615,1.5754956398068405,,,,,,,,,328.0,,,,,,
kin8nm,8192,8,Local CQR (Scott),RELU,Bin 4,3,4,90%,0.8969512195121953,0.0142218338898666,1.5955832813889153,,,,,,,,,328.0,,,,,,
kin8nm,8192,8,Local CQR (Scott),RELU,Bin 5,2,5,90%,0.9033639143730886,0.012916643475194419,1.5959101570878371,,,,,,,,,327.0,,,,,,
kin8nm,8192,8,Local CQR (ISJ),RELU,Overall,,,90%,0.8967663209273947,0.007014085595216534,1.6345853802750867,0.03779707991322375,0.43150069898547827,1.5586519122123719,0.6505012541720632,0.876219512195122,0.007856157760198254,0.9157995823077497,0.03958007011262776,,1.9903489841589486,0.05257820402577018,0.5286535936929878,0.029278845060222537,0.00025202017384939516,6.417690307056416e-05
kin8nm,8192,8,Local CQR (ISJ),RELU,Bin 1,0,1,90%,0.8920731707317072,0.016765520835204308,1.6344424493156555,,,,,,,,,328.0,,,,,,
kin8nm,8192,8,Local CQR (ISJ),RELU,Bin 2,4,2,90%,0.8957317073170732,0.017503292798057728,1.77137746151037,,,,,,,,,328.0,,,,,,
kin8nm,8192,8,Local CQR (ISJ),RELU,Bin 3,1,3,90%,0.8957317073170733,0.013552506567617615,1.5754956398068405,,,,,,,,,328.0,,,,,,
kin8nm,8192,8,Local CQR (ISJ),RELU,Bin 4,3,4,90%,0.8969512195121953,0.0142218338898666,1.5955832813889153,,,,,,,,,328.0,,,,,,
kin8nm,8192,8,Local CQR (ISJ),RELU,Bin 5,2,5,90%,0.9033639143730886,0.012916643475194419,1.5959101570878371,,,,,,,,,327.0,,,,,,
kin8nm,8192,8,Local CQR (Fixed h=0.60),RELU,Overall,,,90%,0.8967663209273947,0.007673073787559482,1.640131100313539,0.033480580325225814,0.43297324689081435,1.5622399479150773,0.6431110265708926,0.8731707317073172,0.008751646399028864,0.9145782054150817,0.04140747370776463,,1.9917907382151063,0.05581429083501402,0.5226356564941591,0.03141368581997275,0.0003130242526843847,0.0001364647250883454
kin8nm,8192,8,Local CQR (Fixed h=0.60),RELU,Bin 1,0,1,90%,0.8908536585365854,0.02284755365267709,1.6356624773090207,,,,,,,,,328.0,,,,,,
kin8nm,8192,8,Local CQR (Fixed h=0.60),RELU,Bin 2,1,2,90%,0.8914634146341462,0.010839261484531215,1.5780414834709429,,,,,,,,,328.0,,,,,,
kin8nm,8192,8,Local CQR (Fixed h=0.60),RELU,Bin 3,4,3,90%,0.8987804878048781,0.021419717158841844,1.7817959697258363,,,,,,,,,328.0,,,,,,
kin8nm,8192,8,Local CQR (Fixed h=0.60),RELU,Bin 4,3,4,90%,0.9006097560975611,0.015133748348769351,1.6024488904513419,,,,,,,,,328.0,,,,,,
kin8nm,8192,8,Local CQR (Fixed h=0.60),RELU,Bin 5,2,5,90%,0.9021406727828747,0.008649624234697834,1.6025922328438782,,,,,,,,,327.0,,,,,,
kin8nm,8192,8,Local CQR (Fixed h=0.80),RELU,Overall,,,90%,0.8955460646735816,0.007014085595216566,1.641107241217049,0.03400470490556693,0.4332321136554739,1.5630218282341957,0.6420961046294108,0.8725609756097562,0.009907363908092643,0.9133605579175057,0.040799582307749716,,1.9951627289322036,0.055250748422265794,0.5183221377915285,0.029907559936423796,0.00030626746820482814,0.00013753610471094882
kin8nm,8192,8,Local CQR (Fixed h=0.80),RELU,Bin 1,0,1,90%,0.8890243902439025,0.021262921675808184,1.6361858694518852,,,,,,,,,328.0,,,,,,
kin8nm,8192,8,Local CQR (Fixed h=0.80),RELU,Bin 2,1,2,90%,0.8926829268292684,0.013414634146341475,1.5781482504499031,,,,,,,,,328.0,,,,,,
kin8nm,8192,8,Local CQR (Fixed h=0.80),RELU,Bin 3,4,3,90%,0.8951219512195122,0.01865494943997362,1.7834056325870136,,,,,,,,,328.0,,,,,,
kin8nm,8192,8,Local CQR (Fixed h=0.80),RELU,Bin 4,3,4,90%,0.8981707317073171,0.016201622262910286,1.6038057974948572,,,,,,,,,328.0,,,,,,
kin8nm,8192,8,Local CQR (Fixed h=0.80),RELU,Bin 5,2,5,90%,0.9027522935779817,0.008947240879711195,1.6038771497250877,,,,,,,,,327.0,,,,,,
kin8nm,8192,8,Local CQR (Fixed h=1.00),RELU,Overall,,,90%,0.8949359365466748,0.007181910418334174,1.6401597524972096,0.034621343525494924,0.4329829859704204,1.5621922612190247,0.6410468888825405,0.873780487804878,0.010130029101119613,0.9139087789960468,0.04012829119116883,,1.9974330582744326,0.054916439206658486,0.5153506891548149,0.028596922225644725,0.0002913908132673273,0.00010670510526367159
kin8nm,8192,8,Local CQR (Fixed h=1.00),RELU,Bin 1,0,1,90%,0.8896341463414634,0.019320706728969357,1.6346567757473125,,,,,,,,,328.0,,,,,,
kin8nm,8192,8,Local CQR (Fixed h=1.00),RELU,Bin 2,1,2,90%,0.8939024390243903,0.014090512205233358,1.5764088987531821,,,,,,,,,328.0,,,,,,
kin8nm,8192,8,Local CQR (Fixed h=1.00),RELU,Bin 3,4,3,90%,0.8945121951219512,0.018754337194182576,1.7833592511327345,,,,,,,,,328.0,,,,,,
kin8nm,8192,8,Local CQR (Fixed h=1.00),RELU,Bin 4,3,4,90%,0.8969512195121953,0.016293157580350486,1.6029508070043494,,,,,,,,,328.0,,,,,,
kin8nm,8192,8,Local CQR (Fixed h=1.00),RELU,Bin 5,2,5,90%,0.8996941896024465,0.00915390186366714,1.6033106851308898,,,,,,,,,327.0,,,,,,
kin8nm,8192,8,Local CQR (Fixed h=1.20),RELU,Overall,,,90%,0.8940817571690054,0.007904397676974572,1.6388443126751746,0.0350475037838498,0.43263505516565176,1.5586025774478913,0.6404625238702947,0.873170731707317,0.007856157760198254,0.912079510703364,0.038908778996046875,,1.9988173060747894,0.05363251443648881,0.5145272062573183,0.02718043350931019,0.0003002761527078449,0.00010804155905231536
kin8nm,8192,8,Local CQR (Fixed h=1.20),RELU,Bin 1,0,1,90%,0.8896341463414634,0.019512195121951237,1.6330837235990454,,,,,,,,,328.0,,,,,,
kin8nm,8192,8,Local CQR (Fixed h=1.20),RELU,Bin 2,1,2,90%,0.8920731707317074,0.012877263464599326,1.5748766517857224,,,,,,,,,328.0,,,,,,
kin8nm,8192,8,Local CQR (Fixed h=1.20),RELU,Bin 3,4,3,90%,0.8932926829268293,0.016809815551329554,1.782615648334982,,,,,,,,,328.0,,,,,,
kin8nm,8192,8,Local CQR (Fixed h=1.20),RELU,Bin 4,3,4,90%,0.8957317073170732,0.01802651890133475,1.6017569831708767,,,,,,,,,328.0,,,,,,
kin8nm,8192,8,Local CQR (Fixed h=1.20),RELU,Bin 5,2,5,90%,0.8996941896024465,0.010663972950558239,1.6017755419403223,,,,,,,,,327.0,,,,,,
kin8nm,8192,8,Local CQR (Fixed h=1.40),RELU,Overall,,,90%,0.894203782794387,0.009087427827656293,1.637939562061216,0.03606250898559654,0.4323943288698694,1.5570517778396606,0.6394000947929582,0.875,0.01073586394003599,0.9120776460058178,0.03707764600581789,,1.9993022019873457,0.053026746117250216,0.5143392347132696,0.025990349392720383,0.00030893567765106133,0.00010790654951248496
kin8nm,8192,8,Local CQR (Fixed h=1.40),RELU,Bin 1,0,1,90%,0.8890243902439025,0.019531240704935345,1.6321518253126157,,,,,,,,,328.0,,,,,,
kin8nm,8192,8,Local CQR (Fixed h=1.40),RELU,Bin 2,4,2,90%,0.8932926829268293,0.017566902793765788,1.7816747029811686,,,,,,,,,328.0,,,,,,
kin8nm,8192,8,Local CQR (Fixed h=1.40),RELU,Bin 3,1,3,90%,0.8951219512195122,0.013442321759175991,1.5740918364875562,,,,,,,,,328.0,,,,,,
kin8nm,8192,8,Local CQR (Fixed h=1.40),RELU,Bin 4,3,4,90%,0.8957317073170732,0.01802651890133475,1.6012116811147368,,,,,,,,,328.0,,,,,,
kin8nm,8192,8,Local CQR (Fixed h=1.40),RELU,Bin 5,2,5,90%,0.8978593272171252,0.011700994782696652,1.6004534775670334,,,,,,,,,327.0,,,,,,
kin8nm,8192,8,Local CQR (Fixed h=1.60),RELU,Overall,,,90%,0.8939597315436242,0.008683561622773483,1.637460449557522,0.03679817912683562,0.4322674308106169,1.5561684504151345,0.6385080952230561,0.874390243902439,0.011633404895328617,0.911467889908257,0.03707764600581789,,1.9993756446150108,0.053018671931508485,0.5143704987699589,0.02566584667748005,0.00030691063517053344,0.00013537934952491114
kin8nm,8192,8,Local CQR (Fixed h=1.60),RELU,Bin 1,0,1,90%,0.8896341463414634,0.020981281139128376,1.6314231555908918,,,,,,,,,328.0,,,,,,
kin8nm,8192,8,Local CQR (Fixed h=1.60),RELU,Bin 2,4,2,90%,0.8920731707317074,0.01631596117104837,1.781320161170258,,,,,,,,,328.0,,,,,,
kin8nm,8192,8,Local CQR (Fixed h=1.60),RELU,Bin 3,3,3,90%,0.8945121951219512,0.018353557247917592,1.6010881543909086,,,,,,,,,328.0,,,,,,
kin8nm,8192,8,Local CQR (Fixed h=1.60),RELU,Bin 4,1,4,90%,0.8951219512195122,0.011823609408332521,1.5737808849980557,,,,,,,,,328.0,,,,,,
kin8nm,8192,8,Local CQR (Fixed h=1.60),RELU,Bin 5,2,5,90%,0.8984709480122323,0.011177777909784154,1.599574385344162,,,,,,,,,327.0,,,,,,
kin8nm,8192,8,Local CQR (Fixed h=1.80),RELU,Overall,,,90%,0.8938377059182429,0.008917059624866419,1.637422033244786,0.03696092267654588,0.4322574163014009,1.5557111158967019,0.6374920138207579,0.875609756097561,0.012702845521951023,0.911467889908257,0.035858133810695934,,1.9994889000215061,0.05304533262177059,0.5142260557626135,0.02547945812664184,0.00030752282815671265,0.0001380741773928836
kin8nm,8192,8,Local CQR (Fixed h=1.80),RELU,Bin 1,0,1,90%,0.8890243902439025,0.02108733715340317,1.6310410999988274,,,,,,,,,328.0,,,,,,
kin8nm,8192,8,Local CQR (Fixed h=1.80),RELU,Bin 2,4,2,90%,0.8914634146341465,0.016201622262910286,1.781321882272548,,,,,,,,,328.0,,,,,,
kin8nm,8192,8,Local CQR (Fixed h=1.80),RELU,Bin 3,3,3,90%,0.8945121951219512,0.018353557247917592,1.601368920112074,,,,,,,,,328.0,,,,,,
kin8nm,8192,8,Local CQR (Fixed h=1.80),RELU,Bin 4,1,4,90%,0.8963414634146343,0.01073586394003599,1.5738886955489473,,,,,,,,,328.0,,,,,,
kin8nm,8192,8,Local CQR (Fixed h=1.80),RELU,Bin 5,2,5,90%,0.8978593272171252,0.011700994782696652,1.5993735668696576,,,,,,,,,327.0,,,,,,
kin8nm,8192,8,Local CQR (Fixed h=2.00),RELU,Overall,,,90%,0.8938377059182429,0.008329980800915682,1.6376550001045094,0.03676740858512878,0.43231875397851044,1.5563828289508819,0.6366263568488516,0.875609756097561,0.01194873045260088,0.911467889908257,0.035858133810695934,,1.9997725946524436,0.05307316708592502,0.5139875690817167,0.02536060720194234,0.00029940295769876864,0.000143701554244161
kin8nm,8192,8,Local CQR (Fixed h=2.00),RELU,Bin 1,0,1,90%,0.8890243902439025,0.02108733715340317,1.6307772358379715,,,,,,,,,328.0,,,,,,
kin8nm,8192,8,Local CQR (Fixed h=2.00),RELU,Bin 2,4,2,90%,0.8920731707317074,0.016201622262910286,1.78172548313557,,,,,,,,,328.0,,,,,,
kin8nm,8192,8,Local CQR (Fixed h=2.00),RELU,Bin 3,3,3,90%,0.8945121951219512,0.018353557247917592,1.6019779845867759,,,,,,,,,328.0,,,,,,
kin8nm,8192,8,Local CQR (Fixed h=2.00),RELU,Bin 4,1,4,90%,0.896341463414634,0.009832021644266532,1.5741286932695204,,,,,,,,,328.0,,,,,,
kin8nm,8192,8,Local CQR (Fixed h=2.00),RELU,Bin 5,2,5,90%,0.8972477064220182,0.011043100969582761,1.5995494281685134,,,,,,,,,327.0,,,,,,
kin8nm,8192,8,Local CQR (Fixed h=2.20),RELU,Overall,,,90%,0.8939597315436242,0.008189365093624166,1.6380442643539255,0.03626635531112901,0.4324218391790355,1.5575459003448486,0.6359024675620072,0.875609756097561,0.01194873045260088,0.912079510703364,0.03646975460580297,,1.999926496515462,0.05306567842260243,0.5137957809758014,0.025313467218569613,0.00030252245468868476,0.00014465729288278272
kin8nm,8192,8,Local CQR (Fixed h=2.20),RELU,Bin 1,0,1,90%,0.8884146341463415,0.021350172439038553,1.6307874971818996,,,,,,,,,328.0,,,,,,
kin8nm,8192,8,Local CQR (Fixed h=2.20),RELU,Bin 2,4,2,90%,0.8920731707317074,0.016201622262910286,1.7823678762106816,,,,,,,,,328.0,,,,,,
kin8nm,8192,8,Local CQR (Fixed h=2.20),RELU,Bin 3,3,3,90%,0.8945121951219512,0.018353557247917592,1.6026272849043515,,,,,,,,,328.0,,,,,,
kin8nm,8192,8,Local CQR (Fixed h=2.20),RELU,Bin 4,1,4,90%,0.896951219512195,0.009717913079578807,1.5743383016301,,,,,,,,,328.0,,,,,,
kin8nm,8192,8,Local CQR (Fixed h=2.20),RELU,Bin 5,2,5,90%,0.8978593272171255,0.011043100969582765,1.5999843254434771,,,,,,,,,327.0,,,,,,
airfoil,1503,5,Global CQR,RELU,Overall,,,90%,0.8980044345898005,0.010305055466627275,1.9938295364379883,0.10401854044149067,13.669879114998807,1.9615650415420531,0.6732470154762268,0.8422222222222222,0.019116278371205834,0.937948717948718,0.09572649572649575,,2.4418986320495604,0.1308819133497592,0.37527878284454347,0.009132630467548484,0.0014456439775121098,0.0007146011743620494
airfoil,1503,5,Global CQR,RELU,Bin 1,2,1,90%,0.8422222222222222,0.019116278371205834,1.9051314115524292,,,,,,,,,90.0,,,,,,
airfoil,1503,5,Global CQR,RELU,Bin 2,4,2,90%,0.9010989010989011,0.018388132451298365,2.873025369644165,,,,,,,,,91.0,,,,,,
airfoil,1503,5,Global CQR,RELU,Bin 3,0,3,90%,0.9022222222222223,0.0301436888138901,1.2760390043258667,,,,,,,,,90.0,,,,,,
airfoil,1503,5,Global CQR,RELU,Bin 4,3,4,90%,0.9177777777777777,0.03340732528527314,2.301111030578613,,,,,,,,,90.0,,,,,,
airfoil,1503,5,Global CQR,RELU,Bin 5,1,5,90%,0.9266666666666667,0.011331154474650622,1.6040722131729126,,,,,,,,,90.0,,,,,,
airfoil,1503,5,Local CQR (Silverman),RELU,Overall,,,90%,0.8891352549889134,0.01011242062172184,1.979049216531474,0.08117759486135247,13.56848373871112,1.9343653261661529,0.6986690853521107,0.8318192918192917,0.030119563480530395,0.9425396825396826,0.11072039072039071,,2.4661346523931003,0.133131013057965,0.37324341360871316,0.01139566767834471,0.0020416207859431305,0.000979577423222589
airfoil,1503,5,Local CQR (Silverman),RELU,Bin 1,2,1,90%,0.8422222222222222,0.03325917677132392,1.9053632578170963,,,,,,,,,90.0,,,,,,
airfoil,1503,5,Local CQR (Silverman),RELU,Bin 2,4,2,90%,0.8857142857142858,0.04744402888994042,2.847696055095274,,,,,,,,,91.0,,,,,,
airfoil,1503,5,Local CQR (Silverman),RELU,Bin 3,0,3,90%,0.888888888888889,0.0337016686402291,1.238384749993561,,,,,,,,,90.0,,,,,,
airfoil,1503,5,Local CQR (Silverman),RELU,Bin 4,1,4,90%,0.9111111111111111,0.01721325931647739,1.6031323923998406,,,,,,,,,90.0,,,,,,
airfoil,1503,5,Local CQR (Silverman),RELU,Bin 5,3,5,90%,0.9177777777777777,0.03624334762288911,2.291017995811999,,,,,,,,,90.0,,,,,,
airfoil,1503,5,Local CQR (Scott),RELU,Overall,,,90%,0.8869179600886918,0.009407185559022806,1.9785051601194845,0.08126351713536939,13.564769880787471,1.9360898077487945,0.6998322446265028,0.827106227106227,0.03306628211324839,0.9425396825396826,0.1154334554334554,,2.469535289324978,0.13445732727023094,0.3729064595480948,0.009497113050974932,0.002293472637794982,0.0011200671845659038
airfoil,1503,5,Local CQR (Scott),RELU,Bin 1,2,1,90%,0.8355555555555556,0.038103173776627204,1.902628970767061,,,,,,,,,90.0,,,,,,
airfoil,1503,5,Local CQR (Scott),RELU,Bin 2,4,2,90%,0.8857142857142858,0.04744402888994042,2.8467006950588014,,,,,,,,,91.0,,,,,,
airfoil,1503,5,Local CQR (Scott),RELU,Bin 3,0,3,90%,0.8866666666666667,0.03399346342395189,1.238300838773328,,,,,,,,,90.0,,,,,,
airfoil,1503,5,Local CQR (Scott),RELU,Bin 4,1,4,90%,0.9111111111111111,0.01859244503409057,1.6034195440014205,,,,,,,,,90.0,,,,,,
airfoil,1503,5,Local CQR (Scott),RELU,Bin 5,3,5,90%,0.9155555555555555,0.036918328279635905,2.2918291349419286,,,,,,,,,90.0,,,,,,
airfoil,1503,5,Local CQR (ISJ),RELU,Overall,,,90%,0.8869179600886918,0.009407185559022806,1.9785051601194845,0.08126351713536939,13.564769880787471,1.9360898077487945,0.6998322446265028,0.827106227106227,0.03306628211324839,0.9425396825396826,0.1154334554334554,,2.469535289324978,0.13445732727023094,0.3729064595480948,0.009497113050974932,0.002293472637794982,0.0011200671845659038
airfoil,1503,5,Local CQR (ISJ),RELU,Bin 1,2,1,90%,0.8355555555555556,0.038103173776627204,1.902628970767061,,,,,,,,,90.0,,,,,,
airfoil,1503,5,Local CQR (ISJ),RELU,Bin 2,4,2,90%,0.8857142857142858,0.04744402888994042,2.8467006950588014,,,,,,,,,91.0,,,,,,
airfoil,1503,5,Local CQR (ISJ),RELU,Bin 3,0,3,90%,0.8866666666666667,0.03399346342395189,1.238300838773328,,,,,,,,,90.0,,,,,,
airfoil,1503,5,Local CQR (ISJ),RELU,Bin 4,1,4,90%,0.9111111111111111,0.01859244503409057,1.6034195440014205,,,,,,,,,90.0,,,,,,
airfoil,1503,5,Local CQR (ISJ),RELU,Bin 5,3,5,90%,0.9155555555555555,0.036918328279635905,2.2918291349419286,,,,,,,,,90.0,,,,,,
airfoil,1503,5,Local CQR (Fixed h=0.60),RELU,Overall,,,90%,0.8993348115299336,0.014135146297569153,1.9965451554368712,0.10141340790868399,13.687458043592198,1.9559744007885456,0.6748537874844558,0.8333333333333333,0.030631219449089385,0.9423931623931624,0.1090598290598291,,2.4354632003224883,0.12895353214730937,0.3769079546200059,0.00750215542100111,0.0019154220355685572,0.0008512353504151616
airfoil,1503,5,Local CQR (Fixed h=0.60),RELU,Bin 1,2,1,90%,0.8355555555555554,0.03399346342395189,1.908415243609084,,,,,,,,,90.0,,,,,,
airfoil,1503,5,Local CQR (Fixed h=0.60),RELU,Bin 2,4,2,90%,0.9032967032967033,0.02014318986793777,2.873492417648271,,,,,,,,,91.0,,,,,,
airfoil,1503,5,Local CQR (Fixed h=0.60),RELU,Bin 3,0,3,90%,0.9088888888888889,0.023726840560069587,1.2742647852853628,,,,,,,,,90.0,,,,,,
airfoil,1503,5,Local CQR (Fixed h=0.60),RELU,Bin 4,3,4,90%,0.9155555555555555,0.041928805031362704,2.3081850145550233,,,,,,,,,90.0,,,,,,
airfoil,1503,5,Local CQR (Fixed h=0.60),RELU,Bin 5,1,5,90%,0.9333333333333333,0.00993807989999903,1.6086244576176008,,,,,,,,,90.0,,,,,,
airfoil,1503,5,Local CQR (Fixed h=0.80),RELU,Overall,,,90%,0.8993348115299336,0.012112195373612127,1.9998540683162287,0.09769571217722171,13.71047034677154,1.964944165945053,0.6728896580472173,0.8355555555555554,0.02154524381073925,0.9401709401709402,0.10461538461538464,,2.4387218092440337,0.12771679481846315,0.3762249041638027,0.007856981482043335,0.0016989962147471315,0.0006243999195971634
airfoil,1503,5,Local CQR (Fixed h=0.80),RELU,Bin 1,2,1,90%,0.8377777777777776,0.024944382578492942,1.9089268776194916,,,,,,,,,90.0,,,,,,
airfoil,1503,5,Local CQR (Fixed h=0.80),RELU,Bin 2,4,2,90%,0.9054945054945055,0.020381579110979577,2.8778975843646366,,,,,,,,,91.0,,,,,,
airfoil,1503,5,Local CQR (Fixed h=0.80),RELU,Bin 3,0,3,90%,0.9088888888888889,0.02572408200620049,1.2827150860481307,,,,,,,,,90.0,,,,,,
airfoil,1503,5,Local CQR (Fixed h=0.80),RELU,Bin 4,3,4,90%,0.9155555555555555,0.041335722750529484,2.3098626380124023,,,,,,,,,90.0,,,,,,
airfoil,1503,5,Local CQR (Fixed h=0.80),RELU,Bin 5,1,5,90%,0.928888888888889,0.005443310539518155,1.6101121164692773,,,,,,,,,90.0,,,,,,
airfoil,1503,5,Local CQR (Fixed h=1.00),RELU,Overall,,,90%,0.9002217294900221,0.012144624334926087,1.9998527854144108,0.09903058014481353,13.71042323273431,1.9685484647750855,0.6721330534243222,0.8444444444444444,0.01987615979999812,0.9401709401709402,0.09572649572649575,,2.438898145309144,0.12933030604074688,0.3769620630504825,0.00823857956487951,0.0014909465517524128,0.0006707201575305281
airfoil,1503,5,Local CQR (Fixed h=1.00),RELU,Bin 1,2,1,90%,0.8444444444444444,0.01987615979999812,1.9082756530659069,,,,,,,,,90.0,,,,,,
airfoil,1503,5,Local CQR (Fixed h=1.00),RELU,Bin 2,4,2,90%,0.9032967032967033,0.01890620937811566,2.879362953970065,,,,,,,,,91.0,,,,,,
airfoil,1503,5,Local CQR (Fixed h=1.00),RELU,Bin 3,0,3,90%,0.9088888888888889,0.02572408200620049,1.2825850925180649,,,,,,,,,90.0,,,,,,
airfoil,1503,5,Local CQR (Fixed h=1.00),RELU,Bin 4,3,4,90%,0.9155555555555555,0.041335722750529484,2.3090664634729423,,,,,,,,,90.0,,,,,,
airfoil,1503,5,Local CQR (Fixed h=1.00),RELU,Bin 5,1,5,90%,0.928888888888889,0.008888888888888858,1.6102014288389017,,,,,,,,,90.0,,,,,,
airfoil,1503,5,Local CQR (Fixed h=1.20),RELU,Overall,,,90%,0.9002217294900221,0.01189925309534255,1.999760852971356,0.09852596776052233,13.709910075133115,1.96559070199728,0.6724368969420549,0.8444444444444444,0.0210818510677892,0.9401709401709402,0.09572649572649572,,2.4384506515010433,0.1299782880472809,0.3774694873721579,0.008422833488289086,0.0015106996381721656,0.0007260419527283984
airfoil,1503,5,Local CQR (Fixed h=1.20),RELU,Bin 1,2,1,90%,0.8444444444444444,0.0210818510677892,1.9096148920804261,,,,,,,,,90.0,,,,,,
airfoil,1503,5,Local CQR (Fixed h=1.20),RELU,Bin 2,4,2,90%,0.9032967032967033,0.01890620937811566,2.8786403647327163,,,,,,,,,91.0,,,,,,
airfoil,1503,5,Local CQR (Fixed h=1.20),RELU,Bin 3,0,3,90%,0.9066666666666666,0.029481109247603568,1.2823413493898177,,,,,,,,,90.0,,,,,,
airfoil,1503,5,Local CQR (Fixed h=1.20),RELU,Bin 4,3,4,90%,0.9177777777777777,0.038873012632302,2.308909479623867,,,,,,,,,90.0,,,,,,
airfoil,1503,5,Local CQR (Fixed h=1.20),RELU,Bin 5,1,5,90%,0.928888888888889,0.008888888888888858,1.609532851121492,,,,,,,,,90.0,,,,,,
airfoil,1503,5,Local CQR (Fixed h=1.40),RELU,Overall,,,90%,0.8997782705099778,0.011682430041968497,1.999048169166213,0.09769988562225358,13.705054974619548,1.9609454348683357,0.6728631531122915,0.8422222222222222,0.022662308949301286,0.9401709401709402,0.09794871794871796,,2.4388016884919343,0.13030314562070439,0.3775287305361577,0.008544012991631544,0.0015748971690363635,0.0008012713273757992
airfoil,1503,5,Local CQR (Fixed h=1.40),RELU,Bin 1,2,1,90%,0.8422222222222222,0.022662308949301286,1.9097603308740587,,,,,,,,,90.0,,,,,,
airfoil,1503,5,Local CQR (Fixed h=1.40),RELU,Bin 2,4,2,90%,0.9032967032967033,0.01890620937811566,2.8775866362747258,,,,,,,,,91.0,,,,,,
airfoil,1503,5,Local CQR (Fixed h=1.40),RELU,Bin 3,0,3,90%,0.9066666666666666,0.029481109247603568,1.281399052573575,,,,,,,,,90.0,,,,,,
airfoil,1503,5,Local CQR (Fixed h=1.40),RELU,Bin 4,3,4,90%,0.9177777777777777,0.038873012632302,2.3077453985768885,,,,,,,,,90.0,,,,,,
airfoil,1503,5,Local CQR (Fixed h=1.40),RELU,Bin 5,1,5,90%,0.928888888888889,0.008888888888888858,1.60898788900839,,,,,,,,,90.0,,,,,,
airfoil,1503,5,Local CQR (Fixed h=1.60),RELU,Overall,,,90%,0.8997782705099778,0.011512864732369983,1.998545838908154,0.09923759692721526,13.701696561800656,1.9632990911602974,0.6731829535600371,0.8400000000000001,0.024944382578492953,0.9401709401709402,0.10017094017094016,,2.439733231489747,0.13071358434674857,0.37681546991123344,0.008476848182176479,0.0016242798850857464,0.0009282450958785925
airfoil,1503,5,Local CQR (Fixed h=1.60),RELU,Bin 1,2,1,90%,0.8400000000000001,0.024944382578492953,1.9094499163743524,,,,,,,,,90.0,,,,,,
airfoil,1503,5,Local CQR (Fixed h=1.60),RELU,Bin 2,4,2,90%,0.9032967032967033,0.01890620937811566,2.8763834977706706,,,,,,,,,91.0,,,,,,
airfoil,1503,5,Local CQR (Fixed h=1.60),RELU,Bin 3,0,3,90%,0.9066666666666666,0.029481109247603568,1.2814208165804544,,,,,,,,,90.0,,,,,,
airfoil,1503,5,Local CQR (Fixed h=1.60),RELU,Bin 4,3,4,90%,0.9199999999999999,0.036106837353937604,2.3070844851558405,,,,,,,,,90.0,,,,,,
airfoil,1503,5,Local CQR (Fixed h=1.60),RELU,Bin 5,1,5,90%,0.928888888888889,0.008888888888888858,1.6086367268943125,,,,,,,,,90.0,,,,,,
airfoil,1503,5,Local CQR (Fixed h=1.80),RELU,Overall,,,90%,0.9002217294900221,0.01164871444484584,1.9987693762906438,0.09955067052941319,13.703229977469661,1.9649294033646583,0.6733245217306252,0.8422222222222222,0.022662308949301286,0.9401709401709402,0.09794871794871796,,2.4397334857428747,0.13087954382528083,0.3766720382427546,0.00836209711251787,0.0015502058110116723,0.0008273065028659079
airfoil,1503,5,Local CQR (Fixed h=1.80),RELU,Bin 1,2,1,90%,0.8422222222222222,0.022662308949301286,1.910554740238521,,,,,,,,,90.0,,,,,,
airfoil,1503,5,Local CQR (Fixed h=1.80),RELU,Bin 2,4,2,90%,0.9032967032967033,0.01890620937811566,2.8760266570927024,,,,,,,,,91.0,,,,,,
airfoil,1503,5,Local CQR (Fixed h=1.80),RELU,Bin 3,0,3,90%,0.9066666666666666,0.029481109247603568,1.280423851708571,,,,,,,,,90.0,,,,,,
airfoil,1503,5,Local CQR (Fixed h=1.80),RELU,Bin 4,3,4,90%,0.9199999999999999,0.036106837353937604,2.3073235331103206,,,,,,,,,90.0,,,,,,
airfoil,1503,5,Local CQR (Fixed h=1.80),RELU,Bin 5,1,5,90%,0.928888888888889,0.008888888888888858,1.6097707961830827,,,,,,,,,90.0,,,,,,
airfoil,1503,5,Local CQR (Fixed h=2.00),RELU,Overall,,,90%,0.8993348115299336,0.011006362435468604,1.998375335620704,0.1002227417190186,13.700596885371368,1.9662658169865608,0.6732238478070416,0.8400000000000001,0.020608041101101572,0.9401709401709402,0.10017094017094019,,2.4396202856389815,0.13105241022723466,0.37661973162300544,0.008315074729746538,0.0015798354406413022,0.0007880245084534381
airfoil,1503,5,Local CQR (Fixed h=2.00),RELU,Bin 1,2,1,90%,0.8400000000000001,0.020608041101101572,1.910550504318542,,,,,,,,,90.0,,,,,,
airfoil,1503,5,Local CQR (Fixed h=2.00),RELU,Bin 2,4,2,90%,0.9032967032967033,0.01890620937811566,2.875246597891981,,,,,,,,,91.0,,,,,,
airfoil,1503,5,Local CQR (Fixed h=2.00),RELU,Bin 3,0,3,90%,0.9044444444444444,0.029481109247603568,1.2799677834908167,,,,,,,,,90.0,,,,,,
airfoil,1503,5,Local CQR (Fixed h=2.00),RELU,Bin 4,3,4,90%,0.9199999999999999,0.036106837353937604,2.3067717053617036,,,,,,,,,90.0,,,,,,
airfoil,1503,5,Local CQR (Fixed h=2.00),RELU,Bin 5,1,5,90%,0.928888888888889,0.008888888888888858,1.6095970730152396,,,,,,,,,90.0,,,,,,
airfoil,1503,5,Local CQR (Fixed h=2.20),RELU,Overall,,,90%,0.8988913525498893,0.010826213406415697,1.9976193177040886,0.10136328614881791,13.695498129009732,1.9656647384166717,0.6732057037630746,0.8400000000000001,0.020608041101101572,0.9401709401709402,0.10017094017094019,,2.4401606425783386,0.13092466158154434,0.3762226631110892,0.00824301635899135,0.0015740390392405053,0.000794224110616528
airfoil,1503,5,Local CQR (Fixed h=2.20),RELU,Bin 1,2,1,90%,0.8400000000000001,0.020608041101101572,1.9095542344202598,,,,,,,,,90.0,,,,,,
airfoil,1503,5,Local CQR (Fixed h=2.20),RELU,Bin 2,4,2,90%,0.9010989010989011,0.018388132451298365,2.874788023351313,,,,,,,,,91.0,,,,,,
airfoil,1503,5,Local CQR (Fixed h=2.20),RELU,Bin 3,0,3,90%,0.9044444444444444,0.029481109247603568,1.2794082431164053,,,,,,,,,90.0,,,,,,
airfoil,1503,5,Local CQR (Fixed h=2.20),RELU,Bin 4,3,4,90%,0.9199999999999999,0.036106837353937604,2.30566099519117,,,,,,,,,90.0,,,,,,
airfoil,1503,5,Local CQR (Fixed h=2.20),RELU,Bin 5,1,5,90%,0.928888888888889,0.008888888888888858,1.6089387734896607,,,,,,,,,90.0,,,,,,
wine_quality,1599,11,Global CQR,RELU,Overall,,,90%,0.9029166666666667,0.014942017564200912,2.470376491546631,0.12216696691281849,1.9882901994135715,2.369343328475952,0.7054473042488099,0.8645833333333334,0.01976423537605237,0.9375,0.0729166666666666,,3.3846853733062745,0.18593454801302528,0.16028564274311066,0.024218366358640834,0.0010217013888888875,0.00034112043127083625
wine_quality,1599,11,Global CQR,RELU,Bin 1,4,1,90%,0.8916666666666666,0.030618621784789704,2.9308939933776856,,,,,,,,,96.0,,,,,,
wine_quality,1599,11,Global CQR,RELU,Bin 2,3,2,90%,0.89375,0.028259708263021936,2.247850036621094,,,,,,,,,96.0,,,,,,
wine_quality,1599,11,Global CQR,RELU,Bin 3,0,3,90%,0.8958333333333334,0.023753654689565366,2.7299219131469727,,,,,,,,,96.0,,,,,,
wine_quality,1599,11,Global CQR,RELU,Bin 4,2,4,90%,0.9041666666666666,0.038074306005202195,2.1832650899887085,,,,,,,,,96.0,,,,,,
wine_quality,1599,11,Global CQR,RELU,Bin 5,1,5,90%,0.9291666666666666,0.01909406539564932,2.2599518299102783,,,,,,,,,96.0,,,,,,
wine_quality,1599,11,Local CQR (Silverman),RELU,Overall,,,90%,0.8933333333333333,0.020808318315306298,2.4804268808712564,0.18129876409040438,1.9969896019032398,2.345343816280365,0.837836068042497,0.8520833333333332,0.01792151097300549,0.9333333333333332,0.08125,,3.483378027180623,0.23188901759935743,0.1341401186243015,0.016135430578722687,0.0015659722222222232,0.0007503907241618727
wine_quality,1599,11,Local CQR (Silverman),RELU,Bin 1,3,1,90%,0.8770833333333334,0.029017475577466933,2.255651372593517,,,,,,,,,96.0,,,,,,
wine_quality,1599,11,Local CQR (Silverman),RELU,Bin 2,0,2,90%,0.8895833333333332,0.040397332145136085,2.764359639185067,,,,,,,,,96.0,,,,,,
wine_quality,1599,11,Local CQR (Silverman),RELU,Bin 3,4,3,90%,0.8895833333333332,0.019320038532282736,2.9864108383867682,,,,,,,,,96.0,,,,,,
wine_quality,1599,11,Local CQR (Silverman),RELU,Bin 4,2,4,90%,0.89375,0.04439015781804692,2.1190478837117555,,,,,,,,,96.0,,,,,,
wine_quality,1599,11,Local CQR (Silverman),RELU,Bin 5,1,5,90%,0.9166666666666666,0.04419417382415921,2.2766646704791738,,,,,,,,,96.0,,,,,,
wine_quality,1599,11,Local CQR (Scott),RELU,Overall,,,90%,0.8929166666666667,0.020522683926707926,2.4800216874778274,0.18118731049196962,1.9966180654718748,2.3501706957817077,0.8406657389617138,0.8520833333333332,0.01792151097300549,0.9333333333333332,0.08125,,3.498154182508381,0.24265630799180204,0.1269387906771233,0.019969842749465127,0.0015824652777777788,0.0007336820755755412
wine_quality,1599,11,Local CQR (Scott),RELU,Bin 1,3,1,90%,0.8770833333333334,0.029017475577466933,2.257846285449341,,,,,,,,,96.0,,,,,,
wine_quality,1599,11,Local CQR (Scott),RELU,Bin 2,4,2,90%,0.8875,0.020198666072568053,2.9888556018683854,,,,,,,,,96.0,,,,,,
wine_quality,1599,11,Local CQR (Scott),RELU,Bin 3,0,3,90%,0.8895833333333332,0.040397332145136085,2.7657790440791805,,,,,,,,,96.0,,,,,,
wine_quality,1599,11,Local CQR (Scott),RELU,Bin 4,2,4,90%,0.89375,0.04439015781804692,2.119217202501992,,,,,,,,,96.0,,,,,,
wine_quality,1599,11,Local CQR (Scott),RELU,Bin 5,1,5,90%,0.9166666666666666,0.04419417382415921,2.2684103034902368,,,,,,,,,96.0,,,,,,
wine_quality,1599,11,Local CQR (ISJ),RELU,Overall,,,90%,0.8929166666666667,0.020522683926707926,2.4800216874778274,0.18118731049196962,1.9966180654718748,2.3501706957817077,0.8406657389617138,0.8520833333333332,0.01792151097300549,0.9333333333333332,0.08125,,3.498154182508381,0.24265630799180204,0.1269387906771233,0.019969842749465127,0.0015824652777777788,0.0007336820755755412
wine_quality,1599,11,Local CQR (ISJ),RELU,Bin 1,3,1,90%,0.8770833333333334,0.029017475577466933,2.257846285449341,,,,,,,,,96.0,,,,,,
wine_quality,1599,11,Local CQR (ISJ),RELU,Bin 2,4,2,90%,0.8875,0.020198666072568053,2.9888556018683854,,,,,,,,,96.0,,,,,,
wine_quality,1599,11,Local CQR (ISJ),RELU,Bin 3,0,3,90%,0.8895833333333332,0.040397332145136085,2.7657790440791805,,,,,,,,,96.0,,,,,,
wine_quality,1599,11,Local CQR (ISJ),RELU,Bin 4,2,4,90%,0.89375,0.04439015781804692,2.119217202501992,,,,,,,,,96.0,,,,,,
wine_quality,1599,11,Local CQR (ISJ),RELU,Bin 5,1,5,90%,0.9166666666666666,0.04419417382415921,2.2684103034902368,,,,,,,,,96.0,,,,,,
wine_quality,1599,11,Local CQR (Fixed h=0.60),RELU,Overall,,,90%,0.8975,0.023026253132746834,2.470875716167502,0.12988816745515575,1.9889323260625176,2.380722463130951,0.7233069253980119,0.85625,0.031180478223116155,0.9291666666666666,0.07291666666666667,,3.3761406391439963,0.18488743488974177,0.15958034446656633,0.028482791602191172,0.001392361111111111,0.0008944822862832656
wine_quality,1599,11,Local CQR (Fixed h=0.60),RELU,Bin 1,3,1,90%,0.8895833333333332,0.03397813839645853,2.255646639984722,,,,,,,,,96.0,,,,,,
wine_quality,1599,11,Local CQR (Fixed h=0.60),RELU,Bin 2,4,2,90%,0.8916666666666666,0.03461093276215865,2.9613512290331228,,,,,,,,,96.0,,,,,,
wine_quality,1599,11,Local CQR (Fixed h=0.60),RELU,Bin 3,0,3,90%,0.8916666666666668,0.02429563289518875,2.7284727283831063,,,,,,,,,96.0,,,,,,
wine_quality,1599,11,Local CQR (Fixed h=0.60),RELU,Bin 4,2,4,90%,0.8958333333333333,0.05311478659992482,2.159966736348967,,,,,,,,,96.0,,,,,,
wine_quality,1599,11,Local CQR (Fixed h=0.60),RELU,Bin 5,1,5,90%,0.91875,0.024116326880812965,2.2489412470875925,,,,,,,,,96.0,,,,,,
wine_quality,1599,11,Local CQR (Fixed h=0.80),RELU,Overall,,,90%,0.9008333333333333,0.022032173444003794,2.487244319824191,0.12685470433064633,2.002006177089844,2.398057320713997,0.7151090492140246,0.86875,0.02144922946038957,0.9333333333333333,0.0645833333333333,,3.365712900616539,0.1915873001337368,0.1694352136231791,0.031091253463691113,0.001086805555555555,0.0004922847064992853
wine_quality,1599,11,Local CQR (Fixed h=0.80),RELU,Bin 1,4,1,90%,0.8895833333333332,0.03267580654449608,2.9685228477232153,,,,,,,,,96.0,,,,,,
wine_quality,1599,11,Local CQR (Fixed h=0.80),RELU,Bin 2,3,2,90%,0.8916666666666666,0.028412878535387206,2.270609967332954,,,,,,,,,96.0,,,,,,
wine_quality,1599,11,Local CQR (Fixed h=0.80),RELU,Bin 3,0,3,90%,0.8958333333333333,0.021850184336878166,2.751615829990866,,,,,,,,,96.0,,,,,,
wine_quality,1599,11,Local CQR (Fixed h=0.80),RELU,Bin 4,2,4,90%,0.9041666666666666,0.03864007706456542,2.1850552612915637,,,,,,,,,96.0,,,,,,
wine_quality,1599,11,Local CQR (Fixed h=0.80),RELU,Bin 5,1,5,90%,0.9229166666666666,0.02916666666666667,2.260417692782357,,,,,,,,,96.0,,,,,,
wine_quality,1599,11,Local CQR (Fixed h=1.00),RELU,Overall,,,90%,0.9029166666666667,0.015229722402080875,2.492685348076436,0.12360827250787564,2.00637690728633,2.390200689435005,0.7151073975896196,0.8645833333333334,0.017430417219459884,0.9333333333333333,0.06874999999999998,,3.375569015525592,0.19010693098925427,0.17018407793614898,0.034488078914040064,0.0009175347222222217,0.0003465227329292106
wine_quality,1599,11,Local CQR (Fixed h=1.00),RELU,Bin 1,4,1,90%,0.8895833333333332,0.025173012444988683,2.9675952629807094,,,,,,,,,96.0,,,,,,
wine_quality,1599,11,Local CQR (Fixed h=1.00),RELU,Bin 2,3,2,90%,0.8895833333333334,0.026020824993326648,2.269695061119273,,,,,,,,,96.0,,,,,,
wine_quality,1599,11,Local CQR (Fixed h=1.00),RELU,Bin 3,0,3,90%,0.9,0.019320038532282726,2.7632951552436373,,,,,,,,,96.0,,,,,,
wine_quality,1599,11,Local CQR (Fixed h=1.00),RELU,Bin 4,2,4,90%,0.90625,0.03726779962499648,2.19628618589292,,,,,,,,,96.0,,,,,,
wine_quality,1599,11,Local CQR (Fixed h=1.00),RELU,Bin 5,1,5,90%,0.9291666666666666,0.02019866607256805,2.2665550751456367,,,,,,,,,96.0,,,,,,
wine_quality,1599,11,Local CQR (Fixed h=1.20),RELU,Overall,,,90%,0.9029166666666667,0.013856907623596568,2.491891753333621,0.12229878988454052,2.0057113662051833,2.388742837309837,0.710667466910753,0.8666666666666668,0.020198666072568032,0.9375,0.0708333333333333,,3.3829174065667518,0.18171451154647297,0.16496891487605927,0.03778407022568898,0.0008828124999999996,0.0003930154481156715
wine_quality,1599,11,Local CQR (Fixed h=1.20),RELU,Bin 1,4,1,90%,0.8875,0.023199018178458423,2.9587471346370875,,,,,,,,,96.0,,,,,,
wine_quality,1599,11,Local CQR (Fixed h=1.20),RELU,Bin 2,3,2,90%,0.8895833333333332,0.024295632895188747,2.2692181437431524,,,,,,,,,96.0,,,,,,
wine_quality,1599,11,Local CQR (Fixed h=1.20),RELU,Bin 3,2,3,90%,0.9020833333333332,0.035843021946010925,2.2016943733518324,,,,,,,,,96.0,,,,,,
wine_quality,1599,11,Local CQR (Fixed h=1.20),RELU,Bin 4,0,4,90%,0.9020833333333333,0.018162078931419474,2.7589996624505146,,,,,,,,,96.0,,,,,,
wine_quality,1599,11,Local CQR (Fixed h=1.20),RELU,Bin 5,1,5,90%,0.9333333333333333,0.01692508000965827,2.270799452485517,,,,,,,,,96.0,,,,,,
wine_quality,1599,11,Local CQR (Fixed h=1.40),RELU,Overall,,,90%,0.9041666666666666,0.014312970031098049,2.490257819352361,0.12291366310132236,2.0043809611985153,2.3883828222751617,0.7079685670033078,0.8666666666666668,0.020198666072568032,0.9416666666666668,0.07499999999999996,,3.3838754456319533,0.18161676292651135,0.16308312104730877,0.03425292857259369,0.0009722222222222213,0.0003396305494327994
wine_quality,1599,11,Local CQR (Fixed h=1.40),RELU,Bin 1,3,1,90%,0.8895833333333332,0.024295632895188747,2.2679258121022334,,,,,,,,,96.0,,,,,,
wine_quality,1599,11,Local CQR (Fixed h=1.40),RELU,Bin 2,4,2,90%,0.8895833333333334,0.026841872347344,2.951237320682655,,,,,,,,,96.0,,,,,,
wine_quality,1599,11,Local CQR (Fixed h=1.40),RELU,Bin 3,0,3,90%,0.9020833333333333,0.018162078931419474,2.757130626689953,,,,,,,,,96.0,,,,,,
wine_quality,1599,11,Local CQR (Fixed h=1.40),RELU,Bin 4,2,4,90%,0.9041666666666666,0.038074306005202195,2.2018500512465837,,,,,,,,,96.0,,,,,,
wine_quality,1599,11,Local CQR (Fixed h=1.40),RELU,Bin 5,1,5,90%,0.9354166666666668,0.016666666666666687,2.2731452860403807,,,,,,,,,96.0,,,,,,
wine_quality,1599,11,Local CQR (Fixed h=1.60),RELU,Overall,,,90%,0.905,0.016169673259943527,2.48828747864347,0.12345684088067672,2.002797236908621,2.385047560930252,0.7074208173399983,0.8708333333333333,0.023385358667337132,0.9395833333333332,0.06874999999999995,,3.3844112795668964,0.18332440010432988,0.1622211407710805,0.02995459257949503,0.0009392361111111103,0.00033366095372532826
wine_quality,1599,11,Local CQR (Fixed h=1.60),RELU,Bin 1,4,1,90%,0.8895833333333334,0.026841872347344,2.9485913776171704,,,,,,,,,96.0,,,,,,
wine_quality,1599,11,Local CQR (Fixed h=1.60),RELU,Bin 2,3,2,90%,0.8958333333333333,0.02375365468956538,2.2648742246596765,,,,,,,,,96.0,,,,,,
wine_quality,1599,11,Local CQR (Fixed h=1.60),RELU,Bin 3,0,3,90%,0.9020833333333333,0.018162078931419474,2.7547058744744084,,,,,,,,,96.0,,,,,,
wine_quality,1599,11,Local CQR (Fixed h=1.60),RELU,Bin 4,2,4,90%,0.9041666666666666,0.038074306005202195,2.200014307908714,,,,,,,,,96.0,,,,,,
wine_quality,1599,11,Local CQR (Fixed h=1.60),RELU,Bin 5,1,5,90%,0.9333333333333332,0.019320038532282726,2.273251608557378,,,,,,,,,96.0,,,,,,
wine_quality,1599,11,Local CQR (Fixed h=1.80),RELU,Overall,,,90%,0.9041666666666666,0.015422296269434777,2.486925929146819,0.12389154941476982,2.0016878677025036,2.385475069284439,0.7070322128770059,0.86875,0.02144922946038957,0.9395833333333332,0.0708333333333333,,3.383572241025977,0.18414439205885566,0.16206080559363203,0.028502449218450288,0.0009201388888888882,0.00034326082267046123
wine_quality,1599,11,Local CQR (Fixed h=1.80),RELU,Bin 1,4,1,90%,0.8875,0.023199018178458423,2.947670311387628,,,,,,,,,96.0,,,,,,
wine_quality,1599,11,Local CQR (Fixed h=1.80),RELU,Bin 2,3,2,90%,0.8979166666666666,0.024999999999999998,2.2634199602374183,,,,,,,,,96.0,,,,,,
wine_quality,1599,11,Local CQR (Fixed h=1.80),RELU,Bin 3,0,3,90%,0.9,0.019320038532282726,2.751419913372956,,,,,,,,,96.0,,,,,,
wine_quality,1599,11,Local CQR (Fixed h=1.80),RELU,Bin 4,2,4,90%,0.9041666666666666,0.038074306005202195,2.1987734379246833,,,,,,,,,96.0,,,,,,
wine_quality,1599,11,Local CQR (Fixed h=1.80),RELU,Bin 5,1,5,90%,0.93125,0.021449229460389588,2.273346022811408,,,,,,,,,96.0,,,,,,
wine_quality,1599,11,Local CQR (Fixed h=2.00),RELU,Overall,,,90%,0.9041666666666666,0.015422296269434777,2.4853849601326514,0.12416183881076784,2.0004411111173788,2.3853688180446624,0.7067157176336586,0.86875,0.02144922946038957,0.9395833333333332,0.0708333333333333,,3.383443951515171,0.18434387175024433,0.16148854537026985,0.027216879845547912,0.0009201388888888882,0.00034326082267046123
wine_quality,1599,11,Local CQR (Fixed h=2.00),RELU,Bin 1,4,1,90%,0.8875,0.023199018178458423,2.94658097056672,,,,,,,,,96.0,,,,,,
wine_quality,1599,11,Local CQR (Fixed h=2.00),RELU,Bin 2,3,2,90%,0.8979166666666666,0.024999999999999998,2.262159641257798,,,,,,,,,96.0,,,,,,
wine_quality,1599,11,Local CQR (Fixed h=2.00),RELU,Bin 3,0,3,90%,0.9,0.019320038532282726,2.747795828160209,,,,,,,,,96.0,,,,,,
wine_quality,1599,11,Local CQR (Fixed h=2.00),RELU,Bin 4,2,4,90%,0.9041666666666666,0.038074306005202195,2.1980373395606874,,,,,,,,,96.0,,,,,,
wine_quality,1599,11,Local CQR (Fixed h=2.00),RELU,Bin 5,1,5,90%,0.93125,0.021449229460389588,2.2723510211178413,,,,,,,,,96.0,,,,,,
wine_quality,1599,11,Local CQR (Fixed h=2.20),RELU,Overall,,,90%,0.905,0.016169673259943527,2.484083261373453,0.12403668874484969,1.9993828927065878,2.3813342660665513,0.7063568109558339,0.86875,0.02144922946038957,0.9395833333333332,0.0708333333333333,,3.3824726244139796,0.18535253775076113,0.16170845005311976,0.026377943987283166,0.000982638888888888,0.0003277366712983688
wine_quality,1599,11,Local CQR (Fixed h=2.20),RELU,Bin 1,4,1,90%,0.8916666666666666,0.030618621784789704,2.945350797381252,,,,,,,,,96.0,,,,,,
wine_quality,1599,11,Local CQR (Fixed h=2.20),RELU,Bin 2,3,2,90%,0.8979166666666666,0.024999999999999998,2.261304979321237,,,,,,,,,96.0,,,,,,
wine_quality,1599,11,Local CQR (Fixed h=2.20),RELU,Bin 3,0,3,90%,0.9,0.019320038532282726,2.7457673443869375,,,,,,,,,96.0,,,,,,
wine_quality,1599,11,Local CQR (Fixed h=2.20),RELU,Bin 4,2,4,90%,0.9041666666666666,0.038074306005202195,2.196515777396659,,,,,,,,,96.0,,,,,,
wine_quality,1599,11,Local CQR (Fixed h=2.20),RELU,Bin 5,1,5,90%,0.93125,0.021449229460389588,2.271477408381179,,,,,,,,,96.0,,,,,,
