regime,method,seed,coverage,avg_width,median_width,width_std,width_ratio_to_oracle,width_ratio_marginal,worst_bin_cov,best_bin_cov,coverage_gap_mean,coverage_gap_max,coverage_range,oracle_width,bandwidth_h,Q_global,Q_local_mean,Q_local_std
A1,Global,0,0.8996,3.345614433288574,3.2983617782592773,0.18616028130054474,1.0169946428687493,1.0169945758302046,0.869,0.914,0.012400000000000012,0.031000000000000028,0.04500000000000004,3.289707253902946,0.07368062997280775,0.03310855586542105,,
A1,Local,0,0.8978,3.3319388967475696,3.342118900882349,0.21682982965367115,1.0128375078951235,1.0128375078951233,0.865,0.922,0.02220000000000002,0.03500000000000003,0.05700000000000005,3.289707253902946,0.07368062997280775,,0.02627064739385773,0.12205142982305332
A1,Global,1,0.91,3.4326179027557373,3.4851531982421875,0.16598935425281525,1.0434417110033858,1.0434417526614992,0.896,0.924,0.012400000000000012,0.02400000000000002,0.028000000000000025,3.289707253902946,0.07368062997280775,0.07141664858494574,,
A1,Local,1,0.9022,3.3630840900918657,3.308309621178978,0.28719036070621157,1.0223049744325625,1.022304974432562,0.89,0.917,0.007800000000000007,0.017000000000000015,0.027000000000000024,3.289707253902946,0.07368062997280775,,0.03664979301552282,0.16901479053922353
A1,Global,2,0.9064,3.3712093830108643,3.3911399841308594,0.13384857773780823,1.0247748805804455,1.024774888103257,0.885,0.928,0.015600000000000013,0.028000000000000025,0.04300000000000004,3.289707253902946,0.07368062997280775,-0.0061370545350221285,,
A1,Local,2,0.9092,3.4172279686379685,3.4009484391904117,0.2632857723171029,1.0387635448667145,1.0387635448667143,0.89,0.932,0.013200000000000012,0.03200000000000003,0.04200000000000004,3.289707253902946,0.07368062997280775,,0.016872219280315015,0.15354411290379144
A1,Global,3,0.9108,3.436825752258301,3.4168853759765625,0.11196214705705643,1.044720862988545,1.0447208480878691,0.881,0.927,0.018400000000000017,0.027000000000000024,0.04600000000000004,3.289707253902946,0.07368062997280775,0.08691028346415774,,
A1,Local,3,0.907,3.390264493660225,3.3926056734344496,0.27725676186993964,1.030567230454314,1.0305672304543136,0.893,0.927,0.009800000000000008,0.027000000000000024,0.03400000000000003,3.289707253902946,0.07368062997280775,,0.06362961124403706,0.16264794509802058
A1,Global,4,0.8868,3.2269115447998047,3.2533509731292725,0.16717080771923065,0.9809114251029061,0.9809114598180005,0.864,0.903,0.014400000000000013,0.03600000000000003,0.039000000000000035,3.289707253902946,0.07368062997280775,0.00029222585460781975,,
A1,Local,4,0.8894,3.23071692476979,3.1916900477801207,0.22306766046026905,0.9820682131933874,0.982068213193387,0.866,0.907,0.014200000000000013,0.03400000000000003,0.041000000000000036,3.289707253902946,0.07368062997280775,,0.0021950059777057257,0.11485255327715983
A1,Global,5,0.9088,3.3516807556152344,3.3067855834960938,0.21669144928455353,1.0188386414808774,1.0188386068817408,0.884,0.94,0.015599999999999992,0.039999999999999925,0.05599999999999994,3.289707253902946,0.07368062997280775,0.011228913821621474,,
A1,Local,5,0.9052,3.285600928713623,3.264030248033513,0.2254957298135915,0.9987517657735502,0.9987517657735497,0.888,0.922,0.012400000000000012,0.02200000000000002,0.03400000000000003,3.289707253902946,0.07368062997280775,,-0.021811108892290276,0.16832334596811258
A1,Global,6,0.905,3.410088300704956,3.4404656887054443,0.1148681789636612,1.0365931949550538,1.0365932399179862,0.888,0.927,0.009800000000000008,0.027000000000000024,0.039000000000000035,3.289707253902946,0.07368062997280775,0.08644551177659512,,
A1,Local,6,0.9066,3.3965814318571677,3.418247132565228,0.2221334977664063,1.032487443321112,1.0324874433211115,0.895,0.919,0.008600000000000007,0.019000000000000017,0.02400000000000002,3.289707253902946,0.07368062997280775,,0.0796921763617764,0.12962207245135268
A1,Global,7,0.9038,3.335235595703125,3.307675838470459,0.1816905438899994,1.013839628191814,1.0138396332215165,0.886,0.935,0.013800000000000012,0.03500000000000003,0.049000000000000044,3.289707253902946,0.07368062997280775,0.005080376903610274,,
A1,Local,7,0.8998,3.331122437403958,3.3256785661325687,0.27839414229602966,1.0125893218771602,1.0125893218771598,0.865,0.924,0.015400000000000014,0.03500000000000003,0.05900000000000005,3.289707253902946,0.07368062997280775,,0.0030238440546445275,0.17623694073258667
A1,Global,8,0.9082,3.3867547512054443,3.3684792518615723,0.2115151286125183,1.0295002650273963,1.0295003445024964,0.862,0.931,0.02340000000000002,0.038000000000000034,0.06900000000000006,3.289707253902946,0.07368062997280775,-0.010978141843061577,,
A1,Local,8,0.9092,3.3941838334759034,3.383524657080435,0.25446265853444455,1.0317586251630768,1.0317586251630764,0.891,0.925,0.012800000000000011,0.025000000000000022,0.03400000000000003,3.289707253902946,0.07368062997280775,,-0.00726350604485302,0.19619308824141252
A1,Global,9,0.9168,3.427492141723633,3.4359655380249023,0.12192817777395248,1.0418837062283464,1.0418836319423916,0.904,0.927,0.016800000000000016,0.027000000000000024,0.02300000000000002,3.289707253902946,0.07368062997280775,0.04411084034538942,,
A1,Local,9,0.9104,3.4006636083086006,3.3997602290174096,0.23155959274623192,1.0337283368524708,1.0337283368524706,0.889,0.932,0.015600000000000013,0.03200000000000003,0.04300000000000004,3.289707253902946,0.07368062997280775,,0.030696426350668923,0.135860518103163
B1,Global,0,0.8952,3.416185140609741,3.052847146987915,2.1997592449188232,1.2925369210012578,1.080162420327633,0.869,0.915,0.014800000000000013,0.031000000000000028,0.04600000000000004,3.162658759757213,0.07368062997280775,-0.023295677689971983,,
B1,Local,0,0.9036,3.3253862488585195,1.9070763233766805,2.4174109034123625,1.1669838718455745,1.0514527495574004,0.876,0.934,0.02160000000000002,0.03400000000000003,0.05800000000000005,3.162658759757213,0.07368062997280775,,-0.06869504301833686,0.37932534634861154
B1,Global,1,0.8956,3.321913719177246,2.7956950664520264,2.150428533554077,1.2538476621878587,1.0375124016702493,0.881,0.913,0.012400000000000012,0.019000000000000017,0.03200000000000003,3.201806276078658,0.07368062997280775,0.021324611045992224,,
B1,Local,1,0.9104,3.456597101483888,1.9360717024003895,2.53425113706034,1.185962027341687,1.0795772146831066,0.896,0.928,0.01200000000000001,0.028000000000000025,0.03200000000000003,3.201806276078658,0.07368062997280775,,0.0886663237912687,0.42091099927845754
B1,Global,2,0.9078,3.3567726612091064,2.660930633544922,2.1642677783966064,1.2864972651726752,1.0636116121980939,0.852,0.934,0.027000000000000024,0.04800000000000004,0.08200000000000007,3.156013551104329,0.07368062997280775,0.005124602393809621,,
B1,Local,2,0.9148,3.4607779939370578,1.972411977021566,2.5509702090166617,1.2053723072997138,1.096566265606207,0.899,0.927,0.015200000000000014,0.027000000000000024,0.028000000000000025,3.156013551104329,0.07368062997280775,,0.057127234115562205,0.3477948883787958
B1,Global,3,0.9024,3.3095648288726807,2.5636730194091797,2.1190412044525146,1.2959258661665836,1.057071695650008,0.867,0.919,0.016800000000000016,0.03300000000000003,0.052000000000000046,3.130880187684511,0.07368062997280775,0.05234182583975399,,
B1,Local,3,0.9052,3.3904628203367904,1.9218937741720112,2.5171335909438954,1.1941812170034543,1.0829104331981025,0.894,0.919,0.008000000000000007,0.019000000000000017,0.025000000000000022,3.130880187684511,0.07368062997280775,,0.09279083980508554,0.32731542268615393
B1,Global,4,0.8978,3.3088672161102295,2.9275336265563965,2.077253818511963,1.3079975335381175,1.0629245201859334,0.882,0.917,0.009400000000000009,0.018000000000000016,0.03500000000000003,3.1129841802232785,0.07368062997280775,0.03493393167951064,,
B1,Local,4,0.9064,3.3036883749598904,1.822537498796064,2.520795757726425,1.1484837843298124,1.0612608942724964,0.866,0.93,0.020000000000000018,0.03400000000000003,0.06400000000000006,3.1129841802232785,0.07368062997280775,,0.03234460901442397,0.48108957730211516
B1,Global,5,0.904,3.457556962966919,2.9286932945251465,2.292809009552002,1.2864787316097328,1.0896621069939276,0.877,0.949,0.022399999999999996,0.04899999999999993,0.07199999999999995,3.1730542346795465,0.07368062997280775,0.041885229513160795,,
B1,Local,5,0.9072,3.263452241662818,1.928064205781503,2.2402812012577944,1.1761195844689507,1.0284892725738113,0.889,0.935,0.015200000000000014,0.03500000000000003,0.04600000000000004,3.1730542346795465,0.07368062997280775,,-0.055167338002881365,0.3915795917110047
B1,Global,6,0.905,3.3012118339538574,2.526193141937256,2.176565647125244,1.25117757618946,1.050166545292932,0.881,0.927,0.01260000000000001,0.027000000000000024,0.04600000000000004,3.143512663539498,0.07368062997280775,0.02211600965407293,,
B1,Local,6,0.91,3.4644219612899776,1.8219845619471533,2.6285530084741326,1.1907819755355769,1.102086211222431,0.902,0.922,0.010000000000000009,0.02200000000000002,0.020000000000000018,3.143512663539498,0.07368062997280775,,0.10372106411771784,0.3763308934911356
B1,Global,7,0.901,3.2164623737335205,2.6540439128875732,2.0189242362976074,1.2848556260159054,1.0426950382310118,0.878,0.918,0.01260000000000001,0.02200000000000002,0.040000000000000036,3.0847584919847915,0.07368062997280775,-0.008993630173382623,,
B1,Local,7,0.906,3.1766358817072193,1.965634768264036,2.2926659615407994,1.153358994253055,1.029784305630783,0.879,0.926,0.015600000000000013,0.026000000000000023,0.04700000000000004,3.0847584919847915,0.07368062997280775,,-0.028906842667535897,0.3179100494648291
B1,Global,8,0.905,3.391964912414551,2.8039913177490234,2.2076919078826904,1.3438334738714017,1.1143963955878644,0.856,0.929,0.02260000000000002,0.04400000000000004,0.07300000000000006,3.043768739601161,0.07368062997280775,-0.013232026952775384,,
B1,Local,8,0.9096,3.354695847619843,2.1822638640203973,2.376695667269972,1.2686946217846073,1.1021520143673678,0.9,0.916,0.009600000000000008,0.016000000000000014,0.016000000000000014,3.043768739601161,0.07368062997280775,,-0.031866636163109925,0.35678494599170046
B1,Global,9,0.904,3.298292875289917,2.7074718475341797,2.154998302459717,1.2969742126113462,1.0735040511255396,0.878,0.936,0.015600000000000013,0.03600000000000003,0.05800000000000005,3.072454986855194,0.07368062997280775,-0.015332542783970062,,
B1,Local,9,0.9102,3.374366416813535,1.996757534621165,2.4871301737681266,1.2208836272468255,1.0982639066316677,0.88,0.93,0.018200000000000015,0.030000000000000027,0.050000000000000044,3.072454986855194,0.07368062997280775,,0.022704089526324276,0.3841508360168668
B2,Global,0,0.8984,4.080125331878662,3.667001724243164,2.887864351272583,1.0220294856868148,1.0199734723523661,0.876,0.915,0.01160000000000001,0.02400000000000002,0.039000000000000035,4.000226910282935,0.07368062997280775,0.006746574963544404,,
B2,Local,0,0.8964,4.002040071186039,3.4735466026055692,2.867433715326804,1.0141711289426893,1.0004532645131814,0.864,0.916,0.020000000000000018,0.03600000000000003,0.052000000000000046,4.000226910282935,0.07368062997280775,,-0.03229609190077173,0.1385881937764085
B2,Global,1,0.908,3.957939863204956,3.260018825531006,2.7555062770843506,1.0374122188012844,1.0062413929074825,0.891,0.927,0.01160000000000001,0.027000000000000024,0.03600000000000003,3.9333900305658203,0.07368062997280775,0.03574389605606533,,
B2,Local,1,0.9018,4.016191123524563,3.13352323233769,3.035293548406518,1.0226463088939188,1.021050821890356,0.892,0.91,0.007000000000000006,0.010000000000000009,0.018000000000000016,3.9333900305658203,0.07368062997280775,,0.06486945550533656,0.346654498100572
B2,Global,2,0.909,4.087944507598877,3.209423303604126,3.001707077026367,1.0413756049883536,1.0228576457968883,0.892,0.932,0.013000000000000012,0.03200000000000003,0.040000000000000036,3.9965918272175984,0.07368062997280775,0.013338948739392746,,
B2,Local,2,0.9092,4.215685088854458,3.6508761264240412,3.1532596577935847,1.0445559053210123,1.05482002443802,0.89,0.93,0.015600000000000013,0.030000000000000027,0.040000000000000036,3.9965918272175984,0.07368062997280775,,0.07720945249543879,0.18047659572013994
B2,Global,3,0.9046,3.9152886867523193,3.0419600009918213,2.756312370300293,1.0414290093717238,0.995795328006779,0.872,0.936,0.02180000000000002,0.03600000000000003,0.06400000000000006,3.931820703145201,0.07368062997280775,0.059183761054705505,,
B2,Local,3,0.906,4.074895071556738,3.4199619902023493,3.0795705334628596,1.0288627137524544,1.0363888333710352,0.899,0.916,0.006800000000000006,0.016000000000000014,0.017000000000000015,3.931820703145201,0.07368062997280775,,0.13898697657505585,0.2917024497847751
B2,Global,4,0.8896,3.919403076171875,2.799720525741577,2.9863510131835938,0.9882084557816954,0.9994265657830381,0.868,0.907,0.013200000000000012,0.03200000000000003,0.039000000000000035,3.9216518855500624,0.07368062997280775,0.005585236195187779,,
B2,Local,4,0.8912,3.899836671876944,3.01315023364939,2.924219447555401,0.9901775067483204,0.9944372386153141,0.87,0.912,0.014400000000000013,0.030000000000000027,0.04200000000000004,3.9216518855500624,0.07368062997280775,,-0.00419794489441481,0.1791352015766817
B2,Global,5,0.9066,4.007163047790527,3.3110861778259277,2.8894779682159424,1.0097978337571636,1.0124872661294524,0.885,0.936,0.015800000000000015,0.03600000000000003,0.051000000000000045,3.9577416742327585,0.07368062997280775,-0.009709737019223863,,
B2,Local,5,0.9062,3.8941556491077645,2.868252200944143,2.8238256490679254,0.9979699949506943,0.9839337606244044,0.891,0.926,0.01180000000000001,0.026000000000000023,0.03500000000000003,3.9577416742327585,0.07368062997280775,,-0.0662135472006745,0.19623318263254344
B2,Global,6,0.901,3.948537826538086,3.0341238975524902,2.9612104892730713,1.0332595248859737,1.0095131912957245,0.882,0.942,0.01579999999999999,0.041999999999999926,0.05999999999999994,3.9113286092577764,0.07368062997280775,0.04023766744158699,,
B2,Local,6,0.9082,4.086240370466001,3.2945676222533247,3.107730269082864,1.0314552201585991,1.0447192702741017,0.895,0.921,0.01020000000000001,0.02100000000000002,0.026000000000000023,3.9113286092577764,0.07368062997280775,,0.10908896133331611,0.1764836190870171
B2,Global,7,0.9018,3.8816089630126953,3.06954026222229,2.782738208770752,1.013119735775131,0.9792845479158322,0.884,0.932,0.012200000000000011,0.03200000000000003,0.04800000000000004,3.9637191981367943,0.07368062997280775,0.0059632660477224346,,
B2,Local,7,0.8996,4.065530225606567,2.9979308629816837,3.108184694284547,1.0167596278634445,1.0256857316021857,0.87,0.923,0.012800000000000011,0.030000000000000027,0.05300000000000005,3.9637191981367943,0.07368062997280775,,0.0979239557133644,0.28355175030449836
B2,Global,8,0.9074,4.074129104614258,3.3217263221740723,3.0503106117248535,1.0253371303906758,1.0333577936066842,0.875,0.933,0.017400000000000016,0.03300000000000003,0.05800000000000005,3.9426122586200276,0.07368062997280775,-0.0014494953637728613,,
B2,Local,8,0.9086,4.058171439011224,2.9210029350074462,3.104052594611301,1.032599968514595,1.029310308194406,0.895,0.923,0.01140000000000001,0.02300000000000002,0.028000000000000025,3.9426122586200276,0.07368062997280775,,-0.00942829299056167,0.2525837681006737
B2,Global,9,0.9134,4.0945353507995605,3.016091823577881,3.070388078689575,1.0386555375543793,1.0303057135883282,0.893,0.927,0.016200000000000013,0.027000000000000024,0.03400000000000003,3.974097490480951,0.07368062997280775,0.025730057272336054,,
B2,Local,9,0.9108,4.119229655095401,3.2156664885818107,3.0590885961769407,1.0347430887773363,1.0365195280090842,0.895,0.931,0.013600000000000011,0.031000000000000028,0.03600000000000003,3.974097490480951,0.07368062997280775,,0.038077343070612224,0.2049976040732421
B3,Global,0,0.8956,3.276982307434082,3.40964412689209,1.7695666551589966,1.0270108822004944,1.0010620161143484,0.86,0.917,0.016800000000000016,0.040000000000000036,0.05700000000000005,3.273505791533061,0.07368062997280775,0.06437821147040178,,
B3,Local,0,0.8946,3.2806331555852717,3.2145756503856076,1.8502521817707707,1.017607135564491,1.0021772877477857,0.863,0.919,0.020600000000000018,0.03700000000000003,0.05600000000000005,3.273505791533061,0.07368062997280775,,0.06620365217076855,0.19694629713052744
B3,Global,1,0.9036,3.3159618377685547,3.275625228881836,1.7349913120269775,1.0655815452075243,1.0070323078437042,0.88,0.945,0.015199999999999991,0.04499999999999993,0.06499999999999995,3.2928058136176563,0.07368062997280775,0.03378371211651083,,
B3,Local,1,0.9004,3.3821720699963866,3.3248582945249776,1.8841557035219487,1.0422915834203041,1.0271398501573186,0.884,0.917,0.010000000000000009,0.017000000000000015,0.03300000000000003,3.2928058136176563,0.07368062997280775,,0.06688879082490504,0.15609011451600052
B3,Global,2,0.913,3.4026272296905518,3.237821102142334,1.8335065841674805,1.0839740548915118,1.0357144692965274,0.9,0.934,0.013000000000000012,0.03400000000000003,0.03400000000000003,3.2852946739284876,0.07368062997280775,-0.004352379313935441,,
B3,Local,2,0.9062,3.4583089227431003,3.280406418903434,1.9843395166206055,1.0648824427924444,1.052663236021908,0.887,0.926,0.013000000000000012,0.026000000000000023,0.039000000000000035,3.2852946739284876,0.07368062997280775,,0.02348841018492876,0.15381466189176565
B3,Global,3,0.905,3.351012945175171,3.50736141204834,1.811790943145752,1.0364597428525637,1.0079167840437233,0.874,0.926,0.015400000000000014,0.026000000000000023,0.052000000000000046,3.3246920759976195,0.07368062997280775,0.009217772858887436,,
B3,Local,3,0.9068,3.3833111054078135,3.6351808604614915,1.8548003517800113,1.0319072858124891,1.017631416104183,0.895,0.928,0.009200000000000009,0.028000000000000025,0.03300000000000003,3.3246920759976195,0.07368062997280775,,0.025366913611600983,0.1636545095213161
B3,Global,4,0.8932,3.2871038913726807,3.2156693935394287,1.8292210102081299,1.0177581383400531,0.9921811196424628,0.873,0.911,0.014000000000000012,0.027000000000000024,0.038000000000000034,3.313007903796037,0.07368062997280775,0.033659686199379174,,
B3,Local,4,0.8938,3.3192677865745295,3.250337696413938,1.8910554680517586,1.0038136908264306,1.0018894862192511,0.864,0.914,0.013400000000000013,0.03600000000000003,0.050000000000000044,3.313007903796037,0.07368062997280775,,0.049741671477341355,0.13494326586390948
B3,Global,5,0.9062,3.2741878032684326,3.3302927017211914,1.6214417219161987,1.0936698347534348,1.0000445404563887,0.885,0.937,0.015000000000000013,0.03700000000000003,0.052000000000000046,3.2740419759445887,0.07368062997280775,-0.10147235598038051,,
B3,Local,5,0.906,3.3742760077864937,3.0314171046176464,1.8946283517939704,1.0846732431074002,1.0306147668778702,0.889,0.927,0.014400000000000013,0.027000000000000024,0.038000000000000034,3.2740419759445887,0.07368062997280775,,-0.051428201224604925,0.21584576567927458
B3,Global,6,0.9024,3.303013563156128,3.3022894859313965,1.6957155466079712,1.065858566187038,1.0051439425910154,0.86,0.95,0.029200000000000004,0.04999999999999993,0.08999999999999997,3.2861100019582934,0.07368062997280775,0.04000577493281224,,
B3,Local,6,0.9086,3.424868879729134,3.53337154526612,1.8918524074268108,1.0527528115679488,1.0422258773103,0.894,0.919,0.01100000000000001,0.019000000000000017,0.025000000000000022,3.2861100019582934,0.07368062997280775,,0.1009333814509201,0.19285096298738127
B3,Global,7,0.9036,3.330355167388916,3.3782224655151367,1.840422511100769,1.027623169082599,1.0086995711864697,0.884,0.936,0.013200000000000012,0.03600000000000003,0.052000000000000046,3.301632381454896,0.07368062997280775,-0.06249427261008749,,
B3,Local,7,0.902,3.288501113553356,3.234542136414384,1.849944854212351,1.0083902748607259,0.9960227952768765,0.87,0.923,0.014400000000000013,0.030000000000000027,0.05300000000000005,3.301632381454896,0.07368062997280775,,-0.08342123712524202,0.211606898399608
B3,Global,8,0.9022,3.413517951965332,3.4201736450195312,1.828444242477417,1.0645286693979934,1.030373645421023,0.869,0.926,0.015000000000000013,0.031000000000000028,0.05700000000000005,3.312893305389743,0.07368062997280775,-0.014685303386100518,,
B3,Local,8,0.9106,3.450277602702027,3.2731241421201434,1.939453634091322,1.0638075575011636,1.041469581012094,0.895,0.918,0.01260000000000001,0.018000000000000016,0.02300000000000002,3.312893305389743,0.07368062997280775,,0.003694576420086155,0.1876008389296906
B3,Global,9,0.9156,3.4160289764404297,3.483976364135742,1.8182783126831055,1.056259645915233,1.0275633008611083,0.89,0.925,0.019600000000000017,0.025000000000000022,0.03500000000000003,3.3243976050699393,0.07368062997280775,0.004744176045912781,,
B3,Local,9,0.9126,3.4457961808886006,3.379090119361172,1.9686595393060304,1.0356592676007037,1.036517465790951,0.899,0.932,0.013000000000000012,0.03200000000000003,0.03300000000000003,3.3243976050699393,0.07368062997280775,,0.019627887229789056,0.2637643912201555
B4,Global,0,0.8992,1.4738361835479736,0.9555079340934753,1.2099288702011108,1.062484035738938,1.040663647570642,0.875,0.914,0.01200000000000001,0.025000000000000022,0.039000000000000035,1.4162464375387218,0.07368062997280775,0.05053305308620863,,
B4,Local,0,0.901,1.4746369571657283,1.1260999479588851,1.1928053477351788,1.0480588068850134,1.0412290672578726,0.876,0.92,0.018200000000000015,0.02400000000000002,0.04400000000000004,1.4162464375387218,0.07368062997280775,,0.05093351400799072,0.05776373977082576
B4,Global,1,0.9012,1.413090705871582,1.0244710445404053,1.131005048751831,1.0191339114585343,1.0071595864060754,0.889,0.912,0.008800000000000007,0.01200000000000001,0.02300000000000002,1.4030454805221304,0.07368062997280775,-0.0014248066080637014,,
B4,Local,1,0.9024,1.433153438626658,0.9569183267533865,1.1737470065401714,1.0282624013331332,1.0214590036620361,0.889,0.92,0.01080000000000001,0.020000000000000018,0.031000000000000028,1.4030454805221304,0.07368062997280775,,0.00860654202702447,0.10245037168175015
B4,Global,2,0.908,1.4493927955627441,1.045454978942871,1.1345338821411133,1.0460336058039699,1.019538482293317,0.89,0.924,0.013200000000000012,0.02400000000000002,0.03400000000000003,1.4216165654704145,0.07368062997280775,-0.0020606815690929546,,
B4,Local,2,0.909,1.454107626428043,0.9237197282514582,1.1381778384400782,1.0547809685308762,1.022855010096817,0.894,0.924,0.01180000000000001,0.02400000000000002,0.030000000000000027,1.4216165654704145,0.07368062997280775,,0.00029675556661440085,0.0647455579291671
B4,Global,3,0.9104,1.4030675888061523,1.056255578994751,1.0937895774841309,1.054389977888376,1.028054502339677,0.886,0.936,0.018000000000000016,0.03600000000000003,0.050000000000000044,1.3647793824286645,0.07368062997280775,-0.0051365653191161945,,
B4,Local,3,0.9064,1.3978159066680709,1.0257762361772003,1.1262216693154743,1.0377317015117342,1.0242064942251816,0.891,0.93,0.01040000000000001,0.030000000000000027,0.039000000000000035,1.3647793824286645,0.07368062997280775,,-0.007762412515846836,0.08063491618893882
B4,Global,4,0.8968,1.4151980876922607,0.9530277848243713,1.168982982635498,1.0112274470289777,1.0083709286842384,0.873,0.913,0.016400000000000015,0.027000000000000024,0.040000000000000036,1.403449908595507,0.07368062997280775,0.011872714313896788,,
B4,Local,4,0.8922,1.366532210448871,0.9669696438053887,1.0952141277202578,0.9905075914482306,0.9736950368370603,0.867,0.924,0.018200000000000015,0.03300000000000003,0.05700000000000005,1.403449908595507,0.07368062997280775,,-0.012460195296759444,0.06353374229991947
B4,Global,5,0.912,1.4301480054855347,0.9875131845474243,1.1766828298568726,1.0328077573820844,1.0319634235727777,0.88,0.935,0.020000000000000018,0.03500000000000003,0.05500000000000005,1.3858514486242115,0.07368062997280775,-0.011426807483490717,,
B4,Local,5,0.904,1.3741161743458596,0.9208700744104096,1.113237770953193,0.9992807861511545,0.9915320835505119,0.887,0.918,0.013200000000000012,0.018000000000000016,0.031000000000000028,1.3858514486242115,0.07368062997280775,,-0.03944275317656556,0.08719606365756699
B4,Global,6,0.9022,1.3683947324752808,1.1006779670715332,1.0083125829696655,1.0705185627152198,0.977684019760793,0.845,0.94,0.037800000000000014,0.05500000000000005,0.09499999999999997,1.3996288216003385,0.07368062997280775,-0.032159853548979905,,
B4,Local,6,0.904,1.4517794670819206,1.0341778805785258,1.1792677633885549,1.0520250135190468,1.0372603397963418,0.888,0.919,0.010000000000000009,0.019000000000000017,0.031000000000000028,1.3996288216003385,0.07368062997280775,,0.009532554369834103,0.10968590724014857
B4,Global,7,0.8978,1.4231668710708618,0.9616212844848633,1.046669602394104,1.2034920606954818,1.0155070011027276,0.861,0.957,0.025,0.05699999999999994,0.09599999999999997,1.4014348197752067,0.07368062997280775,0.0046859979763585295,,
B4,Local,7,0.8984,1.5214598367048593,1.0040072596992804,1.2417840657069952,1.1752394293329649,1.0856443804849267,0.854,0.923,0.016800000000000016,0.04600000000000004,0.06900000000000006,1.4014348197752067,0.07368062997280775,,0.05383249978703347,0.11333368884463971
B4,Global,8,0.8994,1.4030519723892212,0.8945950269699097,1.1332175731658936,1.060978012936717,1.0071507049767718,0.831,0.961,0.03580000000000001,0.06900000000000006,0.13,1.3930903939759245,0.07368062997280775,0.018075841365630434,,
B4,Local,8,0.907,1.4342519200395636,1.081209391532054,1.1427516103918365,1.046954157152314,1.0295469168703135,0.894,0.917,0.01020000000000001,0.017000000000000015,0.02300000000000002,1.3930903939759245,0.07368062997280775,,0.03367587710525062,0.08005414688742034
B4,Global,9,0.914,1.4277656078338623,1.0676414966583252,1.15469229221344,1.0575718159854586,1.033531098213873,0.892,0.935,0.017200000000000014,0.03500000000000003,0.04300000000000004,1.3814442645231453,0.07368062997280775,-0.006478186179298217,,
B4,Local,9,0.914,1.4815963571902613,0.9319756904289411,1.2699005338459137,1.0539647425095626,1.072498105959915,0.899,0.933,0.014800000000000013,0.03300000000000003,0.03400000000000003,1.3814442645231453,0.07368062997280775,,0.020437211522286183,0.08041119552954558
B5,Global,0,0.8978,3.5429282188415527,2.85308837890625,2.142073392868042,1.270995435209616,1.1055916479521906,0.854,0.938,0.020599999999999997,0.04600000000000004,0.08399999999999996,3.2045540732908657,0.07368062997280775,-0.09849977711176582,,
B5,Local,0,0.8914,3.4970293911705825,2.6987583512923683,2.2628391973069606,1.243176050457384,1.0912686480522902,0.851,0.917,0.02340000000000002,0.049000000000000044,0.06600000000000006,3.2045540732908657,0.07368062997280775,,-0.12144904688545002,0.19038440840902449
B5,Global,1,0.9036,3.3134171962738037,2.46976900100708,2.299931049346924,1.0344003073031778,1.0204984997171849,0.893,0.918,0.006800000000000006,0.018000000000000016,0.025000000000000022,3.24686140860772,0.07368062997280775,0.043284089586466304,,
B5,Local,1,0.8986,3.3152879560656903,2.473391009777865,2.323142853791245,1.0248466757705303,1.0210746745384836,0.882,0.907,0.007000000000000006,0.018000000000000016,0.025000000000000022,3.24686140860772,0.07368062997280775,,0.044219548562637774,0.11394025944618603
B5,Global,2,0.9108,3.3477063179016113,2.441007375717163,2.4137024879455566,1.0385668074728902,1.0420979427350552,0.899,0.933,0.01120000000000001,0.03300000000000003,0.03400000000000003,3.2124680230299028,0.07368062997280775,-0.02978189267351552,,
B5,Local,2,0.9092,3.321385052219787,2.630783863921219,2.3290242243142156,1.049361122001391,1.0339044710823788,0.897,0.928,0.01080000000000001,0.028000000000000025,0.031000000000000028,3.2124680230299028,0.07368062997280775,,-0.04294241445324883,0.18755556462501038
B5,Global,3,0.9074,3.3311123847961426,2.64202880859375,2.287811040878296,1.0363163435968807,1.0193659551600263,0.896,0.923,0.009000000000000008,0.02300000000000002,0.027000000000000024,3.26782777856575,0.07368062997280775,0.01603280714949931,,
B5,Local,3,0.9062,3.315304250882505,2.850887441685237,2.3035883432199182,1.0271424860575344,1.0145284499471365,0.892,0.928,0.01020000000000001,0.028000000000000025,0.03600000000000003,3.26782777856575,0.07368062997280775,,0.008128715618063689,0.2033538476436536
B5,Global,4,0.8946,3.2297656536102295,2.3444385528564453,2.2555339336395264,1.0072030265268754,0.9847576511626126,0.87,0.918,0.015400000000000014,0.030000000000000027,0.04800000000000004,3.279756851644811,0.07368062997280775,-0.09730503417812618,,
B5,Local,4,0.8936,3.2076139301477014,2.567390868346317,2.2170538465564387,0.9954098562773226,0.978003576252633,0.872,0.914,0.015600000000000013,0.028000000000000025,0.04200000000000004,3.279756851644811,0.07368062997280775,,-0.10838083450654448,0.13670538300305385
B5,Global,5,0.9074,3.264449119567871,2.530355453491211,2.252802848815918,1.0402639271525285,1.0146598396280455,0.886,0.948,0.019799999999999995,0.04799999999999993,0.061999999999999944,3.2172842484477893,0.07368062997280775,0.00812934642239998,,
B5,Local,5,0.907,3.2737798949606307,2.306437807212599,2.399655440892018,1.0171643496900338,1.0175600419950765,0.884,0.931,0.013800000000000012,0.031000000000000028,0.04700000000000004,3.2172842484477893,0.07368062997280775,,0.012794754062200044,0.1853993329417069
B5,Global,6,0.9066,3.3316452503204346,2.6260595321655273,2.298125982284546,1.0405763875749339,1.01319377924001,0.875,0.938,0.016599999999999993,0.03799999999999992,0.06299999999999994,3.2882606650225186,0.07368062997280775,0.034172173544031965,,
B5,Local,6,0.9096,3.371893549101615,2.9417316165994087,2.3123567994078345,1.048805278479703,1.0254337756640481,0.902,0.921,0.009600000000000008,0.02100000000000002,0.019000000000000017,3.2882606650225186,0.07368062997280775,,0.05429623923553238,0.14358877717362065
B5,Global,7,0.904,3.4283344745635986,2.551299810409546,2.5412638187408447,1.0177059397925843,1.0468784433884868,0.892,0.927,0.01160000000000001,0.027000000000000024,0.03500000000000003,3.274816189229121,0.07368062997280775,0.010509964046866315,,
B5,Local,7,0.8996,3.296729042239822,2.3783027442945994,2.375902773043993,1.0098480894169384,1.006691323037541,0.869,0.922,0.014800000000000013,0.031000000000000028,0.05300000000000005,3.274816189229121,0.07368062997280775,,-0.05529277688955933,0.1923783837486548
B5,Global,8,0.9022,3.288198471069336,2.7848968505859375,2.196856737136841,1.021994921190372,0.9966511202604482,0.86,0.925,0.019000000000000017,0.040000000000000036,0.06500000000000006,3.299247253351858,0.07368062997280775,0.016460791398975032,,
B5,Local,8,0.9096,3.436138810105884,2.4999885166763223,2.5143431864422943,1.0347887814431167,1.0414917544039632,0.894,0.921,0.01200000000000001,0.02100000000000002,0.027000000000000024,3.299247253351858,0.07368062997280775,,0.0904309548416552,0.24870299566208978
B5,Global,9,0.9128,3.369680881500244,2.6802868843078613,2.366487503051758,1.0527473362298756,1.0319467437395946,0.906,0.918,0.012800000000000011,0.018000000000000016,0.01200000000000001,3.2653631613673295,0.07368062997280775,0.025911671688473668,,
B5,Local,9,0.9094,3.3567679459337647,2.7836658739285705,2.3452020335498824,1.0444371982755776,1.0279922263005383,0.885,0.932,0.016600000000000014,0.03200000000000003,0.04700000000000004,3.2653631613673295,0.07368062997280775,,0.01945513189987005,0.12941021855368645
B6,Global,0,0.8958,4.49483060836792,5.6029181480407715,2.0176055431365967,1.0154680382062482,1.0181292340499397,0.873,0.911,0.009800000000000008,0.027000000000000024,0.038000000000000034,4.414793778672155,0.07368062997280775,0.029525853149161913,,
B6,Local,0,0.8934,4.428696822850537,5.2092667058347715,1.984563287894631,1.0097182247968937,1.0031491944755262,0.86,0.917,0.02140000000000002,0.040000000000000036,0.05700000000000005,4.414793778672155,0.07368062997280775,,-0.0035409394889418275,0.1687004284814
B6,Global,1,0.9084,4.491302490234375,5.112873077392578,1.9343836307525635,1.0412968806019312,1.0256849161186974,0.897,0.928,0.01040000000000001,0.028000000000000025,0.031000000000000028,4.3788325436528295,0.07368062997280775,0.050965022695526274,,
B6,Local,1,0.9042,4.478415982123296,5.159622324685673,2.000887278147652,1.0257837854851704,1.0227420065685804,0.89,0.921,0.008200000000000008,0.02100000000000002,0.031000000000000028,4.3788325436528295,0.07368062997280775,,0.04452180971941877,0.24220319742699933
B6,Global,2,0.905,4.476585865020752,4.838479042053223,1.9314253330230713,1.0253098579096507,1.015543988974902,0.889,0.925,0.01260000000000001,0.025000000000000022,0.03600000000000003,4.408066921393973,0.07368062997280775,-0.029433325565566486,,
B6,Local,2,0.908,4.6190986729145465,5.684369285002797,2.108690572473327,1.0392803641317199,1.0478739899560867,0.893,0.93,0.012800000000000011,0.030000000000000027,0.03700000000000003,4.408066921393973,0.07368062997280775,,0.041822921406498376,0.205646673634716
B6,Global,3,0.908,4.453453540802002,5.260592460632324,1.9032671451568604,1.038730953502254,1.0211974720712764,0.877,0.929,0.019600000000000017,0.029000000000000026,0.052000000000000046,4.361011129188503,0.07368062997280775,0.060479859453041206,,
B6,Local,3,0.9076,4.517961568210778,5.561859476132421,2.081626114854372,1.0317423288351888,1.0359894607862374,0.896,0.928,0.009200000000000009,0.028000000000000025,0.03200000000000003,4.361011129188503,0.07368062997280775,,0.09273390122770644,0.2251805268967428
B6,Global,4,0.893,4.315431118011475,4.702361583709717,2.004685401916504,0.9902737257862511,0.9918544365800442,0.872,0.909,0.013000000000000012,0.028000000000000025,0.03700000000000003,4.350871417071302,0.07368062997280775,0.008808576872561574,,
B6,Local,4,0.8904,4.316991604479919,4.77772768999645,2.0271584371001747,0.9853634441602033,0.9922130972525527,0.869,0.909,0.014400000000000013,0.031000000000000028,0.040000000000000036,4.350871417071302,0.07368062997280775,,0.009588801357780698,0.15194776137120242
B6,Global,5,0.9092,4.515729904174805,5.28521728515625,2.047086715698242,1.0209119923260777,1.0253763524645745,0.884,0.94,0.015599999999999992,0.039999999999999925,0.05599999999999994,4.40397312978877,0.07368062997280775,0.02078803364144763,,
B6,Local,5,0.9066,4.360010958230656,4.485938330121865,1.9159811371028816,1.0009676057965609,0.9900176113108523,0.886,0.929,0.013000000000000012,0.029000000000000026,0.04300000000000004,4.40397312978877,0.07368062997280775,,-0.057071387059161614,0.22996314902115514
B6,Global,6,0.9,4.402627468109131,4.91663122177124,1.9651824235916138,1.0304151565590964,1.0135794516314918,0.885,0.944,0.017599999999999994,0.04399999999999993,0.05899999999999994,4.34364317570025,0.07368062997280775,0.09967870037048744,,
B6,Local,6,0.9078,4.526521888085742,5.28902773471429,2.130915343561875,1.032681006355679,1.0421026094888675,0.897,0.922,0.009800000000000008,0.02200000000000002,0.025000000000000022,4.34364317570025,0.07368062997280775,,0.16162582230321476,0.17856498446975771
B6,Global,7,0.899,4.281344413757324,4.8420281410217285,1.8191664218902588,1.0065682410864374,0.9830710987940767,0.882,0.93,0.014600000000000012,0.030000000000000027,0.04800000000000004,4.355070980124638,0.07368062997280775,0.00923006273229434,,
B6,Local,7,0.9002,4.437168191990386,4.770401927664982,2.111519828088981,1.0128728224034294,1.01885094691692,0.865,0.924,0.014200000000000013,0.03500000000000003,0.05900000000000005,4.355070980124638,0.07368062997280775,,0.08714182395121968,0.2555349808097184
B6,Global,8,0.907,4.475207805633545,5.37632942199707,2.078080654144287,1.023503129586434,1.0325088437037373,0.882,0.928,0.015000000000000013,0.028000000000000025,0.04600000000000004,4.334304575620311,0.07368062997280775,-0.0018583416518868506,,
B6,Local,8,0.909,4.445718145721905,4.613701096557179,2.07865655898625,1.031430425419862,1.0257050625210502,0.895,0.925,0.01180000000000001,0.025000000000000022,0.030000000000000027,4.334304575620311,0.07368062997280775,,-0.01660310333308921,0.23487894700986972
B6,Global,9,0.914,4.515039920806885,5.125401020050049,2.0097289085388184,1.0489466460052521,1.0348224097984395,0.898,0.942,0.01479999999999999,0.041999999999999926,0.04399999999999993,4.36310605380716,0.07368062997280775,0.07214853400160491,,
B6,Local,9,0.9124,4.548792033091338,5.188150735876345,2.1274252156870643,1.0352739904630721,1.0425582089901648,0.894,0.931,0.014800000000000013,0.031000000000000028,0.03700000000000003,4.36310605380716,0.07368062997280775,,0.08902461947620002,0.21064641322473113
C1,Global,0,0.8958,2.5962696075439453,2.6295158863067627,0.6623969078063965,1.0136988405510738,1.0132287448543627,0.875,0.915,0.013400000000000013,0.025000000000000022,0.040000000000000036,2.562372633750262,0.07368062997280775,0.010478839384343177,,
C1,Local,0,0.8924,2.5683977919533345,2.4749108875918875,0.6618552354096766,1.0069289393027432,1.0023513981236423,0.864,0.914,0.017200000000000014,0.03600000000000003,0.050000000000000044,2.562372633750262,0.07368062997280775,,-0.0034570272982372458,0.12113632999393303
C1,Global,1,0.9036,2.5967366695404053,2.50346040725708,0.6129934191703796,1.0259798337219246,1.0189842005009104,0.892,0.921,0.009600000000000008,0.02100000000000002,0.029000000000000026,2.5483581278923717,0.07368062997280775,0.026107368784996938,,
C1,Local,1,0.903,2.609401319759659,2.586652225183709,0.7620499428312192,1.0228220425653203,1.0239539298653337,0.894,0.915,0.005800000000000005,0.015000000000000013,0.02100000000000002,2.5483581278923717,0.07368062997280775,,0.032439685216659374,0.15660694667995234
C1,Global,2,0.9132,2.6626219749450684,2.546724796295166,0.6423368453979492,1.0456768763660664,1.0385676923504803,0.898,0.934,0.014000000000000012,0.03400000000000003,0.03600000000000003,2.5637442745008157,0.07368062997280775,0.037292773005286106,,
C1,Local,2,0.9118,2.683923322159316,2.6287995203644696,0.7615119129927331,1.042770455577809,1.0468763787612556,0.892,0.936,0.015000000000000013,0.03600000000000003,0.04400000000000004,2.5637442745008157,0.07368062997280775,,0.047943352753056084,0.12504595284547293
C1,Global,3,0.9082,2.607553243637085,2.5387444496154785,0.5494821071624756,1.0356235089169126,1.0233304752464214,0.876,0.926,0.019000000000000017,0.026000000000000023,0.050000000000000044,2.5481047488683237,0.07368062997280775,0.06292654656357669,,
C1,Local,3,0.9076,2.622956965536295,2.585707748081797,0.7109537995480147,1.0290214738124859,1.029375643486091,0.895,0.925,0.009600000000000008,0.025000000000000022,0.030000000000000027,2.5481047488683237,0.07368062997280775,,0.07062834894182013,0.13449466811266284
C1,Global,4,0.8934,2.5246338844299316,2.2778091430664062,0.6867271065711975,0.9906579814771296,0.992039944883685,0.875,0.911,0.01140000000000001,0.025000000000000022,0.03600000000000003,2.5448913599199283,0.07368062997280775,-0.000977789197548214,,
C1,Local,4,0.8878,2.5066848697450035,2.3705457725062615,0.7311110827318845,0.982596194242186,0.9849869857799639,0.867,0.91,0.016200000000000013,0.03300000000000003,0.04300000000000004,2.5448913599199283,0.07368062997280775,,-0.009952268871850148,0.12515280549645644
C1,Global,5,0.9068,2.5907058715820312,2.5650370121002197,0.6382037997245789,1.018633881573051,1.015289485508586,0.886,0.936,0.016400000000000015,0.03600000000000003,0.050000000000000044,2.5516918165308056,0.07368062997280775,-0.001537506682436627,,
C1,Local,5,0.9024,2.5331591502094706,2.254519572266635,0.6531306029572732,0.9978729209287698,0.992737106338127,0.892,0.918,0.009200000000000009,0.018000000000000016,0.026000000000000023,2.5516918165308056,0.07368062997280775,,-0.030310929445825842,0.1725859686663227
C1,Global,6,0.9046,2.627026081085205,2.4254932403564453,0.6690052151679993,1.0367417817712157,1.032393131214369,0.89,0.929,0.009400000000000009,0.029000000000000026,0.039000000000000035,2.5445985658536134,0.07368062997280775,0.06395874076941675,,
C1,Local,6,0.9054,2.6376102559033847,2.5418749676365398,0.7632296363399594,1.0325493642317858,1.0365525986290767,0.887,0.921,0.01140000000000001,0.02100000000000002,0.03400000000000003,2.5445985658536134,0.07368062997280775,,0.06925078297686145,0.12406027204732445
C1,Global,7,0.9018,2.546212911605835,2.3666820526123047,0.5759546160697937,1.0088878405799702,0.9963768129951225,0.881,0.938,0.014599999999999991,0.03799999999999992,0.05699999999999994,2.555471864055009,0.07368062997280775,-0.005061625378733321,,
C1,Local,7,0.897,2.5828986130345797,2.3359959069424345,0.7378999959739488,1.0102113459148374,1.0107325576013386,0.868,0.918,0.014200000000000013,0.03200000000000003,0.050000000000000044,2.555471864055009,0.07368062997280775,,0.013281198067413433,0.1599072964248862
C1,Global,8,0.9032,2.628127336502075,2.6177196502685547,0.7706661224365234,1.0245019697120372,1.0308155550032116,0.871,0.927,0.017200000000000014,0.029000000000000026,0.05600000000000005,2.54956119331541,0.07368062997280775,-0.003542601699219894,,
C1,Local,8,0.9058,2.611914995082542,2.3331174630695806,0.7182923009574158,1.0262742386452417,1.024456679812438,0.884,0.918,0.014600000000000012,0.018000000000000016,0.03400000000000003,2.54956119331541,0.07368062997280775,,-0.011648719242550487,0.15620824384940743
C1,Global,9,0.916,2.6709938049316406,2.4860663414001465,0.7708477973937988,1.0408614984290594,1.0433393262080446,0.906,0.926,0.016000000000000014,0.026000000000000023,0.020000000000000018,2.5600432551883294,0.07368062997280775,0.026681975736389082,,
C1,Local,9,0.9124,2.6518143958301525,2.517653723792824,0.7361034828565637,1.0346885165412099,1.035847496113917,0.894,0.931,0.014800000000000013,0.031000000000000028,0.03700000000000003,2.5600432551883294,0.07368062997280775,,0.017092335411219836,0.1298559847297145
C2,Global,0,0.8932,3.612755537033081,3.5707788467407227,0.3889588415622711,0.9956555217551973,0.9966330956217053,0.88,0.909,0.01040000000000001,0.020000000000000018,0.029000000000000026,3.624960432183344,0.07368062997280775,-0.003104790001639745,,
C2,Local,0,0.8934,3.6154575531851165,3.5976985655032556,0.3683090015498042,0.9968214183406675,0.9973784875239303,0.887,0.9,0.006600000000000006,0.013000000000000012,0.013000000000000012,3.624960432183344,0.07368062997280775,,-0.001753740174526009,0.06917984725741745
C2,Global,1,0.8996,3.7072336673736572,3.7792303562164307,0.37072622776031494,1.0248282693204802,1.0252540208735994,0.881,0.917,0.008400000000000008,0.019000000000000017,0.03600000000000003,3.6159172184614246,0.07368062997280775,0.04905501093544886,,
C2,Local,1,0.8936,3.660447060648961,3.6841454776012466,0.3457965909569455,1.0138626444306682,1.0123149506742535,0.882,0.904,0.008400000000000008,0.018000000000000016,0.02200000000000002,3.6159172184614246,0.07368062997280775,,0.025661948064739887,0.11049875294432329
C2,Global,2,0.916,3.736055374145508,3.795914649963379,0.38367170095443726,1.031848844684517,1.032497330623625,0.901,0.927,0.016000000000000014,0.027000000000000024,0.026000000000000023,3.6184649231867194,0.07368062997280775,0.04532808443658582,,
C2,Local,2,0.914,3.7415550340748034,3.7270638431169267,0.46390022379598356,1.0319248615394139,1.0340172182129876,0.902,0.925,0.014000000000000012,0.025000000000000022,0.02300000000000002,3.6184649231867194,0.07368062997280775,,0.04807785217345787,0.1030832222735411
C2,Global,3,0.9058,3.701293706893921,3.7596640586853027,0.2957441508769989,1.0241579863859134,1.022556487198585,0.891,0.928,0.01260000000000001,0.028000000000000025,0.03700000000000003,3.619647181579235,0.07368062997280775,0.04755156516973219,,
C2,Local,3,0.9026,3.70014845226292,3.7808998295864136,0.42586386197742404,1.0213233883820987,1.0222400876785354,0.872,0.917,0.013800000000000012,0.028000000000000025,0.04500000000000004,3.619647181579235,0.07368062997280775,,0.046978805162927594,0.09700624500613367
C2,Global,4,0.8982,3.642484426498413,3.688481330871582,0.3094879388809204,1.0067259883621515,1.0058667753252337,0.874,0.909,0.009000000000000008,0.026000000000000023,0.03500000000000003,3.621239428373269,0.07368062997280775,0.0292336211851227,,
C2,Local,4,0.8998,3.658080495443582,3.6760676895040003,0.351214815461859,1.0109216431909012,1.0101736070754268,0.892,0.913,0.007800000000000007,0.013000000000000012,0.02100000000000002,3.621239428373269,0.07368062997280775,,0.03703162283208917,0.12493099279213969
C2,Global,5,0.8978,3.605764150619507,3.5091776847839355,0.49792927503585815,0.9913161519084642,0.9948843480735166,0.881,0.918,0.015000000000000013,0.019000000000000017,0.03700000000000003,3.6243048326186558,0.07368062997280775,-0.016699447315162673,,
C2,Local,5,0.8966,3.5840594674469934,3.55238321536768,0.43118645842296527,0.987535926163466,0.9888957008225536,0.881,0.915,0.009800000000000008,0.019000000000000017,0.03400000000000003,3.6243048326186558,0.07368062997280775,,-0.027551728859449606,0.09565636106932049
C2,Global,6,0.9008,3.6689913272857666,3.628528118133545,0.2997848689556122,1.0164443538055943,1.0148746270930145,0.894,0.914,0.004800000000000004,0.014000000000000012,0.020000000000000018,3.6152163324795574,0.07368062997280775,0.03982799305039155,,
C2,Local,6,0.8996,3.6637754131927758,3.608987613837474,0.3703560742970164,1.013159596595196,1.0134318602947652,0.89,0.912,0.008400000000000008,0.01200000000000001,0.02200000000000002,3.6152163324795574,0.07368062997280775,,0.03721994344739462,0.07872652592240673
C2,Global,7,0.9038,3.607541799545288,3.603243827819824,0.36536356806755066,0.9969270781172956,0.9974855325785674,0.898,0.913,0.004600000000000004,0.013000000000000012,0.015000000000000013,3.616635712218852,0.07368062997280775,0.0425322650375346,,
C2,Local,7,0.904,3.6262956009705523,3.598948961722898,0.44356047344953353,1.00124719180698,1.0026709598423376,0.888,0.919,0.010000000000000009,0.019000000000000017,0.031000000000000028,3.616635712218852,0.07368062997280775,,0.051909139672898,0.09620640327499674
C2,Global,8,0.897,3.6238086223602295,3.6062686443328857,0.289098858833313,1.0020598811671364,1.0003562023555657,0.865,0.92,0.014200000000000013,0.03500000000000003,0.05500000000000005,3.622518272818372,0.07368062997280775,0.013025788472445685,,
C2,Local,8,0.8956,3.6245629058617816,3.6672760188644578,0.4640280633893174,0.9985479625921564,1.0005644231138189,0.884,0.904,0.006000000000000005,0.016000000000000014,0.020000000000000018,3.622518272818372,0.07368062997280775,,0.013402870030128333,0.1360639450853386
C2,Global,9,0.905,3.7274320125579834,3.7612571716308594,0.3628913164138794,1.0310371969120138,1.0315140855607696,0.888,0.916,0.012200000000000011,0.016000000000000014,0.028000000000000025,3.6135541576551637,0.07368062997280775,0.0746436976852885,,
C2,Local,9,0.9016,3.712790980130388,3.635993354918364,0.4008988459609903,1.0274809127597653,1.0274623869314357,0.891,0.919,0.006800000000000006,0.019000000000000017,0.028000000000000025,3.6135541576551637,0.07368062997280775,,0.06732303133995786,0.11776816855412021
C3,Global,0,0.8882,3.6996781826019287,3.8998870849609375,0.9743067622184753,0.9858142601170663,0.9835484662327301,0.884,0.901,0.012200000000000011,0.016000000000000014,0.017000000000000015,3.76156164095578,0.07368062997280775,-0.05207904440215069,,
C3,Local,0,0.8896,3.7640851339796275,4.134292422015548,1.1017282282538159,0.9948224279156711,1.0006708631320491,0.853,0.927,0.02320000000000002,0.04700000000000004,0.07400000000000007,3.76156164095578,0.07368062997280775,,-0.01987553159996434,0.1901576916100797
C3,Global,1,0.9012,3.8280282020568848,4.138343811035156,1.0741697549819946,1.0218705760009572,1.023683401840887,0.879,0.93,0.021200000000000017,0.030000000000000027,0.051000000000000045,3.73946495095354,0.07368062997280775,0.07839578428336991,,
C3,Local,1,0.9026,3.797081526608499,3.950206325196969,1.0311404103186594,1.0176313665886592,1.0154077057575488,0.876,0.921,0.012200000000000011,0.02400000000000002,0.04500000000000004,3.73946495095354,0.07368062997280775,,0.06292249040643894,0.14939760035508876
C3,Global,2,0.9024,3.7553999423980713,4.199917793273926,1.019684910774231,1.0086418914785815,1.005989981554369,0.885,0.923,0.015600000000000013,0.02300000000000002,0.038000000000000034,3.733039107005371,0.07368062997280775,0.05885844685483319,,
C3,Local,2,0.8994,3.757638868988455,3.736201004291476,1.055525458483356,1.0087665923148512,1.0065897413013758,0.887,0.917,0.01100000000000001,0.017000000000000015,0.030000000000000027,3.733039107005371,0.07368062997280775,,0.05997763318911248,0.22710461015425748
C3,Global,3,0.8996,3.783940315246582,4.016287803649902,0.9849340319633484,1.0110983207484745,1.0068675402205505,0.87,0.928,0.019200000000000016,0.030000000000000027,0.05800000000000005,3.758131198089596,0.07368062997280775,0.004736523076752376,,
C3,Local,3,0.899,3.810507037435562,4.1243890127596305,0.9903496082829065,1.0172420803563185,1.013936671336166,0.871,0.935,0.018600000000000016,0.03500000000000003,0.06400000000000006,3.758131198089596,0.07368062997280775,,0.0180198781490426,0.1336493839976137
C3,Global,4,0.888,3.666405439376831,3.8990681171417236,1.0193318128585815,0.975876319766372,0.9775302297078088,0.87,0.906,0.014400000000000013,0.030000000000000027,0.03600000000000003,3.750682411604547,0.07368062997280775,0.02031638472861301,,
C3,Local,4,0.886,3.6430092818888755,3.923926413826317,0.9364523321477958,0.9750879392702422,0.9712923895175628,0.845,0.903,0.015200000000000014,0.05500000000000005,0.05800000000000005,3.750682411604547,0.07368062997280775,,0.008618380288170286,0.122191127630706
C3,Global,5,0.902,3.738884687423706,3.8723599910736084,1.0467939376831055,0.9994384704376452,1.0000339754037706,0.88,0.921,0.010000000000000009,0.02100000000000002,0.041000000000000036,3.7387576616225524,0.07368062997280775,-0.0013299816999538924,,
C3,Local,5,0.8934,3.6608477331098257,3.8825534195421696,0.9678750820675925,0.983098388092034,0.9791615462771355,0.874,0.906,0.009400000000000009,0.026000000000000023,0.03200000000000003,3.7387576616225524,0.07368062997280775,,-0.04034837295915476,0.15233122060818588
C3,Global,6,0.8888,3.7053608894348145,3.94118595123291,0.9934940338134766,0.9929353669885806,0.9908877733995889,0.866,0.905,0.013200000000000012,0.03400000000000003,0.039000000000000035,3.7394354728207726,0.07368062997280775,0.0367041933399015,,
C3,Local,6,0.8922,3.6854621642109624,3.663556101029578,0.9940909680342311,0.9950026958938415,0.9855664554176419,0.859,0.914,0.017000000000000015,0.041000000000000036,0.05500000000000005,3.7394354728207726,0.07368062997280775,,0.026754879737117484,0.21463283167616864
C3,Global,7,0.9006,3.723358631134033,4.071610450744629,1.025721788406372,1.0062441414716878,1.0043049422840153,0.889,0.91,0.009000000000000008,0.01100000000000001,0.02100000000000002,3.707398494590974,0.07368062997280775,0.02820378964022184,,
C3,Local,7,0.8982,3.7262595417557813,4.161492865332381,1.11831791712068,0.9992503208313998,1.0050874075695735,0.885,0.922,0.010600000000000009,0.02200000000000002,0.03700000000000003,3.707398494590974,0.07368062997280775,,0.029654306568883997,0.1138175847957501
C3,Global,8,0.9106,3.843268394470215,3.958646297454834,0.9796940684318542,1.0329196833201766,1.027717949654405,0.886,0.921,0.016200000000000013,0.02100000000000002,0.03500000000000003,3.7396139629191123,0.07368062997280775,0.09336151457846284,,
C3,Local,8,0.9114,3.858330669860285,4.166983781832652,1.093802915918761,1.0300885150157264,1.0317457117548314,0.899,0.931,0.01180000000000001,0.031000000000000028,0.03200000000000003,3.7396139629191123,0.07368062997280775,,0.10089280977757846,0.1445426384438316
C3,Global,9,0.9048,3.835462808609009,4.211970329284668,0.9798715114593506,1.035345701174794,1.0279085216504482,0.882,0.915,0.01200000000000001,0.018000000000000016,0.03300000000000003,3.7313269885637745,0.07368062997280775,0.047375455924954867,,
C3,Local,9,0.8986,3.861340308045146,4.0920975631978,1.1658748168368245,1.0280079134501698,1.0348437217858022,0.889,0.922,0.01020000000000001,0.02200000000000002,0.03300000000000003,3.7313269885637745,0.07368062997280775,,0.06031419856432724,0.15402564247144065
C4,Global,0,0.893,4.414135932922363,3.5679891109466553,2.1067092418670654,0.9911974373356632,0.9777755380352937,0.879,0.915,0.013000000000000012,0.02100000000000002,0.03600000000000003,4.514467545170915,0.07368062997280775,0.027571652369922522,,
C4,Local,0,0.8858,4.5249930719646585,4.03937078369446,2.6890085178682956,0.9886402607987816,1.0023315101257073,0.874,0.904,0.015800000000000015,0.026000000000000023,0.030000000000000027,4.514467545170915,0.07368062997280775,,0.08300024214102669,0.5779683149877762
C4,Global,1,0.8912,4.395391464233398,4.0472412109375,2.046494483947754,0.9710491377306376,0.9609386663385626,0.88,0.907,0.01160000000000001,0.020000000000000018,0.027000000000000024,4.57406036223002,0.07368062997280775,-0.05999003195094901,,
C4,Local,1,0.8872,4.433974743577963,3.9265847209520066,2.349084053954654,0.9710044484399696,0.9693739024939844,0.866,0.91,0.016800000000000016,0.03400000000000003,0.04400000000000004,4.57406036223002,0.07368062997280775,,-0.040698444591400026,0.4354094345465834
C4,Global,2,0.8872,4.56628942489624,3.6773555278778076,2.468395471572876,0.9947208933452782,1.0045080961657422,0.875,0.904,0.014400000000000013,0.025000000000000022,0.029000000000000026,4.545796536957737,0.07368062997280775,-0.0073642121699958926,,
C4,Local,2,0.8826,4.4582756282311635,3.837988743236265,2.3870704150718858,0.9899629070898536,0.9807468486512714,0.858,0.896,0.017400000000000016,0.04200000000000004,0.038000000000000034,4.545796536957737,0.07368062997280775,,-0.06137114085644737,0.5205858040718364
C4,Global,3,0.8938,4.575070381164551,4.396197319030762,2.4334025382995605,0.9809332200513509,0.9899802224121553,0.873,0.909,0.01180000000000001,0.027000000000000024,0.03600000000000003,4.621375536187052,0.07368062997280775,-0.034767168665785865,,
C4,Local,3,0.8846,4.407205687247762,3.880460712001617,2.306461617630618,0.9599383651048429,0.953656687870903,0.869,0.907,0.018200000000000015,0.031000000000000028,0.038000000000000034,4.621375536187052,0.07368062997280775,,-0.11869946584681243,0.5037933859950046
C4,Global,4,0.9014,4.578432083129883,4.16634464263916,2.1560604572296143,1.0408265117553817,1.0228796386261054,0.884,0.918,0.012200000000000011,0.018000000000000016,0.03400000000000003,4.476022310190342,0.07368062997280775,0.04678084273346942,,
C4,Local,4,0.8932,4.545662810964782,3.7450893248028683,2.345929563603723,1.0280152112838554,1.0155585687354356,0.887,0.909,0.01040000000000001,0.013000000000000012,0.02200000000000002,4.476022310190342,0.07368062997280775,,0.03039616724322145,0.4520804635551671
C4,Global,5,0.8982,4.458098411560059,3.715520143508911,2.2648491859436035,0.9940224924883543,0.9917626043861908,0.883,0.913,0.009000000000000008,0.017000000000000015,0.030000000000000027,4.495126547264008,0.07368062997280775,0.037655839655007226,,
C4,Local,5,0.891,4.457094008338971,3.8137333829046973,2.6405582466664845,0.9795452001455586,0.9915391616842942,0.881,0.908,0.012200000000000011,0.019000000000000017,0.027000000000000024,4.495126547264008,0.07368062997280775,,0.037153761376700484,0.5486642564584618
C4,Global,6,0.9098,4.577812671661377,3.8608717918395996,2.119936943054199,1.0385262531635433,1.0185476936243927,0.883,0.939,0.020999999999999998,0.038999999999999924,0.05599999999999994,4.494450972022451,0.07368062997280775,0.1068921105755047,,
C4,Local,6,0.896,4.578276174008353,3.674343262989343,2.5412187029676643,1.0137931672052587,1.0186508213144847,0.88,0.912,0.01040000000000001,0.020000000000000018,0.03200000000000003,4.494450972022451,0.07368062997280775,,0.10712382632543847,0.5713971934795004
C4,Global,7,0.8994,4.614834308624268,4.113365173339844,2.17498779296875,1.0303517516596017,1.0088749561013053,0.874,0.928,0.017800000000000017,0.028000000000000025,0.05400000000000005,4.574238145882643,0.07368062997280775,0.10958885972438384,,
C4,Local,7,0.89,4.573896178447266,4.157990240941323,2.376008976004137,1.0038042086196455,0.9999252405702391,0.869,0.913,0.015600000000000013,0.031000000000000028,0.04400000000000004,4.574238145882643,0.07368062997280775,,0.08911972521906543,0.4384503316305119
C4,Global,8,0.9056,4.636221885681152,4.119768142700195,2.2888524532318115,1.0257157521720233,1.0206148042017549,0.882,0.926,0.012800000000000011,0.026000000000000023,0.04400000000000004,4.542577539140482,0.07368062997280775,0.08912034444760965,,
C4,Local,8,0.8952,4.656563180095358,3.813813799685154,2.5260091895291565,1.0196134900923162,1.0250927232331721,0.891,0.899,0.004800000000000004,0.009000000000000008,0.008000000000000007,4.542577539140482,0.07368062997280775,,0.09929101085980892,0.3959499637077057
C4,Global,9,0.9074,4.613415718078613,4.001901626586914,2.035334348678589,1.0523648973587927,1.0206524749075305,0.879,0.952,0.023,0.051999999999999935,0.07299999999999995,4.520065185259636,0.07368062997280775,0.15102462478469916,,
C4,Local,9,0.897,4.574472476323326,4.110778533067215,2.387400062338641,1.0204576340595202,1.0120368377078095,0.871,0.923,0.02140000000000002,0.029000000000000026,0.052000000000000046,4.520065185259636,0.07368062997280775,,0.13155308671873286,0.4695455687814758
C5,Global,0,0.8916,3.0364584922790527,3.354822874069214,0.8860531449317932,0.9793902197707183,0.9834748828734395,0.864,0.916,0.014800000000000013,0.03600000000000003,0.052000000000000046,3.0874794518466677,0.07368062997280775,-0.027610064986658082,,
C5,Local,0,0.89,3.022326278206783,3.4367219473077038,0.8966368495835259,0.9712243646573218,0.9788976170834383,0.859,0.906,0.013600000000000011,0.041000000000000036,0.04700000000000004,3.0874794518466677,0.07368062997280775,,-0.034676187807283154,0.08361249944530509
C5,Global,1,0.8988,3.1665236949920654,3.4091744422912598,0.9268625974655151,1.0222781540018644,1.0249225823358685,0.866,0.929,0.02080000000000002,0.03400000000000003,0.06300000000000006,3.089524759787556,0.07368062997280775,0.03113589882641877,,
C5,Local,1,0.9002,3.147736789779692,3.591581626052064,0.8403844990492864,1.0234668219366443,1.0188417425067469,0.879,0.916,0.01260000000000001,0.02100000000000002,0.03700000000000003,3.089524759787556,0.07368062997280775,,0.02174243813043038,0.1485965252359394
C5,Global,2,0.9102,3.145735263824463,3.50992488861084,0.8146170377731323,1.0204434151185129,1.0153568864987128,0.875,0.928,0.020200000000000017,0.028000000000000025,0.05300000000000005,3.098157215116747,0.07368062997280775,0.07439971142452988,,
C5,Local,2,0.909,3.135967816006851,3.529645834884219,0.8644665476848784,1.0115607153830988,1.012204222789475,0.899,0.92,0.009400000000000009,0.020000000000000018,0.02100000000000002,3.098157215116747,0.07368062997280775,,0.06951610834733246,0.1272214423398372
C5,Global,3,0.8984,3.0883538722991943,3.515125036239624,0.7733312249183655,1.008091916335905,0.9995738818747246,0.875,0.913,0.01200000000000001,0.025000000000000022,0.038000000000000034,3.0896704368734738,0.07368062997280775,0.004480350284921723,,
C5,Local,3,0.895,3.095677865200867,3.3841038791282947,0.8450659666528899,1.0052656818409798,1.0019443589373476,0.872,0.92,0.017000000000000015,0.028000000000000025,0.04800000000000004,3.0896704368734738,0.07368062997280775,,0.008142408750127329,0.12906514626010282
C5,Global,4,0.8982,3.079664945602417,3.52512264251709,0.7527446150779724,1.0123152729666558,1.0004925941821738,0.874,0.92,0.015400000000000014,0.026000000000000023,0.04600000000000004,3.0781486674769516,0.07368062997280775,0.0493909679120718,,
C5,Local,4,0.8922,3.0534718952574402,3.41507629610255,0.7783332493115626,1.0018678276661908,0.9919832422389988,0.879,0.904,0.01020000000000001,0.02100000000000002,0.025000000000000022,3.0781486674769516,0.07368062997280775,,0.03629446732069405,0.10333847171933516
C5,Global,5,0.8916,3.037548780441284,3.38515043258667,0.834631621837616,0.9783753174546035,0.9782244215252194,0.878,0.905,0.01040000000000001,0.02200000000000002,0.027000000000000024,3.105165556698355,0.07368062997280775,-0.048451376981316095,,
C5,Local,5,0.8844,2.988607681789627,3.4433007281408297,0.7998027302489685,0.9645339193782484,0.9624632333508617,0.867,0.909,0.019200000000000016,0.03300000000000003,0.04200000000000004,3.105165556698355,0.07368062997280775,,-0.07292194014694296,0.12618450435563444
C5,Global,6,0.8898,3.0840885639190674,3.433043956756592,0.90072101354599,0.9947282698674873,0.9987532676168697,0.869,0.913,0.015400000000000014,0.031000000000000028,0.04400000000000004,3.087938396715364,0.07368062997280775,-0.005931062808796489,,
C5,Local,6,0.8892,3.0486085340027014,3.414345754503876,0.7923380139441875,0.9951030310150283,0.9872633914088125,0.856,0.918,0.02320000000000002,0.04400000000000004,0.062000000000000055,3.087938396715364,0.07368062997280775,,-0.023671064251648933,0.10585472714166944
C5,Global,7,0.8964,3.0128557682037354,3.115952968597412,0.8859682083129883,0.9791980504110955,0.9784237323302105,0.872,0.935,0.019200000000000016,0.03500000000000003,0.06300000000000006,3.0792954715318777,0.07368062997280775,-0.013851424602014684,,
C5,Local,7,0.895,3.023844887234339,3.4361224913850545,0.9296415662606771,0.971916311609019,0.9819924444373136,0.87,0.918,0.018200000000000015,0.030000000000000027,0.04800000000000004,3.0792954715318777,0.07368062997280775,,-0.008356903567875922,0.17216714466684518
C5,Global,8,0.8948,3.0777223110198975,3.3906264305114746,0.8358404636383057,1.0036512826376625,1.0004281084849347,0.881,0.922,0.014000000000000012,0.02200000000000002,0.041000000000000036,3.076405275818222,0.07368062997280775,0.009397376448551459,,
C5,Local,8,0.8908,3.0830010023076073,3.63031701902211,0.8864256566732789,0.9984672390526084,1.0021439719081326,0.872,0.915,0.015200000000000014,0.028000000000000025,0.04300000000000004,3.076405275818222,0.07368062997280775,,0.0120368028270074,0.08325013646599276
C5,Global,9,0.9004,3.223512887954712,3.6206488609313965,0.9810540676116943,1.0337353824198177,1.0434347803204653,0.867,0.927,0.020000000000000018,0.03300000000000003,0.06000000000000005,3.089328579755305,0.07368062997280775,0.0712785769020667,,
C5,Local,9,0.8984,3.1964114177426857,3.4756220138267917,0.9449391194243689,1.0306249906292746,1.034662171802995,0.882,0.921,0.016400000000000015,0.02100000000000002,0.039000000000000035,3.089328579755305,0.07368062997280775,,0.05772787398018756,0.10234568724810063
D1,Global,0,0.8908,2.432727336883545,2.1890628337860107,0.970022439956665,0.987703762686374,0.9845935001128887,0.88,0.904,0.01160000000000001,0.020000000000000018,0.02400000000000002,2.4707936184878534,0.07368062997280775,-0.03046022075389337,,
D1,Local,0,0.891,2.43438614911788,2.2168649962371196,0.9800581271523452,0.9882705028797504,0.9852648683007953,0.886,0.898,0.009000000000000008,0.014000000000000012,0.01200000000000001,2.4707936184878534,0.07368062997280775,,-0.029630754868421354,0.04608285239203175
D1,Global,1,0.9042,2.548030376434326,2.3648667335510254,0.9167214632034302,1.0376963252410976,1.022461051361375,0.872,0.93,0.016600000000000014,0.030000000000000027,0.05800000000000005,2.4920561746989804,0.07368062997280775,0.01860099599753232,,
D1,Local,1,0.8962,2.5406700038892565,2.341343189909831,1.1339482263075367,1.0158630975369174,1.019507517400224,0.884,0.905,0.007800000000000007,0.016000000000000014,0.02100000000000002,2.4920561746989804,0.07368062997280775,,0.014920686661329728,0.18986187377357006
D1,Global,2,0.9158,2.544858932495117,2.336422920227051,0.9396785497665405,1.0410531438479134,1.0224460661865264,0.892,0.945,0.018999999999999996,0.04499999999999993,0.052999999999999936,2.4889908784986754,0.07368062997280775,0.013551710591387604,,
D1,Local,2,0.9128,2.5444559091493284,2.3328361863000495,1.021371857895134,1.031954164944646,1.0222841437989152,0.905,0.92,0.012800000000000011,0.020000000000000018,0.015000000000000013,2.4889908784986754,0.07368062997280775,,0.013350188993652364,0.09743092688630761
D1,Global,3,0.9052,2.5217885971069336,2.3295164108276367,0.9761635661125183,1.0224157820680446,1.0123108181060372,0.88,0.921,0.013200000000000012,0.02100000000000002,0.041000000000000036,2.4911208613032745,0.07368062997280775,0.03889413547092218,,
D1,Local,3,0.9052,2.5351040155178968,2.348791054546326,1.0682106939168654,1.0231941268032552,1.0176559696070353,0.878,0.916,0.014000000000000012,0.02200000000000002,0.038000000000000034,2.4911208613032745,0.07368062997280775,,0.045551915376591805,0.13711506683573169
D1,Global,4,0.9022,2.5014262199401855,2.385025978088379,0.9166359305381775,1.0215289980215425,1.0102262036922034,0.883,0.914,0.013000000000000012,0.017000000000000015,0.031000000000000028,2.476105065180355,0.07368062997280775,0.04798914503352382,,
D1,Local,4,0.8986,2.4969463743982923,2.27978944369867,1.01763456497752,1.0083035365433597,1.0084169728946535,0.892,0.908,0.0050000000000000044,0.008000000000000007,0.016000000000000014,2.476105065180355,0.07368062997280775,,0.045749206150979604,0.13559785126275345
D1,Global,5,0.8988,2.4100089073181152,2.2016849517822266,0.886691153049469,0.9937405327068107,0.9782065131160412,0.881,0.927,0.013600000000000011,0.027000000000000024,0.04600000000000004,2.4637015548394987,0.07368062997280775,-0.03752592128673821,,
D1,Local,5,0.896,2.4231203523137155,2.1933958518120042,0.9952720173140734,0.9874291766188966,0.9835283610362348,0.884,0.911,0.008400000000000008,0.016000000000000014,0.027000000000000024,2.4637015548394987,0.07368062997280775,,-0.030970239238044543,0.11524032315197442
D1,Global,6,0.8968,2.511521339416504,2.2746739387512207,1.0540941953659058,0.9995251499329831,1.0043726698597673,0.871,0.911,0.010000000000000009,0.029000000000000026,0.040000000000000036,2.500587097583179,0.07368062997280775,0.012746831290881102,,
D1,Local,6,0.8988,2.5063478083117334,2.308324238182997,0.983258546460328,1.0071951998832687,1.0023037432825763,0.882,0.914,0.01040000000000001,0.018000000000000016,0.03200000000000003,2.500587097583179,0.07368062997280775,,0.010160038216338872,0.06765225369324906
D1,Global,7,0.9034,2.4587714672088623,2.3022537231445312,0.8915854692459106,1.0015220947112902,0.984081881767822,0.883,0.916,0.012200000000000011,0.017000000000000015,0.03300000000000003,2.4985435793126096,0.07368062997280775,0.041270588934906816,,
D1,Local,7,0.902,2.4807081834652616,2.3721897442623714,0.981863671693246,1.004317569589031,0.9928616831041006,0.877,0.92,0.01160000000000001,0.02300000000000002,0.04300000000000004,2.4985435793126096,0.07368062997280775,,0.05223887333167552,0.10689335292307324
D1,Global,8,0.8946,2.492217779159546,2.3194315433502197,0.9893653988838196,1.0061540258944028,1.0053305746117926,0.879,0.918,0.01260000000000001,0.02100000000000002,0.039000000000000035,2.47900326728043,0.07368062997280775,0.04732731164612271,,
D1,Local,8,0.8928,2.450994273331511,2.30336303832159,0.957376550921799,0.998732240440688,0.9887015098694703,0.887,0.906,0.009600000000000008,0.013000000000000012,0.019000000000000017,2.47900326728043,0.07368062997280775,,0.02671554326551543,0.11070527451281711
D1,Global,9,0.9046,2.5768260955810547,2.4029228687286377,0.9448843598365784,1.0427770992770995,1.0279579400853724,0.879,0.927,0.016600000000000014,0.027000000000000024,0.04800000000000004,2.506742732457563,0.07368062997280775,0.02408512467443952,,
D1,Local,9,0.9004,2.555407253119706,2.33209063533101,1.0765280006138287,1.0192344500937076,1.0194134483894297,0.89,0.922,0.008800000000000007,0.02200000000000002,0.03200000000000003,2.506742732457563,0.07368062997280775,,0.013375630518669482,0.11848488632287474
D2,Global,0,0.8956,7.315345287322998,8.406583786010742,2.8154847621917725,1.009832495661348,1.0088308966542945,0.874,0.914,0.013600000000000011,0.026000000000000023,0.040000000000000036,7.251309720572343,0.07368062997280775,0.013262892831608506,,
D2,Local,0,0.8924,7.317877856577952,7.9460736424057625,2.9789143827848155,1.0039116081050612,1.009180153457899,0.86,0.916,0.02240000000000002,0.040000000000000036,0.05600000000000005,7.251309720572343,0.07368062997280775,,0.014529131757477552,0.24941353284512963
D2,Global,1,0.9028,7.4442243576049805,8.147706985473633,2.8735899925231934,1.0292028088003968,1.0173274685593476,0.889,0.926,0.009200000000000009,0.026000000000000023,0.03700000000000003,7.317431788357053,0.07368062997280775,0.030051054859419536,,
D2,Local,1,0.9032,7.521529421169628,8.330969230878168,3.0029430568018527,1.0320982437319968,1.0278919761353047,0.892,0.916,0.0064000000000000055,0.016000000000000014,0.02400000000000002,7.317431788357053,0.07368062997280775,,0.06870391709596882,0.22256291506466797
D2,Global,2,0.9096,7.514249801635742,8.247154235839844,3.0934805870056152,1.035079821324216,1.0358238805945887,0.896,0.932,0.01200000000000001,0.03200000000000003,0.03600000000000003,7.25437011292149,0.07368062997280775,0.04528773831143237,,
D2,Local,2,0.9116,7.474852269431802,8.252697937765504,2.9210633786646136,1.0370566271583601,1.0303930118091975,0.894,0.931,0.014000000000000012,0.031000000000000028,0.03700000000000003,7.25437011292149,0.07368062997280775,,0.02558887316651742,0.21721113124534258
D2,Global,3,0.9124,7.587523460388184,8.457595825195312,3.013715982437134,1.0419497272949338,1.036801317043784,0.893,0.922,0.015200000000000014,0.02200000000000002,0.029000000000000026,7.3182039178175184,0.07368062997280775,0.14276495769455774,,
D2,Local,3,0.909,7.5197569034111815,8.692818817487773,2.942443635313695,1.0334037354877659,1.0275413185881503,0.902,0.923,0.009000000000000008,0.02300000000000002,0.02100000000000002,7.3182039178175184,0.07368062997280775,,0.10888191932836262,0.2415604850119023
D2,Global,4,0.8942,7.256792068481445,7.9622111320495605,2.8438587188720703,0.9939584687062459,0.9902432958975123,0.874,0.913,0.013400000000000013,0.026000000000000023,0.039000000000000035,7.328292045546457,0.07368062997280775,-0.014528881301549383,,
D2,Local,4,0.89,7.180968552534707,8.209283189188378,2.8068034976601064,0.9832531957894349,0.9798966127310277,0.866,0.911,0.014400000000000013,0.03400000000000003,0.04500000000000004,7.328292045546457,0.07368062997280775,,-0.05244115433597164,0.1686198641758377
D2,Global,5,0.9042,7.343647003173828,8.145626068115234,2.873002767562866,1.0024523790040814,1.0068314649744372,0.894,0.926,0.01020000000000001,0.026000000000000023,0.03200000000000003,7.293819530521207,0.07368062997280775,-0.04443251867145842,,
D2,Local,5,0.9034,7.321403481123468,7.553535029373669,2.9896497191954676,0.9972771586473904,1.0037818252133655,0.89,0.917,0.007400000000000006,0.017000000000000015,0.027000000000000024,7.293819530521207,0.07368062997280775,,-0.05555434150441377,0.2493233078127256
D2,Global,6,0.9046,7.456639289855957,8.112078666687012,2.9059553146362305,1.0343576957135359,1.0161251909790587,0.878,0.921,0.013400000000000013,0.02200000000000002,0.04300000000000004,7.338307677099633,0.07368062997280775,0.13520217027062728,,
D2,Local,6,0.901,7.508050130591146,8.629819313059112,2.8781535218609045,1.030015854668588,1.0231310079871987,0.88,0.919,0.013800000000000012,0.020000000000000018,0.039000000000000035,7.338307677099633,0.07368062997280775,,0.1609079137408994,0.19003604543879243
D2,Global,7,0.9086,7.5534491539001465,8.08975601196289,3.260741949081421,1.0281337694132413,1.0367168496430585,0.891,0.942,0.01339999999999999,0.041999999999999926,0.050999999999999934,7.285932659916542,0.07368062997280775,0.03802240022750819,,
D2,Local,7,0.8992,7.376430123631104,7.891824941456462,2.9732458768830052,1.014598645694285,1.012420848220631,0.871,0.924,0.018000000000000016,0.029000000000000026,0.05300000000000005,7.285932659916542,0.07368062997280775,,-0.05048706277785572,0.23464209571177405
D2,Global,8,0.9046,7.438464164733887,8.769837379455566,2.901515245437622,1.0306476031277505,1.018070844692346,0.873,0.932,0.02220000000000002,0.03200000000000003,0.05900000000000005,7.3064307886959865,0.07368062997280775,0.05712558221101997,,
D2,Local,8,0.9032,7.5068939740238525,7.908620083472013,3.060670505573446,1.0277180644430302,1.027436540648275,0.877,0.917,0.012400000000000012,0.02300000000000002,0.040000000000000036,7.3064307886959865,0.07368062997280775,,0.09134025624086148,0.3226381777055985
D2,Global,9,0.9138,7.536465644836426,8.389581680297852,3.049863815307617,1.04429290669978,1.0358446248609399,0.901,0.926,0.013800000000000012,0.026000000000000023,0.025000000000000022,7.275671914451631,0.07368062997280775,0.07907919357784174,,
D2,Local,9,0.9136,7.519024467356076,8.3844492669915,2.9640459730340454,1.0402178085461244,1.033447433551955,0.901,0.932,0.013600000000000011,0.03200000000000003,0.031000000000000028,7.275671914451631,0.07368062997280775,,0.07035884619557398,0.23375866213816485
D3,Global,0,0.8918,6.215836048126221,2.7739810943603516,5.748574733734131,1.0103262963937827,1.0033187639061047,0.859,0.924,0.02340000000000002,0.041000000000000036,0.06500000000000006,6.195275391767644,0.07368062997280775,-0.018516353760309686,,
D3,Local,0,0.8908,6.09802036383824,2.6356318775277536,5.617265362391043,0.9995339249888054,0.9843017425732782,0.862,0.911,0.013600000000000011,0.038000000000000034,0.049000000000000044,6.195275391767644,0.07368062997280775,,-0.0774242907103077,0.16334885284621822
D3,Global,1,0.9024,6.188845157623291,2.874796152114868,5.65081262588501,1.0433490046372829,1.0013494936024008,0.87,0.936,0.02400000000000002,0.03600000000000003,0.06600000000000006,6.180504606197618,0.07368062997280775,-0.0005285625975464107,,
D3,Local,1,0.903,6.233715297719448,2.7614342985167184,5.751865599658747,1.0310688705849427,1.0086094412855016,0.883,0.917,0.009800000000000008,0.017000000000000015,0.03400000000000003,6.180504606197618,0.07368062997280775,,0.02190643010753384,0.31537986211410585
D3,Global,2,0.91,6.210032939910889,2.5822529792785645,5.747658729553223,1.0389257204985176,1.0024299712756226,0.887,0.921,0.015200000000000014,0.02100000000000002,0.03400000000000003,6.194979318114793,0.07368062997280775,0.03025021302554535,,
D3,Local,2,0.9096,6.259576454181318,2.725857175361872,5.754504510615677,1.0321705400493275,1.010427336839953,0.901,0.92,0.009600000000000008,0.020000000000000018,0.019000000000000017,6.194979318114793,0.07368062997280775,,0.0550220588822388,0.21894984467394268
D3,Global,3,0.902,6.150137424468994,2.7364230155944824,5.480111598968506,1.035330028923807,0.9669590885445193,0.87,0.926,0.014000000000000012,0.030000000000000027,0.05600000000000005,6.360287107623415,0.07368062997280775,0.02222705231125558,,
D3,Local,3,0.9,6.560551233792968,2.556285463731632,6.0550465649546,1.0311381119440364,1.031486648759852,0.875,0.925,0.016800000000000016,0.025000000000000022,0.050000000000000044,6.360287107623415,0.07368062997280775,,0.22743408191721565,0.351295717822082
D3,Global,4,0.8944,5.995001792907715,2.5925207138061523,5.5862555503845215,1.0237899980399086,0.9772105792212643,0.871,0.918,0.020000000000000018,0.029000000000000026,0.04700000000000004,6.134810572440907,0.07368062997280775,0.03273252880842928,,
D3,Local,4,0.8942,6.029607906689586,2.5962595103915365,5.64482686122865,1.0135631833481376,0.9828515217366421,0.879,0.909,0.01100000000000001,0.02100000000000002,0.030000000000000027,6.134810572440907,0.07368062997280775,,0.05003561217901206,0.30843502997416256
D3,Global,5,0.8824,6.476807594299316,2.6895265579223633,5.823265552520752,1.0985639550874935,1.01826733676727,0.836,0.919,0.02520000000000002,0.06400000000000006,0.08300000000000007,6.360616078348806,0.07368062997280775,-0.11326265486656006,,
D3,Local,5,0.8812,6.218502601498642,2.5615323661199136,5.576123953655786,1.0865258528053938,0.9776572779901131,0.858,0.908,0.024800000000000023,0.04200000000000004,0.050000000000000044,6.360616078348806,0.07368062997280775,,-0.2424151637254761,0.3334050925109932
D3,Global,6,0.894,6.240478038787842,2.6291847229003906,5.823831558227539,1.0446499375584433,1.0071839979177533,0.854,0.916,0.02040000000000002,0.04600000000000004,0.062000000000000055,6.195966230290963,0.07368062997280775,0.006866377020900526,,
D3,Local,6,0.8934,6.143358187811077,2.5865820927326615,5.693454561412737,1.028153237238661,0.9915093077456274,0.854,0.929,0.023800000000000023,0.04600000000000004,0.07500000000000007,6.195966230290963,0.07368062997280775,,-0.04169364337548647,0.3302849347648558
D3,Global,7,0.8952,5.753142356872559,2.8297200202941895,5.214665412902832,0.9961645863363938,0.9348388599160886,0.859,0.94,0.021599999999999998,0.041000000000000036,0.08099999999999996,6.154154051093856,0.07368062997280775,0.009391088223017624,,
D3,Local,7,0.893,6.224562964659152,2.6380194244294337,5.895413782509439,0.9793421399825022,1.0114408760295464,0.856,0.915,0.018600000000000016,0.04400000000000004,0.05900000000000005,6.154154051093856,0.07368062997280775,,0.24510126069112007,0.49431706181674934
D3,Global,8,0.8916,5.988398551940918,2.7289326190948486,5.481327056884766,1.0275258196141115,0.9714873788840216,0.868,0.924,0.018000000000000016,0.03200000000000003,0.05600000000000005,6.164154761145721,0.07368062997280775,-0.018538749260009136,,
D3,Local,8,0.8892,6.182676972397201,2.7636613504575553,5.742773122871863,1.018586097676531,1.0030048257983772,0.872,0.916,0.017200000000000014,0.028000000000000025,0.04400000000000004,6.164154761145721,0.07368062997280775,,0.07860050433677054,0.24592458848909907
D3,Global,9,0.9002,6.528191566467285,2.9068169593811035,5.943528652191162,1.0502771643546005,1.036006667553115,0.883,0.934,0.015400000000000014,0.03400000000000003,0.051000000000000045,6.301302656560935,0.07368062997280775,-0.0002393925743375512,,
D3,Local,9,0.9034,6.597146609069382,2.8594280428965746,6.072310668508688,1.055220256705192,1.0469496497205086,0.881,0.922,0.013000000000000012,0.02200000000000002,0.041000000000000036,6.301302656560935,0.07368062997280775,,0.03423815462792943,0.21823533879823923
D4,Global,0,0.892,3.2991867065429688,3.3599674701690674,1.0829030275344849,1.009578875585601,1.0026540340453802,0.867,0.91,0.013200000000000012,0.03300000000000003,0.04300000000000004,3.290453730317956,0.07368062997280775,-0.0027315891247474402,,
D4,Local,0,0.8956,3.3318327025841996,3.326386782117165,1.1369590439067045,1.0160599413586358,1.0125754609113573,0.861,0.917,0.02200000000000002,0.039000000000000035,0.05600000000000005,3.290453730317956,0.07368062997280775,,0.013591527954306624,0.15386326315737558
D4,Global,1,0.9086,3.4022738933563232,3.342521905899048,1.136429786682129,1.0395630322469063,1.0322416798696563,0.902,0.917,0.008600000000000007,0.017000000000000015,0.015000000000000013,3.2960051504468764,0.07368062997280775,0.055792473329804165,,
D4,Local,1,0.9054,3.3924330837434127,3.359491601894297,1.2089412512837807,1.0275698202244707,1.029256002006994,0.893,0.917,0.009400000000000009,0.017000000000000015,0.02400000000000002,3.2960051504468764,0.07368062997280775,,0.05087208460783453,0.18251068488134284
D4,Global,2,0.9098,3.4041342735290527,3.3467936515808105,1.0151273012161255,1.0556761209873873,1.0338248413995894,0.889,0.936,0.017000000000000015,0.03600000000000003,0.04700000000000004,3.292757280740657,0.07368062997280775,0.0284066272371165,,
D4,Local,2,0.9092,3.4529551091583524,3.2602752416947647,1.211573730213965,1.0510118157003001,1.0486515751873644,0.889,0.931,0.014800000000000013,0.031000000000000028,0.04200000000000004,3.292757280740657,0.07368062997280775,,0.05281687292168324,0.17143587538173014
D4,Global,3,0.9036,3.3656749725341797,3.3428239822387695,1.0711616277694702,1.028563130311477,1.0182759080399386,0.867,0.927,0.020000000000000018,0.03300000000000003,0.06000000000000005,3.305268194955833,0.07368062997280775,0.06593949208026198,,
D4,Local,3,0.9054,3.3705288280837413,3.477188693992867,1.0472832377288919,1.0331415081118915,1.0197444289778066,0.893,0.926,0.009400000000000009,0.026000000000000023,0.03300000000000003,3.305268194955833,0.07368062997280775,,0.06836638878361262,0.14966600736828695
D4,Global,4,0.895,3.304067850112915,3.270463466644287,1.1008200645446777,1.0067282697558877,1.0007244544976843,0.879,0.91,0.01260000000000001,0.02100000000000002,0.031000000000000028,3.301675936131089,0.07368062997280775,0.0021908210195606434,,
D4,Local,4,0.8904,3.2978405755468994,3.3341962210526646,1.190646702533286,0.9957911439308685,0.9988383594700442,0.865,0.912,0.016400000000000015,0.03500000000000003,0.04700000000000004,3.301675936131089,0.07368062997280775,,-0.0009229431073472376,0.12525603807244867
D4,Global,5,0.9112,3.3097546100616455,3.3429512977600098,0.9154872298240662,1.036119390240869,1.007551794112474,0.894,0.945,0.017199999999999993,0.04499999999999993,0.050999999999999934,3.284947363899165,0.07368062997280775,-0.005826658997383091,,
D4,Local,5,0.9026,3.297303939293059,3.086633405482909,1.2102853044647406,1.0011800405022666,1.0037615748519109,0.882,0.926,0.015400000000000014,0.026000000000000023,0.04400000000000004,3.284947363899165,0.07368062997280775,,-0.012051928908510782,0.23601393140602903
D4,Global,6,0.9114,3.454402446746826,3.438781261444092,1.159172773361206,1.0538743081355217,1.049811254985968,0.902,0.931,0.01140000000000001,0.031000000000000028,0.029000000000000026,3.290498582807629,0.07368062997280775,0.07881023562887361,,
D4,Local,6,0.908,3.4192269018264385,3.615394583683572,1.163748820798584,1.039535223218711,1.0391212200155306,0.898,0.919,0.008800000000000007,0.019000000000000017,0.02100000000000002,3.290498582807629,0.07368062997280775,,0.0612226491945745,0.12475665217241691
D4,Global,7,0.9052,3.3508758544921875,3.2894091606140137,1.0885794162750244,1.0285151780209294,1.0174760396625817,0.885,0.939,0.015999999999999993,0.038999999999999924,0.05399999999999994,3.293321634977679,0.07368062997280775,0.03719191982110362,,
D4,Local,7,0.8994,3.3265352944960234,3.4653538006052624,1.137127182503322,1.0141915921662605,1.0100851551107517,0.86,0.926,0.018600000000000016,0.040000000000000036,0.06600000000000006,3.293321634977679,0.07368062997280775,,0.025021630479459184,0.19794892116795984
D4,Global,8,0.9008,3.3807249069213867,3.437268018722534,1.1424503326416016,1.0266323677913234,1.0253161910652908,0.872,0.922,0.013200000000000012,0.028000000000000025,0.050000000000000044,3.2972510688715992,0.07368062997280775,0.00642374402530145,,
D4,Local,8,0.9046,3.39131147591815,3.540232091961046,1.1586877306549306,1.0321686217441177,1.028526916841289,0.887,0.921,0.013800000000000012,0.02100000000000002,0.03400000000000003,3.2972510688715992,0.07368062997280775,,0.011716938418376755,0.16976536998569886
D4,Global,9,0.9136,3.3968660831451416,3.4649343490600586,1.020182490348816,1.042044519456197,1.0263391176780166,0.889,0.928,0.018000000000000016,0.028000000000000025,0.039000000000000035,3.3096917233654612,0.07368062997280775,0.03349988419291317,,
D4,Local,9,0.9138,3.4338453094430945,3.520122879629525,1.2101783493350766,1.0327709776289733,1.0375121299670134,0.901,0.935,0.013800000000000012,0.03500000000000003,0.03400000000000003,3.3096917233654612,0.07368062997280775,,0.05198953646303744,0.17565668331850226
E1,Global,0,0.9024,4.810627460479736,4.733603477478027,0.2130325585603714,1.0220748788269878,1.0220749140017205,0.887,0.914,0.01160000000000001,0.014000000000000012,0.027000000000000024,4.706726869603648,0.07368062997280775,0.0914323394066955,,
E1,Local,0,0.8918,4.730469604433395,4.803997776032036,0.4847441680245138,1.0050444258797084,1.0050444258797082,0.857,0.924,0.017800000000000017,0.04300000000000004,0.06700000000000006,4.706726869603648,0.07368062997280775,,0.05135353465418902,0.24252897038997215
E1,Global,1,0.9032,4.754075527191162,4.638328552246094,0.2891583740711212,1.0100597015594563,1.010059784410541,0.889,0.93,0.01200000000000001,0.030000000000000027,0.041000000000000036,4.706726869603648,0.07368062997280775,0.09631446949694972,,
E1,Local,1,0.8948,4.700468148900026,4.605722455523631,0.6510947002342453,0.9986702604852555,0.9986702604852554,0.872,0.918,0.018000000000000016,0.028000000000000025,0.04600000000000004,4.706726869603648,0.07368062997280775,,0.06951095313030196,0.3452284361076715
E1,Global,2,0.8892,4.705270290374756,4.615955352783203,0.3535284996032715,0.9996905589737256,0.9996905324508419,0.87,0.91,0.016400000000000015,0.030000000000000027,0.040000000000000036,4.706726869603648,0.07368062997280775,-0.13040382564851835,,
E1,Local,2,0.8934,4.849064281495484,4.781309972420164,0.5420913393693501,1.0302412729345019,1.0302412729345014,0.884,0.904,0.008200000000000008,0.016000000000000014,0.020000000000000018,4.706726869603648,0.07368062997280775,,-0.05850693114743986,0.30933884596127914
E1,Global,3,0.8954,4.815768241882324,4.801704406738281,0.2842647135257721,1.023167186660457,1.0231671340401909,0.878,0.913,0.012200000000000011,0.02200000000000002,0.03500000000000003,4.706726869603648,0.07368062997280775,0.04270507837984076,,
E1,Local,3,0.8864,4.777620030252515,4.7035334235505815,0.6140755061579152,1.0150620935977186,1.0150620935977184,0.857,0.919,0.02400000000000002,0.04300000000000004,0.062000000000000055,4.706726869603648,0.07368062997280775,,0.02363083451905762,0.37681842942613775
E1,Global,4,0.9004,4.709208011627197,4.818110466003418,0.3532315790653229,1.0005270963797728,1.0005271480781204,0.874,0.917,0.013600000000000011,0.026000000000000023,0.04300000000000004,4.706726869603648,0.07368062997280775,0.07294772646364875,,
E1,Local,4,0.902,4.680963880412667,4.707688161946836,0.39429411928032215,0.9945263470975213,0.9945263470975212,0.89,0.91,0.008000000000000007,0.010000000000000009,0.020000000000000018,4.706726869603648,0.07368062997280775,,0.05882576497141972,0.2619883058949549
E1,Global,5,0.892,4.721363544464111,4.716154098510742,0.3946939706802368,1.0031097341196793,1.0031097353353957,0.872,0.908,0.01200000000000001,0.028000000000000025,0.03600000000000003,4.706726869603648,0.07368062997280775,-0.11678965935875592,,
E1,Local,5,0.8906,4.683380398096953,4.550282252440441,0.4556397104100463,0.9950397649675686,0.9950397649675684,0.88,0.907,0.012200000000000011,0.020000000000000018,0.027000000000000024,4.706726869603648,0.07368062997280775,,-0.1357812329653331,0.30235280131954234
E1,Global,6,0.9004,4.7235260009765625,4.79885196685791,0.31444114446640015,1.003569062095128,1.0035691748933646,0.893,0.909,0.006000000000000005,0.009000000000000008,0.016000000000000014,4.706726869603648,0.07368062997280775,0.047324337766184665,,
E1,Local,6,0.8948,4.65800861721571,4.6088236710213515,0.5404752875019444,0.9896492289147767,0.9896492289147765,0.866,0.913,0.015200000000000014,0.03400000000000003,0.04700000000000004,4.706726869603648,0.07368062997280775,,0.01456590379370119,0.349176182931928
E1,Global,7,0.8914,4.76814079284668,4.80452823638916,0.26805320382118225,1.013048075316919,1.0130481170767835,0.868,0.908,0.013000000000000012,0.03200000000000003,0.040000000000000036,4.706726869603648,0.07368062997280775,0.04218628021246105,,
E1,Local,7,0.8898,4.744439467434455,4.826259089814223,0.6234623870213245,1.0080124891194258,1.0080124891194255,0.867,0.915,0.016200000000000013,0.03300000000000003,0.04800000000000004,4.706726869603648,0.07368062997280775,,0.030335702171111846,0.30259565360092405
E1,Global,8,0.8976,4.8368330001831055,4.867928504943848,0.26315951347351074,1.0276425986602729,1.0276425920143553,0.88,0.915,0.01080000000000001,0.020000000000000018,0.03500000000000003,4.706726869603648,0.07368062997280775,0.08789880096118771,,
E1,Local,8,0.898,4.842656710604741,4.894657937312134,0.3831847639051419,1.0288799084304079,1.0288799084304077,0.885,0.906,0.005200000000000005,0.015000000000000013,0.02100000000000002,4.706726869603648,0.07368062997280775,,0.0908106232662569,0.2548695419697751
E1,Global,9,0.9004,4.797597885131836,4.713489532470703,0.3061431646347046,1.019306708138064,1.0193066260366708,0.885,0.924,0.016400000000000015,0.02400000000000002,0.039000000000000035,4.706726869603648,0.07368062997280775,0.07122176390475653,,
E1,Local,9,0.9004,4.805708433221605,4.787030025245764,0.5232575469165446,1.0210298082638247,1.0210298082638247,0.886,0.925,0.01160000000000001,0.025000000000000022,0.039000000000000035,4.706726869603648,0.07368062997280775,,0.07527686499420004,0.3392983797161283
E2,Global,0,0.9004,1.9078339338302612,1.849894404411316,0.17161522805690765,1.038756077420079,1.0387560685020303,0.881,0.909,0.008000000000000007,0.019000000000000017,0.028000000000000025,1.8366525035868246,0.07368062997280775,0.011161529964017338,,
E2,Local,0,0.8988,1.8977105782123493,1.8768731462503183,0.13649850752654832,1.0332442171321374,1.0332442171321377,0.874,0.918,0.018000000000000016,0.026000000000000023,0.04400000000000004,1.8366525035868246,0.07368062997280775,,0.006099862498148472,0.04607217219785584
E2,Global,1,0.9074,1.9218844175338745,1.9600404500961304,0.10495112091302872,1.0464060737192327,1.0464061186210234,0.9,0.918,0.007400000000000006,0.018000000000000016,0.018000000000000016,1.8366525035868246,0.07368062997280775,0.02996419254041783,,
E2,Local,1,0.9062,1.919435549973616,1.921685901250716,0.1286278380348156,1.0450727866186573,1.045072786618657,0.897,0.922,0.008200000000000008,0.02200000000000002,0.025000000000000022,1.8366525035868246,0.07368062997280775,,0.028739810584352255,0.06732255833571542
E2,Global,2,0.906,1.8911927938461304,1.8972382545471191,0.07559461891651154,1.0296954319088945,1.0296954868451127,0.892,0.927,0.010000000000000009,0.027000000000000024,0.03500000000000003,1.8366525035868246,0.07368062997280775,0.009723803413254493,,
E2,Local,2,0.9082,1.9005477449586625,1.897504502063205,0.09349332949445634,1.0347889659296226,1.0347889659296226,0.896,0.925,0.009800000000000008,0.025000000000000022,0.029000000000000026,1.8366525035868246,0.07368062997280775,,0.01440135520650122,0.054732865802763944
E2,Global,3,0.9108,1.8799057006835938,1.8841686248779297,0.09626106917858124,1.0235499320180068,1.0235500166810538,0.892,0.927,0.014800000000000013,0.027000000000000024,0.03500000000000003,1.8366525035868246,0.07368062997280775,0.039522970845394044,,
E2,Local,3,0.9062,1.8610827160864538,1.8761462752014224,0.11657205636797706,1.0133014886876635,1.0133014886876637,0.9,0.923,0.006200000000000006,0.02300000000000002,0.02300000000000002,1.8366525035868246,0.07368062997280775,,0.03011153298422818,0.05235132827553911
E2,Global,4,0.8914,1.7781752347946167,1.7709660530090332,0.14178898930549622,0.9681609587774528,0.9681609511445378,0.871,0.923,0.018200000000000015,0.029000000000000026,0.052000000000000046,1.8366525035868246,0.07368062997280775,-0.0011606414816682882,,
E2,Local,4,0.8868,1.7705150195487247,1.7687514967755007,0.12431009939963218,0.963990202877823,0.963990202877823,0.86,0.908,0.016400000000000015,0.040000000000000036,0.04800000000000004,1.8366525035868246,0.07368062997280775,,-0.004990740062648749,0.05447035286679946
E2,Global,5,0.909,1.8995851278305054,1.9213671684265137,0.14933079481124878,1.0342648285624294,1.0342648509289474,0.877,0.931,0.018200000000000015,0.031000000000000028,0.05400000000000005,1.8366525035868246,0.07368062997280775,0.0450762750077935,,
E2,Local,5,0.9062,1.8854330668205415,1.8930684994466063,0.10296908426068674,1.026559495135009,1.0265594951350092,0.89,0.922,0.013000000000000012,0.02200000000000002,0.03200000000000003,1.8366525035868246,0.07368062997280775,,0.038000287862588564,0.0656291328331178
E2,Global,6,0.9028,1.906069278717041,1.8860987424850464,0.1159445121884346,1.0377952607610943,1.0377952688353684,0.886,0.926,0.014800000000000013,0.026000000000000023,0.040000000000000036,1.8366525035868246,0.07368062997280775,0.03634430578424343,,
E2,Local,6,0.904,1.9045019163936523,1.9147735666144463,0.11392500062529035,1.0369418889388842,1.036941888938884,0.882,0.917,0.01120000000000001,0.018000000000000016,0.03500000000000003,1.8366525035868246,0.07368062997280775,,0.03556061882265652,0.04654983569035307
E2,Global,7,0.9008,1.8238574266433716,1.851921558380127,0.17538982629776,0.9930336035049271,0.9930334797037189,0.882,0.94,0.017199999999999993,0.039999999999999925,0.05799999999999994,1.8366525035868246,0.07368062997280775,-0.00229775167001615,,
E2,Local,7,0.9002,1.843238764502913,1.8468644885777419,0.16229621740884964,1.0035860136325332,1.003586013632533,0.875,0.916,0.014200000000000013,0.025000000000000022,0.041000000000000036,1.8366525035868246,0.07368062997280775,,0.007392834975600431,0.08158899203473188
E2,Global,8,0.9032,1.8994234800338745,1.9212305545806885,0.15512484312057495,1.0341768190663214,1.0341768387457417,0.863,0.924,0.018000000000000016,0.03700000000000003,0.061000000000000054,1.8366525035868246,0.07368062997280775,0.0003477063878606397,,
E2,Local,8,0.9066,1.909343724502453,1.8972048796883634,0.12948725810772482,1.0395781024301922,1.0395781024301922,0.898,0.917,0.007400000000000006,0.017000000000000015,0.019000000000000017,1.8366525035868246,0.07368062997280775,,0.005307830295254228,0.05980254433687144
E2,Global,9,0.9158,1.9371585845947266,1.9095577001571655,0.12388810515403748,1.0547224223299039,1.0547224261593426,0.883,0.929,0.02260000000000002,0.029000000000000026,0.04600000000000004,1.8366525035868246,0.07368062997280775,0.008971966879105465,,
E2,Local,9,0.9116,1.9225489925375492,1.8941624587604524,0.1481794841788707,1.0467679589813403,1.0467679589813403,0.898,0.933,0.012400000000000012,0.03300000000000003,0.03500000000000003,1.8366525035868246,0.07368062997280775,,0.0016671553761839672,0.06074950216355734
E3,Global,0,0.8928,2.0422427654266357,2.198402166366577,0.5893557071685791,1.0179461483825154,1.0176754009674016,0.867,0.919,0.014800000000000013,0.03300000000000003,0.052000000000000046,2.0067722610621037,0.07368062997280775,0.00037327438832138285,,
E3,Local,0,0.8872,2.0344541443661712,2.077630418775818,0.5953664462317171,1.0166337069328264,1.0137942325799423,0.865,0.903,0.014000000000000012,0.03500000000000003,0.038000000000000034,2.0067722610621037,0.07368062997280775,,-0.003520974605860148,0.07189588997317402
E3,Global,1,0.8976,2.0116093158721924,1.8542975187301636,0.5515503287315369,1.0189385102072472,1.0085879565059677,0.883,0.918,0.012400000000000012,0.018000000000000016,0.03500000000000003,1.994480801496949,0.07368062997280775,-0.013646185538777932,,
E3,Local,1,0.9008,2.0337232872768674,2.0771813416633975,0.5972318618422722,1.0223344482168155,1.0196755394940202,0.886,0.913,0.008000000000000007,0.014000000000000012,0.027000000000000024,1.994480801496949,0.07368062997280775,,-0.002589237974612403,0.07292648165377957
E3,Global,2,0.9014,2.091111898422241,2.0735068321228027,0.5617160201072693,1.0503448365380788,1.0425084174791066,0.884,0.942,0.016599999999999993,0.041999999999999926,0.05799999999999994,2.005846536451731,0.07368062997280775,-0.013123453855755998,,
E3,Local,2,0.9064,2.1198031811363975,2.1295788236692452,0.6069372224464277,1.0574119856574566,1.0568122449119421,0.867,0.939,0.021199999999999997,0.038999999999999924,0.07199999999999995,2.005846536451731,0.07368062997280775,,0.0012221486721176915,0.05891403109809717
E3,Global,3,0.9096,2.017401933670044,1.9790875911712646,0.5005059838294983,1.0278016453848173,1.0126101235290426,0.886,0.935,0.015200000000000014,0.03500000000000003,0.049000000000000044,1.9922790487608464,0.07368062997280775,-0.013928869609862034,,
E3,Local,3,0.9046,2.0132911156731272,2.0171644120998007,0.526603798789019,1.0224362497728428,1.0105467489232243,0.894,0.913,0.007000000000000006,0.013000000000000012,0.019000000000000017,1.9922790487608464,0.07368062997280775,,-0.01598428394465756,0.06538695176674182
E3,Global,4,0.896,2.0187766551971436,1.9586124420166016,0.5941262245178223,1.0155113092514905,1.014611536745365,0.868,0.915,0.013200000000000012,0.03200000000000003,0.04700000000000004,1.9897040217706414,0.07368062997280775,-0.01436998009303579,,
E3,Local,4,0.8954,2.0079202517443875,1.9593928939380256,0.5784615436426499,1.013885630423929,1.0091552460941078,0.89,0.906,0.007000000000000006,0.010000000000000009,0.016000000000000014,1.9897040217706414,0.07368062997280775,,-0.019798235151470903,0.06763639439105458
E3,Global,5,0.905,2.030550718307495,2.1286611557006836,0.539389967918396,1.0228503823453212,1.01480645857882,0.889,0.925,0.01140000000000001,0.025000000000000022,0.03600000000000003,2.0009241182315383,0.07368062997280775,0.02251833772529504,,
E3,Local,5,0.9056,2.0231347798889145,2.037733973591275,0.5076071128459643,1.025856114346784,1.011100201879223,0.898,0.913,0.0064000000000000055,0.013000000000000012,0.015000000000000013,2.0009241182315383,0.07368062997280775,,0.01881036547970108,0.07100783923602226
E3,Global,6,0.887,2.0349667072296143,2.068253993988037,0.5761119723320007,1.0304254406092215,1.0238848313607385,0.868,0.896,0.013000000000000012,0.03200000000000003,0.028000000000000025,1.9874957074275164,0.07368062997280775,-0.0020974481799219363,,
E3,Local,6,0.8852,2.049992965737801,2.0081590066485777,0.6090798352199932,1.0374554616333502,1.0314452293289111,0.847,0.907,0.017600000000000015,0.05300000000000005,0.06000000000000005,1.9874957074275164,0.07368062997280775,,0.005415695049276462,0.059351867995936156
E3,Global,7,0.901,2.02066707611084,2.003934860229492,0.5217181444168091,1.0292096002241113,1.0134768983427245,0.891,0.91,0.006200000000000006,0.010000000000000009,0.019000000000000017,1.9937968782664022,0.07368062997280775,0.057670666865548274,,
E3,Local,7,0.8942,2.0131763829628158,1.9070631661879864,0.5576078742646939,1.020768764751482,1.0097198992072172,0.882,0.916,0.012200000000000011,0.018000000000000016,0.03400000000000003,1.9937968782664022,0.07368062997280775,,0.05392526282864444,0.08484487155071045
E3,Global,8,0.907,2.122076988220215,2.119288682937622,0.6403782367706299,1.0700310955786552,1.0666082514299648,0.899,0.916,0.007400000000000006,0.016000000000000014,0.017000000000000015,1.9895561330743687,0.07368062997280775,0.041702769698063136,,
E3,Local,8,0.904,2.121193362701138,2.0996767949686994,0.5989130715213213,1.07774072012341,1.0661641194427403,0.887,0.917,0.01040000000000001,0.017000000000000015,0.030000000000000027,1.9895561330743687,0.07368062997280775,,0.041260935842345074,0.0753199420658529
E3,Global,9,0.9128,2.0924713611602783,2.040153980255127,0.5407564043998718,1.0655496516204166,1.0479865252794975,0.875,0.93,0.02280000000000002,0.030000000000000027,0.05500000000000005,1.9966586503602393,0.07368062997280775,0.06640756587746206,,
E3,Local,9,0.9062,2.082304714803832,2.042065934350794,0.6203298909849588,1.047693523168685,1.0428946953091558,0.882,0.927,0.013400000000000013,0.027000000000000024,0.04500000000000004,1.9966586503602393,0.07368062997280775,,0.06132431728191025,0.07238597858967274
E4,Global,0,0.8832,2.7438554763793945,2.7377936840057373,0.06270184367895126,0.9909439989833194,0.9909439577046217,0.873,0.891,0.016800000000000016,0.027000000000000024,0.018000000000000016,2.768931032926563,0.07368062997280775,-0.025657183330076862,,
E4,Local,0,0.8882,2.750861330874317,2.7467105522386537,0.0969695738144824,0.9934741234659253,0.9934741234659255,0.864,0.904,0.013400000000000013,0.03600000000000003,0.040000000000000036,2.768931032926563,0.07368062997280775,,-0.022154308181229716,0.05496449267749412
E4,Global,1,0.8948,2.779085874557495,2.794694185256958,0.09169535338878632,1.003667402365383,1.0036674230994476,0.877,0.911,0.010000000000000009,0.02300000000000002,0.03400000000000003,2.768931032926563,0.07368062997280775,0.0181579452477766,,
E4,Local,1,0.8928,2.767354293544639,2.783863872079344,0.0828784122139972,0.9994305602547793,0.999430560254779,0.877,0.907,0.01040000000000001,0.02300000000000002,0.030000000000000027,2.768931032926563,0.07368062997280775,,0.012292194859428425,0.07315411851200443
E4,Global,2,0.9132,2.8269431591033936,2.8119874000549316,0.07466983795166016,1.0209511448809223,1.0209510910481276,0.894,0.936,0.015600000000000013,0.03600000000000003,0.04200000000000004,2.768931032926563,0.07368062997280775,0.01198783911208425,,
E4,Local,2,0.9074,2.8225799679161856,2.8233768448234144,0.07977319825717369,1.0193753236724423,1.0193753236724425,0.889,0.929,0.01180000000000001,0.029000000000000026,0.040000000000000036,2.768931032926563,0.07368062997280775,,0.009806205505219712,0.03279314709409818
E4,Global,3,0.9034,2.7774784564971924,2.7825021743774414,0.07613664120435715,1.0030868955978285,1.0030869037433536,0.889,0.938,0.011799999999999988,0.03799999999999992,0.04899999999999993,2.768931032926563,0.07368062997280775,0.037236500178576215,,
E4,Local,3,0.9054,2.781722175620734,2.7775066088861777,0.09800343847082348,1.004619523759193,1.004619523759193,0.896,0.913,0.007000000000000006,0.013000000000000012,0.017000000000000015,2.768931032926563,0.07368062997280775,,0.039358349077895094,0.05436491172825909
E4,Global,4,0.8852,2.7486581802368164,2.7412309646606445,0.06764907389879227,0.9926784519493161,0.99267845516964,0.877,0.915,0.02080000000000002,0.02300000000000002,0.038000000000000034,2.768931032926563,0.07368062997280775,-0.021814267811219628,,
E4,Local,4,0.884,2.753304971077788,2.755218417871142,0.08467975651307931,0.9943566446173779,0.994356644617378,0.854,0.899,0.016000000000000014,0.04600000000000004,0.04500000000000004,2.768931032926563,0.07368062997280775,,-0.019490899087613856,0.056896657195307246
E4,Global,5,0.8936,2.7543413639068604,2.7391457557678223,0.08673321455717087,0.9947309818892117,0.9947309380962507,0.88,0.905,0.009600000000000008,0.020000000000000018,0.025000000000000022,2.768931032926563,0.07368062997280775,-0.010523076752203781,,
E4,Local,5,0.8908,2.7468490170325524,2.7426214871048638,0.08584995604309285,0.9920250755141878,0.9920250755141881,0.875,0.91,0.013200000000000012,0.025000000000000022,0.03500000000000003,2.768931032926563,0.07368062997280775,,-0.014269314517295191,0.059689203036463884
E4,Global,6,0.8972,2.7884345054626465,2.7843589782714844,0.0834665447473526,1.0070436748530007,1.007043683032968,0.883,0.926,0.013200000000000012,0.026000000000000023,0.04300000000000004,2.768931032926563,0.07368062997280775,0.024337687759879045,,
E4,Local,6,0.8966,2.7832114593057593,2.772998561786644,0.07845760557431751,1.005157378861872,1.0051573788618717,0.883,0.919,0.01100000000000001,0.019000000000000017,0.03600000000000003,2.768931032926563,0.07368062997280775,,0.021726208070231602,0.05907670958447567
E4,Global,7,0.9046,2.7910823822021484,2.7785024642944336,0.05944494530558586,1.007999974755326,1.0079999642505264,0.883,0.924,0.015400000000000014,0.02400000000000002,0.041000000000000036,2.768931032926563,0.07368062997280775,0.03106397080807704,,
E4,Local,7,0.9034,2.7921326765122663,2.7814262352796066,0.09929946651187506,1.008379278252077,1.0083792782520773,0.89,0.925,0.009000000000000008,0.025000000000000022,0.03500000000000003,2.768931032926563,0.07368062997280775,,0.03158912264922779,0.04840451488570231
E4,Global,8,0.8926,2.7790961265563965,2.76548433303833,0.06540875881910324,1.0036711388194093,1.0036711256109148,0.876,0.917,0.014200000000000013,0.02400000000000002,0.041000000000000036,2.768931032926563,0.07368062997280775,-0.0055904492937793315,,
E4,Local,8,0.8906,2.7716090428615057,2.7736286292926757,0.08352117967673087,1.0009671638271582,1.0009671638271582,0.88,0.898,0.009400000000000009,0.020000000000000018,0.018000000000000016,2.768931032926563,0.07368062997280775,,-0.009334001198128175,0.04036808337153578
E4,Global,9,0.9054,2.796550750732422,2.808446168899536,0.09689961373806,1.0099748562446866,1.0099748666461608,0.883,0.936,0.015000000000000013,0.03600000000000003,0.05300000000000005,2.768931032926563,0.07368062997280775,0.019771149481912928,,
E4,Local,9,0.9006,2.7863450016988565,2.7948123944928263,0.08430201195224224,1.006289058328003,1.0062890583280033,0.886,0.918,0.009400000000000009,0.018000000000000016,0.03200000000000003,2.768931032926563,0.07368062997280775,,0.014668264391558751,0.05563997496456652
E5,Global,0,0.8828,5.0731306076049805,3.9970264434814453,4.005685329437256,0.9660591998941738,0.9368361249708756,0.858,0.894,0.017200000000000014,0.04200000000000004,0.03600000000000003,5.415173980148015,0.07368062997280775,0.007961300601801995,,
E5,Local,0,0.8844,5.256103649170616,4.140907857798778,4.26641210212653,0.9824063153522298,0.9706250747324925,0.872,0.904,0.017200000000000014,0.028000000000000025,0.03200000000000003,5.415173980148015,0.07368062997280775,,0.09944779433305997,0.36601003640361746
E5,Global,1,0.906,5.487451553344727,3.926772117614746,4.52813196182251,1.0444727222906802,1.0338129298246888,0.888,0.919,0.013200000000000012,0.019000000000000017,0.031000000000000028,5.307973420563886,0.07368062997280775,0.04369637180873223,,
E5,Local,1,0.8992,5.33975686397844,3.7648688323707074,4.417849281490092,1.024133307972529,1.0059878678539385,0.88,0.92,0.012800000000000011,0.020000000000000018,0.040000000000000036,5.307973420563886,0.07368062997280775,,-0.030150978886275392,0.3951554160499098
E5,Global,2,0.906,5.783098220825195,4.011936187744141,4.892755031585693,1.0531206885485618,1.0706852679328618,0.894,0.918,0.009200000000000009,0.018000000000000016,0.02400000000000002,5.401305494742111,0.07368062997280775,0.02827680457692726,,
E5,Local,2,0.9064,5.712214115235711,4.209622503937119,4.7062938131923175,1.0531011837992559,1.0575617544307119,0.882,0.914,0.013600000000000011,0.018000000000000016,0.03200000000000003,5.401305494742111,0.07368062997280775,,-0.007165289208042259,0.44396815931865874
E5,Global,3,0.9002,5.195907115936279,3.698451042175293,4.2063398361206055,1.0246954307568945,0.9797104312395227,0.869,0.925,0.017800000000000017,0.031000000000000028,0.05600000000000005,5.303513109850687,0.07368062997280775,0.05100470893912029,,
E5,Local,3,0.8982,5.438988965740083,3.968469815949865,4.553660810814588,1.0355391455116274,1.0255445500149258,0.877,0.922,0.015000000000000013,0.02300000000000002,0.04500000000000004,5.303513109850687,0.07368062997280775,,0.1725457451155547,0.4315779535185311
E5,Global,4,0.8928,5.25553560256958,3.3726937770843506,4.517827987670898,0.9839969808183161,0.9937285783854263,0.881,0.905,0.009200000000000009,0.019000000000000017,0.02400000000000002,5.288703290699943,0.07368062997280775,0.03009799813562483,,
E5,Local,4,0.8908,5.362837920998459,3.2726294060196723,4.5895603356413766,0.9927033747812155,1.0140175438521726,0.878,0.918,0.016400000000000015,0.02200000000000002,0.040000000000000036,5.288703290699943,0.07368062997280775,,0.08374910078740369,0.3334269298342677
E5,Global,5,0.8854,5.66560173034668,3.702014684677124,4.967845439910889,0.9881096998318124,1.060887848054656,0.842,0.915,0.02420000000000002,0.05800000000000005,0.07300000000000006,5.340434185136215,0.07368062997280775,-0.05647072973687516,,
E5,Local,5,0.8906,5.115627043664737,3.5212476140339515,4.081242586101277,0.9675518125089031,0.9579047070559967,0.865,0.913,0.019400000000000018,0.03500000000000003,0.04800000000000004,5.340434185136215,0.07368062997280775,,-0.3314580002217078,0.7087449317433474
E5,Global,6,0.8898,5.00198221206665,3.6156296730041504,4.158806800842285,0.9689676412704709,0.9490713754330085,0.88,0.904,0.01180000000000001,0.020000000000000018,0.02400000000000002,5.270396243680328,0.07368062997280775,-0.00407642438452436,,
E5,Local,6,0.8928,5.21632841960343,3.575594413230567,4.427163955349164,0.9865379828603145,0.9897412221819697,0.881,0.901,0.007600000000000007,0.019000000000000017,0.020000000000000018,5.270396243680328,0.07368062997280775,,0.10309689903260402,0.27971432899924537
E5,Global,7,0.888,5.447636604309082,3.9884634017944336,4.800901412963867,0.9877990834945445,1.0155393116253582,0.873,0.894,0.01200000000000001,0.027000000000000024,0.02100000000000002,5.364279395142476,0.07368062997280775,-0.05073262129054016,,
E5,Local,7,0.8834,5.364814718318927,3.6386805300206877,4.7032138504581695,0.9759282817710937,1.000099794051916,0.87,0.905,0.018600000000000016,0.030000000000000027,0.03500000000000003,5.364279395142476,0.07368062997280775,,-0.0921435718609899,0.2892591114870585
E5,Global,8,0.898,5.494260787963867,3.5033414363861084,4.715529918670654,1.011789255785651,1.031954520643974,0.884,0.917,0.010000000000000009,0.017000000000000015,0.03300000000000003,5.324130742249441,0.07368062997280775,-0.0072084505569926585,,
E5,Local,8,0.895,5.393715204899989,3.668386119657047,4.663814676611054,1.0106168847919963,1.0130696382225108,0.868,0.912,0.016200000000000013,0.03200000000000003,0.04400000000000004,5.324130742249441,0.07368062997280775,,-0.05748110413353533,0.3218061847657135
E5,Global,9,0.9026,5.391018867492676,3.844618558883667,4.457547664642334,1.0285388816122214,1.0044617493210144,0.892,0.918,0.007800000000000007,0.018000000000000016,0.026000000000000023,5.367072336141064,0.07368062997280775,0.014128226006415686,,
E5,Local,9,0.9024,5.510673035292806,3.9290092196641178,4.535618826026934,1.0395844790286008,1.026755871759871,0.894,0.922,0.009200000000000009,0.02200000000000002,0.028000000000000025,5.367072336141064,0.07368062997280775,,0.07395538106957177,0.2829934784604495
F1,Global,0,0.896,1.6742689609527588,1.654989242553711,0.09701981395483017,1.0178833262939537,1.0178832532690483,0.871,0.915,0.012400000000000012,0.029000000000000026,0.04400000000000004,1.644853626951473,0.07368062997280775,0.013587423389156862,,
F1,Local,0,0.8998,1.6768130844320683,1.6794176599613078,0.1069559575136178,1.019429970519522,1.0194299705195216,0.869,0.923,0.02100000000000002,0.031000000000000028,0.05400000000000005,1.644853626951473,0.07368062997280775,,0.01485945362129962,0.062458483865368945
F1,Global,1,0.8994,1.6804921627044678,1.6719553470611572,0.06914221495389938,1.0216666107281536,1.021666691290365,0.882,0.917,0.009000000000000008,0.018000000000000016,0.03500000000000003,1.644853626951473,0.07368062997280775,-0.0007905459722774608,,
F1,Local,1,0.901,1.6835497333469307,1.6674715568346703,0.15015328985062465,1.0235255622515036,1.0235255622515032,0.89,0.908,0.005800000000000005,0.010000000000000009,0.018000000000000016,1.644853626951473,0.07368062997280775,,0.0007382759922868986,0.0873628537727566
F1,Global,2,0.9088,1.7027027606964111,1.7041064500808716,0.06873661279678345,1.0351697279286198,1.0351697760804128,0.89,0.934,0.014800000000000013,0.03400000000000003,0.04400000000000004,1.644853626951473,0.07368062997280775,-0.004698366935042828,,
F1,Local,2,0.9096,1.7156027411119315,1.712427949902517,0.12878408526800075,1.0430124073055564,1.0430124073055562,0.89,0.929,0.014000000000000012,0.029000000000000026,0.039000000000000035,1.644853626951473,0.07368062997280775,,0.001751677767245469,0.0708196061863726
F1,Global,3,0.9068,1.7003085613250732,1.6972304582595825,0.05516626313328743,1.0337142631802936,1.033714206215649,0.892,0.923,0.01160000000000001,0.02300000000000002,0.031000000000000028,1.644853626951473,0.07368062997280775,0.04432518882859628,,
F1,Local,3,0.906,1.6974485840565376,1.6756614237876233,0.1447120565731347,1.0319754634961307,1.0319754634961305,0.898,0.925,0.007600000000000007,0.025000000000000022,0.027000000000000024,1.644853626951473,0.07368062997280775,,0.04289514064909132,0.08067267086350093
F1,Global,4,0.8864,1.6191810369491577,1.6247448921203613,0.10376207530498505,0.9843921620063355,0.9843921735152226,0.864,0.903,0.014800000000000013,0.03600000000000003,0.039000000000000035,1.644853626951473,0.07368062997280775,-0.02965823820130159,,
F1,Local,4,0.888,1.6202919128056585,1.6128922408765936,0.11734013681734777,0.9850675380815886,0.9850675380815881,0.861,0.911,0.016400000000000015,0.039000000000000035,0.050000000000000044,1.644853626951473,0.07368062997280775,,-0.02910280490387375,0.06080444195188574
F1,Global,5,0.9048,1.6558526754379272,1.6306743621826172,0.11403267830610275,1.0066870312201563,1.0066869466718686,0.881,0.933,0.018400000000000017,0.03300000000000003,0.052000000000000046,1.644853626951473,0.07368062997280775,0.01712499698735303,,
F1,Local,5,0.9036,1.6359997121855392,1.6272790023353918,0.11081339778091737,0.9946172020288865,0.994617202028886,0.889,0.922,0.01160000000000001,0.02200000000000002,0.03300000000000003,1.644853626951473,0.07368062997280775,,0.007198423834133816,0.08690305374090601
F1,Global,6,0.9008,1.684478759765625,1.7233588695526123,0.07355643808841705,1.0240903757467965,1.0240903702097748,0.879,0.924,0.01120000000000001,0.02400000000000002,0.04500000000000004,1.644853626951473,0.07368062997280775,0.03614016836063599,,
F1,Local,6,0.9062,1.698875352480696,1.7004219710212611,0.11382832600566826,1.0328428771071538,1.0328428771071536,0.896,0.915,0.007800000000000007,0.015000000000000013,0.019000000000000017,1.644853626951473,0.07368062997280775,,0.0433384765602952,0.0611534586683764
F1,Global,7,0.9038,1.6770925521850586,1.6863040924072266,0.10441731661558151,1.0195998262481185,1.019599874849251,0.889,0.935,0.01180000000000001,0.03500000000000003,0.04600000000000004,1.644853626951473,0.07368062997280775,0.02509029272765024,,
F1,Local,7,0.9018,1.6694082755246846,1.6796136656407556,0.12730425777305704,1.014928166355277,1.0149281663552765,0.877,0.921,0.012200000000000011,0.02300000000000002,0.04400000000000004,1.644853626951473,0.07368062997280775,,0.021248179200556737,0.07912184291411764
F1,Global,8,0.9032,1.6793289184570312,1.6819429397583008,0.0933825820684433,1.0209595288202258,1.0209594890029539,0.864,0.927,0.017600000000000015,0.03600000000000003,0.06300000000000006,1.644853626951473,0.07368062997280775,-0.004078243023422722,,
F1,Local,8,0.9092,1.695808623195361,1.6810247405294891,0.1190094073510532,1.0309784380865106,1.0309784380865101,0.892,0.924,0.012800000000000011,0.02400000000000002,0.03200000000000003,1.644853626951473,0.07368062997280775,,0.004161590733339847,0.08541633997654885
F1,Global,9,0.9192,1.7428480386734009,1.7489039897918701,0.0626899003982544,1.0595764075498517,1.0595763720955207,0.911,0.93,0.019200000000000016,0.030000000000000027,0.019000000000000017,1.644853626951473,0.07368062997280775,0.07550329308977438,,
F1,Local,9,0.9114,1.7187950602903264,1.7076391108557072,0.12598187373338468,1.0449531995597048,1.0449531995597046,0.886,0.931,0.017000000000000015,0.031000000000000028,0.04500000000000004,1.644853626951473,0.07368062997280775,,0.06347679299950831,0.06463669446598744
F2,Global,0,0.8954,1.731467604637146,1.6545292139053345,0.30047550797462463,1.052657553066348,1.0526575594730583,0.88,0.914,0.01260000000000001,0.020000000000000018,0.03400000000000003,1.644853626951473,0.07368062997280775,-0.003039579707841152,,
F2,Local,0,0.8944,1.7264147083646204,1.6595379270941146,0.3294171482588171,1.0495856166632351,1.049585616663235,0.867,0.918,0.019200000000000016,0.03300000000000003,0.051000000000000045,1.644853626951473,0.07368062997280775,,-0.005566040965609452,0.05845433942899629
F2,Global,1,0.9142,1.8471736907958984,1.7645173072814941,0.4101514220237732,1.1230018583359422,1.1230018650470437,0.901,0.937,0.014200000000000013,0.03700000000000003,0.03600000000000003,1.644853626951473,0.07368062997280775,0.04424356694504602,,
F2,Local,1,0.9048,1.8008290169314547,1.7115964804278199,0.3876890441465545,1.0948263039484325,1.0948263039484323,0.896,0.913,0.0064000000000000055,0.013000000000000012,0.017000000000000015,1.644853626951473,0.07368062997280775,,0.021071242551555288,0.09741614796608639
F2,Global,2,0.9156,1.9442805051803589,1.95505952835083,0.440242737531662,1.1820386367149616,1.1820386162772645,0.845,0.966,0.0464,0.06599999999999995,0.121,1.644853626951473,0.07368062997280775,0.22750753817910932,,
F2,Local,2,0.9142,1.8942259538115391,1.8017952448288885,0.3527041749096877,1.1516076098043122,1.1516076098043118,0.89,0.933,0.018200000000000015,0.03300000000000003,0.04300000000000004,1.644853626951473,0.07368062997280775,,0.20248029471791432,0.13211963609649577
F2,Global,3,0.906,1.8162472248077393,1.6936341524124146,0.4087469279766083,1.1041999331429435,1.1041999087626553,0.882,0.917,0.013200000000000012,0.018000000000000016,0.03500000000000003,1.644853626951473,0.07368062997280775,0.0329709268791461,,
F2,Local,3,0.9054,1.799564100319859,1.7184240226843617,0.39062040008872256,1.0940572892526144,1.094057289252614,0.888,0.924,0.01020000000000001,0.02400000000000002,0.03600000000000003,1.644853626951473,0.07368062997280775,,0.024629323182424827,0.09390222194688289
F2,Global,4,0.8942,1.723755121231079,1.650883436203003,0.31575411558151245,1.0479687325141072,1.047968702495334,0.877,0.91,0.01180000000000001,0.02300000000000002,0.03300000000000003,1.644853626951473,0.07368062997280775,-0.0019669019738718513,,
F2,Local,4,0.8936,1.7182067716023979,1.63832678524523,0.36734961810199757,1.0445955454327422,1.044595545432742,0.882,0.907,0.01040000000000001,0.018000000000000016,0.025000000000000022,1.644853626951473,0.07368062997280775,,-0.004741150132236017,0.06618569761736473
F2,Global,5,0.9044,1.7704845666885376,1.6430065631866455,0.4223858118057251,1.0763781431931958,1.0763781881126442,0.881,0.932,0.016000000000000014,0.03200000000000003,0.051000000000000045,1.644853626951473,0.07368062997280775,-0.006116047040726081,,
F2,Local,5,0.9024,1.7417433715686872,1.6427244994838115,0.4028704372955871,1.0589047821822224,1.058904782182222,0.881,0.928,0.012400000000000012,0.028000000000000025,0.04700000000000004,1.644853626951473,0.07368062997280775,,-0.020486652172323188,0.08283231251623559
F2,Global,6,0.9042,1.7543712854385376,1.6991748809814453,0.2899622321128845,1.066582008213862,1.0665820086921909,0.875,0.928,0.015000000000000013,0.028000000000000025,0.05300000000000005,1.644853626951473,0.07368062997280775,-0.0017161093708401253,,
F2,Local,6,0.9078,1.7595124091590892,1.7041745699290582,0.3096671225832007,1.069707589981804,1.0697075899818038,0.893,0.919,0.010600000000000009,0.019000000000000017,0.026000000000000023,1.644853626951473,0.07368062997280775,,0.0008544256804113814,0.0693279201366845
F2,Global,7,0.8994,1.757041573524475,1.651253342628479,0.29202765226364136,1.068205475801334,1.0682054285772091,0.886,0.912,0.009400000000000009,0.014000000000000012,0.026000000000000023,1.644853626951473,0.07368062997280775,0.03314792142425901,,
F2,Local,7,0.8954,1.7449075084390548,1.6488966938359413,0.34954359954844694,1.0608284408096658,1.0608284408096658,0.857,0.929,0.019000000000000017,0.04300000000000004,0.07200000000000006,1.644853626951473,0.07368062997280775,,0.027080800980816513,0.09957324858184585
F2,Global,8,0.8992,1.787184238433838,1.7051949501037598,0.3348183035850525,1.0865308434635232,1.0865308676408834,0.849,0.922,0.025600000000000022,0.051000000000000045,0.07300000000000006,1.644853626951473,0.07368062997280775,0.06210820114771955,,
F2,Local,8,0.8976,1.7770336928159698,1.715182518064943,0.38210608596551676,1.0803597740848687,1.0803597740848683,0.882,0.92,0.01120000000000001,0.020000000000000018,0.038000000000000034,1.644853626951473,0.07368062997280775,,0.05703297001275934,0.08107332620109399
F2,Global,9,0.9138,1.7815436124801636,1.7142300605773926,0.33876359462738037,1.0831016197747945,1.0831016105560882,0.901,0.93,0.013800000000000012,0.030000000000000027,0.029000000000000026,1.644853626951473,0.07368062997280775,0.004737948652595224,,
F2,Local,9,0.9086,1.7713523466681884,1.7223812075320772,0.340201459513902,1.0769057608798691,1.0769057608798691,0.885,0.935,0.018600000000000016,0.03500000000000003,0.050000000000000044,1.644853626951473,0.07368062997280775,,-0.0003577265595175601,0.07547156948205701
F3,Global,0,0.8986,2.1353683471679688,2.2236576080322266,0.31208592653274536,2.163686329952601,2.163686292181515,0.861,0.932,0.026600000000000023,0.039000000000000035,0.07100000000000006,0.9869121761708833,0.07368062997280775,-0.05699329137744688,,
F3,Local,0,0.9094,2.0951665193559297,2.1667301872185187,0.3874709728140164,2.122951332392065,2.1229513323920655,0.891,0.953,0.016599999999999993,0.052999999999999936,0.061999999999999944,0.9869121761708833,0.07368062997280775,,-0.07709418895236815,0.09463023643913282
F3,Global,1,0.904,2.31441330909729,2.340557336807251,0.09796074777841568,2.3451055915679944,2.345105638555371,0.885,0.918,0.010000000000000009,0.018000000000000016,0.03300000000000003,0.9869121761708833,0.07368062997280775,0.0057472015801444485,,
F3,Local,1,0.9218,2.2814978593600794,2.2784247599626584,0.21187092687695624,2.311753684316728,2.311753684316728,0.9,0.936,0.02180000000000002,0.03600000000000003,0.03600000000000003,0.9869121761708833,0.07368062997280775,,-0.010710502772877268,0.09872385710127728
F3,Global,2,0.9132,2.1873157024383545,2.2927331924438477,0.3252597451210022,2.216322651279552,2.2163225414088132,0.899,0.946,0.01359999999999999,0.04599999999999993,0.04699999999999993,0.9869121761708833,0.07368062997280775,-0.07863284189071933,,
F3,Local,2,0.9284,2.1255138193209615,2.127573466587002,0.3529705242477022,2.1537010796317597,2.15370107963176,0.918,0.946,0.0284,0.04599999999999993,0.027999999999999914,0.9869121761708833,0.07368062997280775,,-0.10953382683298757,0.12546302850619542
F3,Global,3,0.9048,2.336637020111084,2.3562915325164795,0.11598409712314606,2.3676241985728943,2.367624066790819,0.88,0.917,0.012800000000000011,0.020000000000000018,0.03700000000000003,0.9869121761708833,0.07368062997280775,0.0426999067008685,,
F3,Local,3,0.9208,2.2869248197381506,2.271410919727132,0.22632585963756807,2.317252613713999,2.3172526137139995,0.911,0.929,0.02080000000000002,0.029000000000000026,0.018000000000000016,0.9869121761708833,0.07368062997280775,,0.01784376666271737,0.10743448365148178
F3,Global,4,0.885,2.220045328140259,2.242769241333008,0.14450545608997345,2.2494862908179583,2.249486207327793,0.852,0.903,0.016600000000000014,0.04800000000000004,0.051000000000000045,0.9869121761708833,0.07368062997280775,-0.0036593259462571687,,
F3,Local,4,0.9072,2.1987556322810526,2.231284104646948,0.20970945668912427,2.2279141805829124,2.227914180582913,0.888,0.915,0.01200000000000001,0.015000000000000013,0.027000000000000024,0.9869121761708833,0.07368062997280775,,-0.014304251986867422,0.10801755395012645
F3,Global,5,0.9122,2.2841074466705322,2.3152923583984375,0.20765534043312073,2.3143977346449383,2.3143978783731614,0.882,0.935,0.019400000000000018,0.03500000000000003,0.05300000000000005,0.9869121761708833,0.07368062997280775,-0.00445928736308023,,
F3,Local,5,0.9232,2.2422206200328922,2.280251166871067,0.2574643376726184,2.2719555743373996,2.2719555743373996,0.9,0.936,0.02320000000000002,0.03600000000000003,0.03600000000000003,0.9869121761708833,0.07368062997280775,,-0.02540260347438573,0.08205986930878545
F3,Global,6,0.9056,2.2905683517456055,2.3293724060058594,0.19125261902809143,2.3209443277563895,2.320944464007702,0.885,0.942,0.017199999999999993,0.041999999999999926,0.05699999999999994,0.9869121761708833,0.07368062997280775,0.008115457328254689,,
F3,Local,6,0.9132,2.23640459134987,2.271716046111935,0.26869876155287886,2.2660624170500023,2.2660624170500023,0.883,0.95,0.022799999999999977,0.04999999999999993,0.06699999999999995,0.9869121761708833,0.07368062997280775,,-0.018966399315938322,0.09638746544036984
F3,Global,7,0.8986,2.2602150440216064,2.2873549461364746,0.13441872596740723,2.290188573315345,2.290188629337826,0.866,0.927,0.020200000000000017,0.03400000000000003,0.061000000000000054,0.9869121761708833,0.07368062997280775,-0.003016520643054789,,
F3,Local,7,0.9188,2.230189116306184,2.244238990870995,0.23408865009441637,2.259764516189359,2.2597645161893594,0.888,0.944,0.0236,0.04399999999999993,0.05599999999999994,0.9869121761708833,0.07368062997280775,,-0.018029414846957654,0.10045174174930852
F3,Global,8,0.9,2.278409004211426,2.289600133895874,0.1801316887140274,2.3086238967911132,2.308623866666045,0.878,0.957,0.022799999999999997,0.05699999999999994,0.07899999999999996,0.9869121761708833,0.07368062997280775,-0.042237226002624015,,
F3,Local,8,0.9156,2.196807410241024,2.240739974408366,0.25193057655538587,2.225940122417385,2.225940122417385,0.89,0.932,0.019600000000000017,0.03200000000000003,0.04200000000000004,0.9869121761708833,0.07368062997280775,,-0.08303808948951141,0.1234477134952629
F3,Global,9,0.8994,2.326322555541992,2.3359336853027344,0.10636502504348755,2.357172701388713,2.3571728181203335,0.885,0.914,0.007400000000000006,0.015000000000000013,0.029000000000000026,0.9869121761708833,0.07368062997280775,0.020270264376308765,,
F3,Local,9,0.9188,2.287219200838857,2.2885317186354617,0.1860481164799503,2.317550898716266,2.3175508987162665,0.912,0.924,0.018800000000000018,0.02400000000000002,0.01200000000000001,0.9869121761708833,0.07368062997280775,,0.0007186117476488086,0.10338754898706799
H1,Global,0,0.8888,4.431962013244629,3.788802146911621,3.227428436279297,1.10418809658587,1.1079276532668387,0.868,0.907,0.014800000000000013,0.03200000000000003,0.039000000000000035,4.000226910282935,0.07368062997280775,0.01506959794312408,,
H1,Local,0,0.8924,4.380287793230127,3.6209837535332214,3.0980375893717973,1.1196106498421126,1.0950098310598861,0.859,0.911,0.017600000000000015,0.041000000000000036,0.052000000000000046,4.000226910282935,0.07368062997280775,,-0.010767626032674801,0.285677888460624
H1,Global,1,0.8986,4.334352016448975,3.429098129272461,3.095179557800293,1.1254993077027136,1.1019380185456655,0.889,0.908,0.004600000000000004,0.01100000000000001,0.019000000000000017,3.9333900305658203,0.07368062997280775,0.00895563909990937,,
H1,Local,1,0.896,4.425852368687884,3.272604693884607,3.397853200476431,1.1170594804729157,1.125200484644342,0.882,0.909,0.007600000000000007,0.018000000000000016,0.027000000000000024,3.9333900305658203,0.07368062997280775,,0.05470591385338823,0.31985819360984913
H1,Global,2,0.9058,4.542813301086426,3.5904273986816406,3.2946083545684814,1.177016604355156,1.136671818760412,0.89,0.927,0.013000000000000012,0.027000000000000024,0.03700000000000003,3.9965918272175984,0.07368062997280775,0.011369776135875895,,
H1,Local,2,0.9052,4.657387893817313,4.259819544112046,3.4122045483167325,1.16306056484136,1.1653398933810453,0.88,0.921,0.013200000000000012,0.02100000000000002,0.041000000000000036,3.9965918272175984,0.07368062997280775,,0.06865696557635427,0.26015129498157885
H1,Global,3,0.912,4.444206237792969,3.4047632217407227,3.091887950897217,1.2093540801275364,1.1303176246663265,0.878,0.934,0.024400000000000022,0.03400000000000003,0.05600000000000005,3.931820703145201,0.07368062997280775,0.08192395832875113,,
H1,Local,3,0.9084,4.6504411604992715,4.027819204341446,3.4650615926811574,1.1760180223431382,1.182770403741763,0.895,0.937,0.01080000000000001,0.03700000000000003,0.04200000000000004,3.931820703145201,0.07368062997280775,,0.18504142967474801,0.2658200759097
H1,Global,4,0.8976,4.375174045562744,3.2634286880493164,3.225191831588745,1.1530128308428278,1.1156456955508354,0.873,0.92,0.016800000000000016,0.027000000000000024,0.04700000000000004,3.9216518855500624,0.07368062997280775,0.027718929419819228,,
H1,Local,4,0.897,4.472278465097739,3.581877208990007,3.3695186424590156,1.1423761161902564,1.140406796833892,0.874,0.928,0.014600000000000012,0.028000000000000025,0.05400000000000005,3.9216518855500624,0.07368062997280775,,0.07627125501165473,0.31087272488555967
H1,Global,5,0.9042,4.369417667388916,3.612741470336914,3.0836496353149414,1.1257895094674903,1.1040179039062634,0.889,0.917,0.009800000000000008,0.017000000000000015,0.028000000000000025,3.9577416742327585,0.07368062997280775,0.022080022856793315,,
H1,Local,5,0.9044,4.418564696687746,3.2694845714849827,3.1949507110300868,1.1385225908801888,1.1164358516512631,0.894,0.914,0.006800000000000006,0.014000000000000012,0.020000000000000018,3.9577416742327585,0.07368062997280775,,0.04665359951495512,0.2661882136344726
H1,Global,6,0.899,4.49389123916626,3.451655864715576,3.4095845222473145,1.1528042127558975,1.1489423896855937,0.885,0.918,0.010600000000000009,0.018000000000000016,0.03300000000000003,3.9113286092577764,0.07368062997280775,0.012962795805832948,,
H1,Local,6,0.9004,4.570833691426049,3.6403800734843568,3.464752401478596,1.1565799750718624,1.1686140818256183,0.883,0.918,0.01120000000000001,0.018000000000000016,0.03500000000000003,3.9113286092577764,0.07368062997280775,,0.05143390779553907,0.24735560695359873
H1,Global,7,0.9032,4.3275041580200195,3.760354995727539,2.936821460723877,1.1642907209653708,1.09177869109755,0.882,0.939,0.018799999999999994,0.038999999999999924,0.05699999999999994,3.9637191981367943,0.07368062997280775,0.024606078878746,,
H1,Local,7,0.8996,4.5689735618784875,3.546314747982559,3.4490692364493563,1.1405582834383556,1.1526985978285753,0.876,0.922,0.012400000000000012,0.02400000000000002,0.04600000000000004,3.9637191981367943,0.07368062997280775,,0.145340764168829,0.40227275052578343
H1,Global,8,0.902,4.527174472808838,3.413602352142334,3.5176706314086914,1.1248575211090615,1.1482677412445867,0.885,0.917,0.009600000000000008,0.017000000000000015,0.03200000000000003,3.9426122586200276,0.07368062997280775,-0.016632844333549477,,
H1,Local,8,0.8988,4.368408107859451,3.1508385489903636,3.303950236288858,1.1243569769687842,1.1079984084938796,0.884,0.909,0.008400000000000008,0.016000000000000014,0.025000000000000022,3.9426122586200276,0.07368062997280775,,-0.09601603069277705,0.2520989929312052
H1,Global,9,0.9172,4.515028476715088,3.5220847129821777,3.2496817111968994,1.1701174081214964,1.136114171212411,0.882,0.93,0.024400000000000022,0.030000000000000027,0.04800000000000004,3.974097490480951,0.07368062997280775,0.07781370770363441,,
H1,Local,9,0.9208,4.839409478441343,3.8317131047810635,3.8608904048289867,1.1927737642788918,1.2177379870607228,0.908,0.927,0.02080000000000002,0.027000000000000024,0.019000000000000017,3.974097490480951,0.07368062997280775,,0.24000414058738215,0.41338092909788726
H2,Global,0,0.8894,4.358846187591553,3.8960771560668945,2.975834846496582,1.1197636056606006,1.089649733715544,0.863,0.907,0.013400000000000013,0.03700000000000003,0.04400000000000004,4.000226910282935,0.07368062997280775,0.052762445611849125,,
H2,Local,0,0.8942,4.444249896265373,3.6651820055350934,3.1510476256949205,1.1384469598554883,1.1109994497664715,0.871,0.922,0.018600000000000016,0.029000000000000026,0.051000000000000045,4.000226910282935,0.07368062997280775,,0.09546429677744946,0.29584146394240873
H2,Global,1,0.9042,4.334611892700195,3.57171630859375,2.91188383102417,1.1841097600943087,1.1020040878266677,0.89,0.925,0.01020000000000001,0.025000000000000022,0.03500000000000003,3.9333900305658203,0.07368062997280775,0.06584617313319101,,
H2,Local,1,0.889,4.365129139373562,3.4865123197885453,3.2080908552381486,1.1400440902762525,1.1097625980268313,0.876,0.9,0.01100000000000001,0.02400000000000002,0.02400000000000002,3.9333900305658203,0.07368062997280775,,0.08110500819781721,0.3276559416897724
H2,Global,2,0.9028,4.543056964874268,3.6609678268432617,3.3172178268432617,1.1583697482477249,1.136732786654652,0.883,0.913,0.009600000000000008,0.017000000000000015,0.030000000000000027,3.9965918272175984,0.07368062997280775,-0.016563914294266038,,
H2,Local,2,0.905,4.640816910470914,4.314576680629207,3.294094819110502,1.1802796541634386,1.1611936147359387,0.883,0.917,0.013400000000000013,0.017000000000000015,0.03400000000000003,3.9965918272175984,0.07368062997280775,,0.03231609968314123,0.2655774837337367
H2,Global,3,0.9102,4.4435954093933105,3.510361671447754,2.8512609004974365,1.2632898411200084,1.1301622695660367,0.883,0.934,0.023800000000000023,0.03400000000000003,0.051000000000000045,3.931820703145201,0.07368062997280775,0.03386277040277996,,
H2,Local,3,0.9088,4.605687911023853,3.9040890111859436,3.333825944722157,1.1924679094797852,1.1713880816944686,0.904,0.919,0.008800000000000007,0.019000000000000017,0.015000000000000013,3.931820703145201,0.07368062997280775,,0.11490896544251657,0.3277227872497631
H2,Global,4,0.8982,4.471150875091553,3.5365660190582275,3.206697940826416,1.2019207194899921,1.1401192674867968,0.865,0.927,0.017000000000000015,0.03500000000000003,0.062000000000000055,3.9216518855500624,0.07368062997280775,0.01756745703658118,,
H2,Local,4,0.895,4.47323340310489,3.672498080021043,3.1947818847970884,1.178665409725122,1.1406503008559266,0.879,0.916,0.01180000000000001,0.02100000000000002,0.03700000000000003,3.9216518855500624,0.07368062997280775,,0.01860876234191101,0.2901707651768392
H2,Global,5,0.9076,4.386547088623047,3.519319772720337,3.0681118965148926,1.1456525746954542,1.108345983564836,0.899,0.92,0.008000000000000007,0.020000000000000018,0.02100000000000002,3.9577416742327585,0.07368062997280775,0.018297321895361447,,
H2,Local,5,0.9032,4.388167097603982,3.6388528399512,3.036311410047712,1.1506143978672196,1.1087553101743723,0.885,0.917,0.010000000000000009,0.017000000000000015,0.03200000000000003,3.9577416742327585,0.07368062997280775,,0.019107102988141177,0.23091669688779817
H2,Global,6,0.9054,4.480128765106201,3.762064218521118,3.1670022010803223,1.2102853421757953,1.1454237709667565,0.896,0.927,0.008200000000000008,0.027000000000000024,0.031000000000000028,3.9113286092577764,0.07368062997280775,0.052109407096947384,,
H2,Local,6,0.9062,4.581503270157415,3.90797533069986,3.31109784643559,1.1966899574563867,1.1713419474174054,0.887,0.93,0.01180000000000001,0.030000000000000027,0.04300000000000004,3.9113286092577764,0.07368062997280775,,0.1027966762363855,0.25276048501886
H2,Global,7,0.9038,4.31848669052124,3.9048502445220947,2.8525185585021973,1.175615848486095,1.0895036895023265,0.884,0.927,0.01180000000000001,0.027000000000000024,0.04300000000000004,3.9637191981367943,0.07368062997280775,0.058489378091288895,,
H2,Local,7,0.8992,4.432312868628628,3.7530920075241716,3.1432772020140427,1.1545535626811574,1.1182207030992768,0.887,0.914,0.008400000000000008,0.014000000000000012,0.027000000000000024,3.9637191981367943,0.07368062997280775,,0.11540233692860957,0.2916743694098072
H2,Global,8,0.9034,4.5742106437683105,3.780604839324951,3.332489490509033,1.161860441692966,1.1601979458587064,0.869,0.924,0.015800000000000015,0.031000000000000028,0.05500000000000005,3.9426122586200276,0.07368062997280775,-0.012713215005420338,,
H2,Local,8,0.9036,4.404124616631508,3.1785860979402867,3.220650016233687,1.1565239399628164,1.1170575059727066,0.897,0.908,0.004800000000000004,0.008000000000000007,0.01100000000000001,3.9426122586200276,0.07368062997280775,,-0.09775636682528238,0.2209315551648644
H2,Global,9,0.9216,4.586796760559082,3.842927932739258,3.0925183296203613,1.2403834117803707,1.154173185621569,0.893,0.942,0.024399999999999998,0.041999999999999926,0.04899999999999993,3.974097490480951,0.07368062997280775,0.06285318656959209,,
H2,Local,9,0.9176,4.675479608939567,3.884576454540675,3.4134774392891782,1.2218179676197856,1.1764884027476976,0.904,0.936,0.017600000000000015,0.03600000000000003,0.03200000000000003,3.974097490480951,0.07368062997280775,,0.10719469613413264,0.37539223644804004
